true_defect,defect_img_path,defect_image_name,img_shape,board,comp_id,comp_type,date
notdefect,/Users/zhangjiawei/Code/Micro-specialization/NVIDIA_CV_Inspection/data/AOI_DL_data_1020/0424018036951/D1_C39.jpg,D1_C39.jpg,"(131, 54, 3)",0424018036951,C39,C,1020
notdefect,/Users/zhangjiawei/Code/Micro-specialization/NVIDIA_CV_Inspection/data/AOI_DL_data_1020/0424018036761/D1_C48.jpg,D1_C48.jpg,"(141, 254, 3)",0424018036761,C48,C,1020
defect,/Users/zhangjiawei/Code/Micro-specialization/NVIDIA_CV_Inspection/data/AOI_DL_data_1020/0423918006716/D1_C126.jpg,D1_C126.jpg,"(22, 57, 3)",0423918006716,C126,C,1020
notdefect,/Users/zhangjiawei/Code/Micro-specialization/NVIDIA_CV_Inspection/data/AOI_DL_data_1020/0423918006716/D1_C1087.jpg,D1_C1087.jpg,"(81, 37, 3)",0423918006716,C1087,C,1020
notdefect,/Users/zhangjiawei/Code/Micro-specialization/NVIDIA_CV_Inspection/data/AOI_DL_data_1020/0424018036792/D1_C39.jpg,D1_C39.jpg,"(131, 53, 3)",0424018036792,C39,C,1020
notdefect,/Users/zhangjiawei/Code/Micro-specialization/NVIDIA_CV_Inspection/data/AOI_DL_data_1020/0424018036759/D1_C533.jpg,D1_C533.jpg,"(407, 309, 3)",0424018036759,C533,C,1020
notdefect,/Users/zhangjiawei/Code/Micro-specialization/NVIDIA_CV_Inspection/data/AOI_DL_data_1020/0424018037020/D0_C208.jpg,D0_C208.jpg,"(130, 53, 3)",0424018037020,C208,C,1020
defect,/Users/zhangjiawei/Code/Micro-specialization/NVIDIA_CV_Inspection/data/AOI_DL_data_1020/0423718044596/D0_C10.jpg,D0_C10.jpg,"(102, 209, 3)",0423718044596,C10,C,1020
notdefect,/Users/zhangjiawei/Code/Micro-specialization/NVIDIA_CV_Inspection/data/AOI_DL_data_1020/0424018036769/D1_C531.jpg,D1_C531.jpg,"(407, 309, 3)",0424018036769,C531,C,1020
notdefect,/Users/zhangjiawei/Code/Micro-specialization/NVIDIA_CV_Inspection/data/AOI_DL_data_1020/0424018036903/D0_C32.jpg,D0_C32.jpg,"(131, 53, 3)",0424018036903,C32,C,1020
notdefect,/Users/zhangjiawei/Code/Micro-specialization/NVIDIA_CV_Inspection/data/AOI_DL_data_1020/0424018036794/D1_C42.jpg,D1_C42.jpg,"(131, 54, 3)",0424018036794,C42,C,1020
notdefect,/Users/zhangjiawei/Code/Micro-specialization/NVIDIA_CV_Inspection/data/AOI_DL_data_1020/0424218055796/D1_C208.jpg,D1_C208.jpg,"(131, 53, 3)",0424218055796,C208,C,1020
notdefect,/Users/zhangjiawei/Code/Micro-specialization/NVIDIA_CV_Inspection/data/AOI_DL_data_1020/0424218055796/D1_C209.jpg,D1_C209.jpg,"(130, 53, 3)",0424218055796,C209,C,1020
defect,/Users/zhangjiawei/Code/Micro-specialization/NVIDIA_CV_Inspection/data/AOI_DL_data_1020/0424218055796/D1_C125.jpg,D1_C125.jpg,"(84, 33, 3)",0424218055796,C125,C,1020
notdefect,/Users/zhangjiawei/Code/Micro-specialization/NVIDIA_CV_Inspection/data/AOI_DL_data_1020/0424018036885/D0_C42.jpg,D0_C42.jpg,"(130, 54, 3)",0424018036885,C42,C,1020
notdefect,/Users/zhangjiawei/Code/Micro-specialization/NVIDIA_CV_Inspection/data/AOI_DL_data_1020/0424018036825/D0_C530.jpg,D0_C530.jpg,"(310, 408, 3)",0424018036825,C530,C,1020
notdefect,/Users/zhangjiawei/Code/Micro-specialization/NVIDIA_CV_Inspection/data/AOI_DL_data_1020/0424018036813/D0_C35.jpg,D0_C35.jpg,"(130, 54, 3)",0424018036813,C35,C,1020
defect,/Users/zhangjiawei/Code/Micro-specialization/NVIDIA_CV_Inspection/data/AOI_DL_data_1020/0424218055336/D0_C109.jpg,D0_C109.jpg,"(83, 34, 3)",0424218055336,C109,C,1020
notdefect,/Users/zhangjiawei/Code/Micro-specialization/NVIDIA_CV_Inspection/data/AOI_DL_data_1020/0424218055336/D0_C1090.jpg,D0_C1090.jpg,"(79, 37, 3)",0424218055336,C1090,C,1020
notdefect,/Users/zhangjiawei/Code/Micro-specialization/NVIDIA_CV_Inspection/data/AOI_DL_data_1020/0424018036806/D1_C42.jpg,D1_C42.jpg,"(130, 54, 3)",0424018036806,C42,C,1020
notdefect,/Users/zhangjiawei/Code/Micro-specialization/NVIDIA_CV_Inspection/data/AOI_DL_data_1020/0424018036864/D1_C206.jpg,D1_C206.jpg,"(54, 131, 3)",0424018036864,C206,C,1020
notdefect,/Users/zhangjiawei/Code/Micro-specialization/NVIDIA_CV_Inspection/data/AOI_DL_data_1020/0424018036852/D1_C39.jpg,D1_C39.jpg,"(131, 53, 3)",0424018036852,C39,C,1020
notdefect,/Users/zhangjiawei/Code/Micro-specialization/NVIDIA_CV_Inspection/data/AOI_DL_data_1020/0424018036809/D0_C32.jpg,D0_C32.jpg,"(131, 53, 3)",0424018036809,C32,C,1020
notdefect,/Users/zhangjiawei/Code/Micro-specialization/NVIDIA_CV_Inspection/data/AOI_DL_data_1020/0424018036838/D1_C42.jpg,D1_C42.jpg,"(131, 54, 3)",0424018036838,C42,C,1020
notdefect,/Users/zhangjiawei/Code/Micro-specialization/NVIDIA_CV_Inspection/data/AOI_DL_data_1020/0424018036789/D0_C531.jpg,D0_C531.jpg,"(407, 309, 3)",0424018036789,C531,C,1020
notdefect,/Users/zhangjiawei/Code/Micro-specialization/NVIDIA_CV_Inspection/data/AOI_DL_data_1020/0424018036753/D1_C42.jpg,D1_C42.jpg,"(131, 54, 3)",0424018036753,C42,C,1020
notdefect,/Users/zhangjiawei/Code/Micro-specialization/NVIDIA_CV_Inspection/data/AOI_DL_data_1020/0424018036888/D1_C42.jpg,D1_C42.jpg,"(130, 53, 3)",0424018036888,C42,C,1020
notdefect,/Users/zhangjiawei/Code/Micro-specialization/NVIDIA_CV_Inspection/data/AOI_DL_data_1020/0424018036886/D1_C32.jpg,D1_C32.jpg,"(130, 54, 3)",0424018036886,C32,C,1020
notdefect,/Users/zhangjiawei/Code/Micro-specialization/NVIDIA_CV_Inspection/data/AOI_DL_data_1020/0424018036875/D1_C46.jpg,D1_C46.jpg,"(131, 54, 3)",0424018036875,C46,C,1020
notdefect,/Users/zhangjiawei/Code/Micro-specialization/NVIDIA_CV_Inspection/data/AOI_DL_data_1020/0424018036818/D1_C46.jpg,D1_C46.jpg,"(130, 53, 3)",0424018036818,C46,C,1020
notdefect,/Users/zhangjiawei/Code/Micro-specialization/NVIDIA_CV_Inspection/data/AOI_DL_data_1020/0424018036827/D0_C39.jpg,D0_C39.jpg,"(131, 54, 3)",0424018036827,C39,C,1020
notdefect,/Users/zhangjiawei/Code/Micro-specialization/NVIDIA_CV_Inspection/data/AOI_DL_data_1020/0424018036880/D0_C125.jpg,D0_C125.jpg,"(84, 33, 3)",0424018036880,C125,C,1020
notdefect,/Users/zhangjiawei/Code/Micro-specialization/NVIDIA_CV_Inspection/data/AOI_DL_data_1020/0424018036858/D1_C533.jpg,D1_C533.jpg,"(408, 309, 3)",0424018036858,C533,C,1020
notdefect,/Users/zhangjiawei/Code/Micro-specialization/NVIDIA_CV_Inspection/data/AOI_DL_data_1020/0424018036858/D1_C531.jpg,D1_C531.jpg,"(408, 309, 3)",0424018036858,C531,C,1020
notdefect,/Users/zhangjiawei/Code/Micro-specialization/NVIDIA_CV_Inspection/data/AOI_DL_data_1020/0424018036893/D0_C39.jpg,D0_C39.jpg,"(131, 54, 3)",0424018036893,C39,C,1020
defect,/Users/zhangjiawei/Code/Micro-specialization/NVIDIA_CV_Inspection/data/AOI_DL_data_1020/0424218056363/D1_C1207.jpg,D1_C1207.jpg,"(83, 33, 3)",0424218056363,C1207,C,1020
notdefect,/Users/zhangjiawei/Code/Micro-specialization/NVIDIA_CV_Inspection/data/AOI_DL_data_1020/0424018036834/D1_C46.jpg,D1_C46.jpg,"(131, 54, 3)",0424018036834,C46,C,1020
notdefect,/Users/zhangjiawei/Code/Micro-specialization/NVIDIA_CV_Inspection/data/AOI_DL_data_1020/0424018036834/D1_C206.jpg,D1_C206.jpg,"(53, 131, 3)",0424018036834,C206,C,1020
notdefect,/Users/zhangjiawei/Code/Micro-specialization/NVIDIA_CV_Inspection/data/AOI_DL_data_1020/0424018036859/D0_C532.jpg,D0_C532.jpg,"(408, 309, 3)",0424018036859,C532,C,1020
notdefect,/Users/zhangjiawei/Code/Micro-specialization/NVIDIA_CV_Inspection/data/AOI_DL_data_1020/0424018036859/D0_C202.jpg,D0_C202.jpg,"(54, 131, 3)",0424018036859,C202,C,1020
notdefect,/Users/zhangjiawei/Code/Micro-specialization/NVIDIA_CV_Inspection/data/AOI_DL_data_1020/0424018036693/D1_C35.jpg,D1_C35.jpg,"(131, 54, 3)",0424018036693,C35,C,1020
notdefect,/Users/zhangjiawei/Code/Micro-specialization/NVIDIA_CV_Inspection/data/AOI_DL_data_1020/0424018036656/D1_C208.jpg,D1_C208.jpg,"(131, 53, 3)",0424018036656,C208,C,1020
notdefect,/Users/zhangjiawei/Code/Micro-specialization/NVIDIA_CV_Inspection/data/AOI_DL_data_1020/0424018036656/D1_C1085.jpg,D1_C1085.jpg,"(54, 130, 3)",0424018036656,C1085,C,1020
notdefect,/Users/zhangjiawei/Code/Micro-specialization/NVIDIA_CV_Inspection/data/AOI_DL_data_1020/0424018037038/D1_C532.jpg,D1_C532.jpg,"(407, 310, 3)",0424018037038,C532,C,1020
notdefect,/Users/zhangjiawei/Code/Micro-specialization/NVIDIA_CV_Inspection/data/AOI_DL_data_1020/0424018036748/D0_C35.jpg,D0_C35.jpg,"(131, 53, 3)",0424018036748,C35,C,1020
notdefect,/Users/zhangjiawei/Code/Micro-specialization/NVIDIA_CV_Inspection/data/AOI_DL_data_1027/0424018037335/D1_C532.jpg,D1_C532.jpg,"(407, 310, 3)",0424018037335,C532,C,1027
defect,/Users/zhangjiawei/Code/Micro-specialization/NVIDIA_CV_Inspection/data/AOI_DL_data_1027/0424218056803/D0_C135.jpg,D0_C135.jpg,"(85, 33, 3)",0424218056803,C135,C,1027
defect,/Users/zhangjiawei/Code/Micro-specialization/NVIDIA_CV_Inspection/data/AOI_DL_data_1027/0424018035389/D1_C4.jpg,D1_C4.jpg,"(101, 209, 3)",0424018035389,C4,C,1027
notdefect,/Users/zhangjiawei/Code/Micro-specialization/NVIDIA_CV_Inspection/data/AOI_DL_data_1027/0424018037325/D0_C533.jpg,D0_C533.jpg,"(407, 309, 3)",0424018037325,C533,C,1027
notdefect,/Users/zhangjiawei/Code/Micro-specialization/NVIDIA_CV_Inspection/data/AOI_DL_data_1125/0424618028948/D2_C830.jpg,D2_C830.jpg,"(82, 204, 3)",0424618028948,C830,C,1125
notdefect,/Users/zhangjiawei/Code/Micro-specialization/NVIDIA_CV_Inspection/data/AOI_DL_data_1125/0424618028948/D1_C830.jpg,D1_C830.jpg,"(82, 204, 3)",0424618028948,C830,C,1125
notdefect,/Users/zhangjiawei/Code/Micro-specialization/NVIDIA_CV_Inspection/data/AOI_DL_data_1125/0424618028713/D0_C830.jpg,D0_C830.jpg,"(82, 204, 3)",0424618028713,C830,C,1125
notdefect,/Users/zhangjiawei/Code/Micro-specialization/NVIDIA_CV_Inspection/data/AOI_DL_data_1125/0424618029008/D1_C530.jpg,D1_C530.jpg,"(310, 407, 3)",0424618029008,C530,C,1125
notdefect,/Users/zhangjiawei/Code/Micro-specialization/NVIDIA_CV_Inspection/data/AOI_DL_data_1125/0424618029008/D2_C530.jpg,D2_C530.jpg,"(310, 407, 3)",0424618029008,C530,C,1125
defect,/Users/zhangjiawei/Code/Micro-specialization/NVIDIA_CV_Inspection/data/AOI_DL_data_1125/0424718024639/D0_C201.jpg,D0_C201.jpg,"(57, 120, 3)",0424718024639,C201,C,1125
notdefect,/Users/zhangjiawei/Code/Micro-specialization/NVIDIA_CV_Inspection/data/AOI_DL_data_1125/0424618028693/D0_C830.jpg,D0_C830.jpg,"(82, 204, 3)",0424618028693,C830,C,1125
defect,/Users/zhangjiawei/Code/Micro-specialization/NVIDIA_CV_Inspection/data/AOI_DL_data_1125/0424718004344/D1_C97.jpg,D1_C97.jpg,"(51, 130, 3)",0424718004344,C97,C,1125
defect,/Users/zhangjiawei/Code/Micro-specialization/NVIDIA_CV_Inspection/data/AOI_DL_data_1125/0424718004344/D2_C97.jpg,D2_C97.jpg,"(51, 130, 3)",0424718004344,C97,C,1125
notdefect,/Users/zhangjiawei/Code/Micro-specialization/NVIDIA_CV_Inspection/data/AOI_DL_data_1125/0424618012511/D2_C202.jpg,D2_C202.jpg,"(53, 130, 3)",0424618012511,C202,C,1125
notdefect,/Users/zhangjiawei/Code/Micro-specialization/NVIDIA_CV_Inspection/data/AOI_DL_data_1125/0424618028619/D0_C830.jpg,D0_C830.jpg,"(82, 204, 3)",0424618028619,C830,C,1125
notdefect,/Users/zhangjiawei/Code/Micro-specialization/NVIDIA_CV_Inspection/data/AOI_DL_data_1125/0424618028874/D0_C830.jpg,D0_C830.jpg,"(82, 204, 3)",0424618028874,C830,C,1125
defect,/Users/zhangjiawei/Code/Micro-specialization/NVIDIA_CV_Inspection/data/AOI_DL_data_1125/0424718024418/D1_C96.jpg,D1_C96.jpg,"(130, 51, 3)",0424718024418,C96,C,1125
defect,/Users/zhangjiawei/Code/Micro-specialization/NVIDIA_CV_Inspection/data/AOI_DL_data_1125/0424718024418/D2_C96.jpg,D2_C96.jpg,"(130, 51, 3)",0424718024418,C96,C,1125
notdefect,/Users/zhangjiawei/Code/Micro-specialization/NVIDIA_CV_Inspection/data/AOI_DL_data_1125/0423418013948/D1_C1090.jpg,D1_C1090.jpg,"(54, 27, 3)",0423418013948,C1090,C,1125
notdefect,/Users/zhangjiawei/Code/Micro-specialization/NVIDIA_CV_Inspection/data/AOI_DL_data_1125/0424618028797/D2_C846.jpg,D2_C846.jpg,"(204, 81, 3)",0424618028797,C846,C,1125
notdefect,/Users/zhangjiawei/Code/Micro-specialization/NVIDIA_CV_Inspection/data/AOI_DL_data_1125/0424618028797/D1_C846.jpg,D1_C846.jpg,"(204, 82, 3)",0424618028797,C846,C,1125
notdefect,/Users/zhangjiawei/Code/Micro-specialization/NVIDIA_CV_Inspection/data/AOI_DL_data_1125/0424618028706/D2_C830.jpg,D2_C830.jpg,"(81, 205, 3)",0424618028706,C830,C,1125
notdefect,/Users/zhangjiawei/Code/Micro-specialization/NVIDIA_CV_Inspection/data/AOI_DL_data_1125/0424618028706/D1_C830.jpg,D1_C830.jpg,"(81, 205, 3)",0424618028706,C830,C,1125
notdefect,/Users/zhangjiawei/Code/Micro-specialization/NVIDIA_CV_Inspection/data/AOI_DL_data_1125/0424618028962/D2_C517.jpg,D2_C517.jpg,"(387, 171, 3)",0424618028962,C517,C,1125
notdefect,/Users/zhangjiawei/Code/Micro-specialization/NVIDIA_CV_Inspection/data/AOI_DL_data_1125/0424618028962/D1_C517.jpg,D1_C517.jpg,"(387, 171, 3)",0424618028962,C517,C,1125
notdefect,/Users/zhangjiawei/Code/Micro-specialization/NVIDIA_CV_Inspection/data/AOI_DL_data_1125/0424618028730/D2_C517.jpg,D2_C517.jpg,"(387, 172, 3)",0424618028730,C517,C,1125
notdefect,/Users/zhangjiawei/Code/Micro-specialization/NVIDIA_CV_Inspection/data/AOI_DL_data_1125/0424618028730/D1_C517.jpg,D1_C517.jpg,"(387, 172, 3)",0424618028730,C517,C,1125
notdefect,/Users/zhangjiawei/Code/Micro-specialization/NVIDIA_CV_Inspection/data/AOI_DL_data_1125/0424618031487/D2_C830.jpg,D2_C830.jpg,"(82, 204, 3)",0424618031487,C830,C,1125
notdefect,/Users/zhangjiawei/Code/Micro-specialization/NVIDIA_CV_Inspection/data/AOI_DL_data_1125/0424618031487/D1_C830.jpg,D1_C830.jpg,"(82, 204, 3)",0424618031487,C830,C,1125
notdefect,/Users/zhangjiawei/Code/Micro-specialization/NVIDIA_CV_Inspection/data/AOI_DL_data_1125/0424618028754/D1_C810.jpg,D1_C810.jpg,"(204, 81, 3)",0424618028754,C810,C,1125
notdefect,/Users/zhangjiawei/Code/Micro-specialization/NVIDIA_CV_Inspection/data/AOI_DL_data_1125/0424618028754/D2_C810.jpg,D2_C810.jpg,"(204, 81, 3)",0424618028754,C810,C,1125
notdefect,/Users/zhangjiawei/Code/Micro-specialization/NVIDIA_CV_Inspection/data/AOI_DL_data_1125/0424718110538/D1_C209.jpg,D1_C209.jpg,"(130, 53, 3)",0424718110538,C209,C,1125
defect,/Users/zhangjiawei/Code/Micro-specialization/NVIDIA_CV_Inspection/data/AOI_DL_data_1125/0424718110538/D2_C514.jpg,D2_C514.jpg,"(51, 130, 3)",0424718110538,C514,C,1125
defect,/Users/zhangjiawei/Code/Micro-specialization/NVIDIA_CV_Inspection/data/AOI_DL_data_1125/0424718110538/D1_C514.jpg,D1_C514.jpg,"(51, 130, 3)",0424718110538,C514,C,1125
notdefect,/Users/zhangjiawei/Code/Micro-specialization/NVIDIA_CV_Inspection/data/AOI_DL_data_1125/0424718110538/D2_C209.jpg,D2_C209.jpg,"(130, 53, 3)",0424718110538,C209,C,1125
defect,/Users/zhangjiawei/Code/Micro-specialization/NVIDIA_CV_Inspection/data/AOI_DL_data_1125/0424718003091/D2_C215.jpg,D2_C215.jpg,"(57, 119, 3)",0424718003091,C215,C,1125
defect,/Users/zhangjiawei/Code/Micro-specialization/NVIDIA_CV_Inspection/data/AOI_DL_data_1125/0424718003091/D1_C215.jpg,D1_C215.jpg,"(57, 119, 3)",0424718003091,C215,C,1125
defect,/Users/zhangjiawei/Code/Micro-specialization/NVIDIA_CV_Inspection/data/AOI_DL_data_1125/0424718027240/D2_C107.jpg,D2_C107.jpg,"(83, 32, 3)",0424718027240,C107,C,1125
defect,/Users/zhangjiawei/Code/Micro-specialization/NVIDIA_CV_Inspection/data/AOI_DL_data_1125/0424718027240/D1_C107.jpg,D1_C107.jpg,"(83, 32, 3)",0424718027240,C107,C,1125
defect,/Users/zhangjiawei/Code/Micro-specialization/NVIDIA_CV_Inspection/data/AOI_DL_data_1125/0424718024603/D0_C48.jpg,D0_C48.jpg,"(140, 254, 3)",0424718024603,C48,C,1125
notdefect,/Users/zhangjiawei/Code/Micro-specialization/NVIDIA_CV_Inspection/data/AOI_DL_data_1125/0424618028540/D0_C210.jpg,D0_C210.jpg,"(58, 120, 3)",0424618028540,C210,C,1125
notdefect,/Users/zhangjiawei/Code/Micro-specialization/NVIDIA_CV_Inspection/data/AOI_DL_data_1125/0424618028772/D0_C531.jpg,D0_C531.jpg,"(407, 309, 3)",0424618028772,C531,C,1125
notdefect,/Users/zhangjiawei/Code/Micro-specialization/NVIDIA_CV_Inspection/data/AOI_DL_data_1125/0423418013966/D1_C1090.jpg,D1_C1090.jpg,"(53, 27, 3)",0423418013966,C1090,C,1125
notdefect,/Users/zhangjiawei/Code/Micro-specialization/NVIDIA_CV_Inspection/data/AOI_DL_data_1125/0424618028179/D2_C517.jpg,D2_C517.jpg,"(387, 171, 3)",0424618028179,C517,C,1125
notdefect,/Users/zhangjiawei/Code/Micro-specialization/NVIDIA_CV_Inspection/data/AOI_DL_data_1125/0424618028179/D1_C517.jpg,D1_C517.jpg,"(387, 171, 3)",0424618028179,C517,C,1125
notdefect,/Users/zhangjiawei/Code/Micro-specialization/NVIDIA_CV_Inspection/data/AOI_DL_data_1125/0424618028728/D2_C105.jpg,D2_C105.jpg,"(83, 35, 3)",0424618028728,C105,C,1125
notdefect,/Users/zhangjiawei/Code/Micro-specialization/NVIDIA_CV_Inspection/data/AOI_DL_data_1125/0424618028728/D1_C105.jpg,D1_C105.jpg,"(83, 35, 3)",0424618028728,C105,C,1125
notdefect,/Users/zhangjiawei/Code/Micro-specialization/NVIDIA_CV_Inspection/data/AOI_DL_data_1125/0424618028546/D0_C830.jpg,D0_C830.jpg,"(82, 205, 3)",0424618028546,C830,C,1125
notdefect,/Users/zhangjiawei/Code/Micro-specialization/NVIDIA_CV_Inspection/data/AOI_DL_data_1125/0424618028910/D1_C144.jpg,D1_C144.jpg,"(83, 34, 3)",0424618028910,C144,C,1125
notdefect,/Users/zhangjiawei/Code/Micro-specialization/NVIDIA_CV_Inspection/data/AOI_DL_data_1125/0424618028910/D2_C144.jpg,D2_C144.jpg,"(83, 34, 3)",0424618028910,C144,C,1125
notdefect,/Users/zhangjiawei/Code/Micro-specialization/NVIDIA_CV_Inspection/data/AOI_DL_data_1125/0424618028691/D2_C830.jpg,D2_C830.jpg,"(82, 204, 3)",0424618028691,C830,C,1125
notdefect,/Users/zhangjiawei/Code/Micro-specialization/NVIDIA_CV_Inspection/data/AOI_DL_data_1125/0424618028691/D1_C830.jpg,D1_C830.jpg,"(82, 204, 3)",0424618028691,C830,C,1125
notdefect,/Users/zhangjiawei/Code/Micro-specialization/NVIDIA_CV_Inspection/data/AOI_DL_data_1125/0424618028698/D1_C530.jpg,D1_C530.jpg,"(310, 408, 3)",0424618028698,C530,C,1125
notdefect,/Users/zhangjiawei/Code/Micro-specialization/NVIDIA_CV_Inspection/data/AOI_DL_data_1125/0424618028698/D2_C530.jpg,D2_C530.jpg,"(310, 408, 3)",0424618028698,C530,C,1125
notdefect,/Users/zhangjiawei/Code/Micro-specialization/NVIDIA_CV_Inspection/data/AOI_DL_data_1125/0424618028538/D0_C109.jpg,D0_C109.jpg,"(83, 34, 3)",0424618028538,C109,C,1125
notdefect,/Users/zhangjiawei/Code/Micro-specialization/NVIDIA_CV_Inspection/data/AOI_DL_data_1125/0424618028761/D0_C517.jpg,D0_C517.jpg,"(387, 171, 3)",0424618028761,C517,C,1125
defect,/Users/zhangjiawei/Code/Micro-specialization/NVIDIA_CV_Inspection/data/AOI_DL_data_1209/0424918056676/D2_C514.jpg,D2_C514.jpg,"(51, 130, 3)",0424918056676,C514,C,1209
defect,/Users/zhangjiawei/Code/Micro-specialization/NVIDIA_CV_Inspection/data/AOI_DL_data_1209/0424918056676/D1_C514.jpg,D1_C514.jpg,"(51, 130, 3)",0424918056676,C514,C,1209
defect,/Users/zhangjiawei/Code/Micro-specialization/NVIDIA_CV_Inspection/data/AOI_DL_data_1209/0424918058112/D0_C7.jpg,D0_C7.jpg,"(209, 101, 3)",0424918058112,C7,C,1209
notdefect,/Users/zhangjiawei/Code/Micro-specialization/NVIDIA_CV_Inspection/data/AOI_DL_data_1209/0424918056392/D1_C209.jpg,D1_C209.jpg,"(130, 53, 3)",0424918056392,C209,C,1209
notdefect,/Users/zhangjiawei/Code/Micro-specialization/NVIDIA_CV_Inspection/data/AOI_DL_data_1209/0424918055520/D2_C209.jpg,D2_C209.jpg,"(130, 53, 3)",0424918055520,C209,C,1209
notdefect,/Users/zhangjiawei/Code/Micro-specialization/NVIDIA_CV_Inspection/data/AOI_DL_data_1209/0424918054868/D1_C209.jpg,D1_C209.jpg,"(130, 53, 3)",0424918054868,C209,C,1209
notdefect,/Users/zhangjiawei/Code/Micro-specialization/NVIDIA_CV_Inspection/data/AOI_DL_data_1209/0424918054868/D2_C209.jpg,D2_C209.jpg,"(130, 53, 3)",0424918054868,C209,C,1209
defect,/Users/zhangjiawei/Code/Micro-specialization/NVIDIA_CV_Inspection/data/AOI_DL_data_1209/0424918058639/D2_C35.jpg,D2_C35.jpg,"(131, 54, 3)",0424918058639,C35,C,1209
defect,/Users/zhangjiawei/Code/Micro-specialization/NVIDIA_CV_Inspection/data/AOI_DL_data_1209/0424918058639/D1_C35.jpg,D1_C35.jpg,"(131, 54, 3)",0424918058639,C35,C,1209
defect,/Users/zhangjiawei/Code/Micro-specialization/NVIDIA_CV_Inspection/data/AOI_DL_data_1209/0424918057647/D2_C215.jpg,D2_C215.jpg,"(58, 119, 3)",0424918057647,C215,C,1209
defect,/Users/zhangjiawei/Code/Micro-specialization/NVIDIA_CV_Inspection/data/AOI_DL_data_1209/0424918057647/D1_C215.jpg,D1_C215.jpg,"(58, 119, 3)",0424918057647,C215,C,1209
notdefect,/Users/zhangjiawei/Code/Micro-specialization/NVIDIA_CV_Inspection/data/AOI_DL_data_1209/0424918057653/D2_C32.jpg,D2_C32.jpg,"(131, 54, 3)",0424918057653,C32,C,1209
defect,/Users/zhangjiawei/Code/Micro-specialization/NVIDIA_CV_Inspection/data/AOI_DL_data_1209/0424918057653/D2_C204.jpg,D2_C204.jpg,"(58, 120, 3)",0424918057653,C204,C,1209
notdefect,/Users/zhangjiawei/Code/Micro-specialization/NVIDIA_CV_Inspection/data/AOI_DL_data_1209/0424918057653/D1_C32.jpg,D1_C32.jpg,"(131, 54, 3)",0424918057653,C32,C,1209
defect,/Users/zhangjiawei/Code/Micro-specialization/NVIDIA_CV_Inspection/data/AOI_DL_data_1209/0424918057653/D1_C204.jpg,D1_C204.jpg,"(58, 120, 3)",0424918057653,C204,C,1209
defect,/Users/zhangjiawei/Code/Micro-specialization/NVIDIA_CV_Inspection/data/AOI_DL_data_1209/0424918057652/D0_C219.jpg,D0_C219.jpg,"(58, 119, 3)",0424918057652,C219,C,1209
notdefect,/Users/zhangjiawei/Code/Micro-specialization/NVIDIA_CV_Inspection/data/AOI_DL_data_1209/0424918054889/D2_C209.jpg,D2_C209.jpg,"(130, 53, 3)",0424918054889,C209,C,1209
notdefect,/Users/zhangjiawei/Code/Micro-specialization/NVIDIA_CV_Inspection/data/AOI_DL_data_1209/0424918056344/D1_C209.jpg,D1_C209.jpg,"(130, 53, 3)",0424918056344,C209,C,1209
notdefect,/Users/zhangjiawei/Code/Micro-specialization/NVIDIA_CV_Inspection/data/AOI_DL_data_1209/0424918056344/D2_C209.jpg,D2_C209.jpg,"(130, 53, 3)",0424918056344,C209,C,1209
notdefect,/Users/zhangjiawei/Code/Micro-specialization/NVIDIA_CV_Inspection/data/AOI_DL_data_1209/0424918056264/D2_C209.jpg,D2_C209.jpg,"(130, 53, 3)",0424918056264,C209,C,1209
defect,/Users/zhangjiawei/Code/Micro-specialization/NVIDIA_CV_Inspection/data/AOI_DL_data_1209/0424918056899/D2_C513.jpg,D2_C513.jpg,"(130, 51, 3)",0424918056899,C513,C,1209
defect,/Users/zhangjiawei/Code/Micro-specialization/NVIDIA_CV_Inspection/data/AOI_DL_data_1209/0424918056899/D1_C513.jpg,D1_C513.jpg,"(130, 51, 3)",0424918056899,C513,C,1209
defect,/Users/zhangjiawei/Code/Micro-specialization/NVIDIA_CV_Inspection/data/AOI_DL_data_1209/0424918058529/D1_C137.jpg,D1_C137.jpg,"(33, 84, 3)",0424918058529,C137,C,1209
defect,/Users/zhangjiawei/Code/Micro-specialization/NVIDIA_CV_Inspection/data/AOI_DL_data_1209/0424918058529/D2_C137.jpg,D2_C137.jpg,"(32, 84, 3)",0424918058529,C137,C,1209
notdefect,/Users/zhangjiawei/Code/Micro-specialization/NVIDIA_CV_Inspection/data/AOI_DL_data_1209/0424918054891/D1_C209.jpg,D1_C209.jpg,"(130, 53, 3)",0424918054891,C209,C,1209
defect,/Users/zhangjiawei/Code/Micro-specialization/NVIDIA_CV_Inspection/data/AOI_DL_data_1209/0424918058412/D0_C3.jpg,D0_C3.jpg,"(101, 208, 3)",0424918058412,C3,C,1209
defect,/Users/zhangjiawei/Code/Micro-specialization/NVIDIA_CV_Inspection/data/AOI_DL_data_1209/0424918056715/D0_C39.jpg,D0_C39.jpg,"(131, 54, 3)",0424918056715,C39,C,1209
notdefect,/Users/zhangjiawei/Code/Micro-specialization/NVIDIA_CV_Inspection/data/AOI_DL_data_1209/0424918055472/D2_C209.jpg,D2_C209.jpg,"(131, 53, 3)",0424918055472,C209,C,1209
notdefect,/Users/zhangjiawei/Code/Micro-specialization/NVIDIA_CV_Inspection/data/AOI_DL_data_1209/0424918055418/D0_C808.jpg,D0_C808.jpg,"(204, 81, 3)",0424918055418,C808,C,1209
defect,/Users/zhangjiawei/Code/Micro-specialization/NVIDIA_CV_Inspection/data/AOI_DL_data_1013/0423918005937/D1_C105.jpg,D1_C105.jpg,"(56, 22, 3)",0423918005937,C105,C,1013
notdefect,/Users/zhangjiawei/Code/Micro-specialization/NVIDIA_CV_Inspection/data/AOI_DL_data_1013/0424018036108/D0_C533.jpg,D0_C533.jpg,"(407, 309, 3)",0424018036108,C533,C,1013
notdefect,/Users/zhangjiawei/Code/Micro-specialization/NVIDIA_CV_Inspection/data/AOI_DL_data_1013/0424018036333/D1_C208.jpg,D1_C208.jpg,"(130, 53, 3)",0424018036333,C208,C,1013
defect,/Users/zhangjiawei/Code/Micro-specialization/NVIDIA_CV_Inspection/data/AOI_DL_data_1013/0423918005391/D0_C143.jpg,D0_C143.jpg,"(56, 23, 3)",0423918005391,C143,C,1013
notdefect,/Users/zhangjiawei/Code/Micro-specialization/NVIDIA_CV_Inspection/data/AOI_DL_data_1013/0424018036284/D1_C32.jpg,D1_C32.jpg,"(130, 54, 3)",0424018036284,C32,C,1013
notdefect,/Users/zhangjiawei/Code/Micro-specialization/NVIDIA_CV_Inspection/data/AOI_DL_data_1013/0423918004765/D1_C21.jpg,D1_C21.jpg,"(139, 65, 3)",0423918004765,C21,C,1013
defect,/Users/zhangjiawei/Code/Micro-specialization/NVIDIA_CV_Inspection/data/AOI_DL_data_1013/0423918004765/D1_C107.jpg,D1_C107.jpg,"(57, 22, 3)",0423918004765,C107,C,1013
notdefect,/Users/zhangjiawei/Code/Micro-specialization/NVIDIA_CV_Inspection/data/AOI_DL_data_1013/0424018036456/D1_C143.jpg,D1_C143.jpg,"(83, 34, 3)",0424018036456,C143,C,1013
notdefect,/Users/zhangjiawei/Code/Micro-specialization/NVIDIA_CV_Inspection/data/AOI_DL_data_1013/0424018036253/D1_C42.jpg,D1_C42.jpg,"(130, 54, 3)",0424018036253,C42,C,1013
defect,/Users/zhangjiawei/Code/Micro-specialization/NVIDIA_CV_Inspection/data/AOI_DL_data_1013/0423818068466/D0_C42.jpg,D0_C42.jpg,"(84, 36, 3)",0423818068466,C42,C,1013
notdefect,/Users/zhangjiawei/Code/Micro-specialization/NVIDIA_CV_Inspection/data/AOI_DL_data_1013/0423818068466/D0_C143.jpg,D0_C143.jpg,"(56, 23, 3)",0423818068466,C143,C,1013
notdefect,/Users/zhangjiawei/Code/Micro-specialization/NVIDIA_CV_Inspection/data/AOI_DL_data_1013/0423818068466/D0_C144.jpg,D0_C144.jpg,"(56, 22, 3)",0423818068466,C144,C,1013
notdefect,/Users/zhangjiawei/Code/Micro-specialization/NVIDIA_CV_Inspection/data/AOI_DL_data_1013/0423818068466/D0_C35.jpg,D0_C35.jpg,"(84, 37, 3)",0423818068466,C35,C,1013
notdefect,/Users/zhangjiawei/Code/Micro-specialization/NVIDIA_CV_Inspection/data/AOI_DL_data_1013/0423818068466/D0_C109.jpg,D0_C109.jpg,"(56, 22, 3)",0423818068466,C109,C,1013
notdefect,/Users/zhangjiawei/Code/Micro-specialization/NVIDIA_CV_Inspection/data/AOI_DL_data_1013/0423818068466/D0_C105.jpg,D0_C105.jpg,"(56, 22, 3)",0423818068466,C105,C,1013
defect,/Users/zhangjiawei/Code/Micro-specialization/NVIDIA_CV_Inspection/data/AOI_DL_data_1013/0423918004895/D1_C144.jpg,D1_C144.jpg,"(56, 22, 3)",0423918004895,C144,C,1013
notdefect,/Users/zhangjiawei/Code/Micro-specialization/NVIDIA_CV_Inspection/data/AOI_DL_data_1013/0423918004895/D1_C530.jpg,D1_C530.jpg,"(207, 272, 3)",0423918004895,C530,C,1013
defect,/Users/zhangjiawei/Code/Micro-specialization/NVIDIA_CV_Inspection/data/AOI_DL_data_1013/0423918004803/D1_C223.jpg,D1_C223.jpg,"(22, 57, 3)",0423918004803,C223,C,1013
defect,/Users/zhangjiawei/Code/Micro-specialization/NVIDIA_CV_Inspection/data/AOI_DL_data_1013/0423918002529/D1_C148.jpg,D1_C148.jpg,"(22, 57, 3)",0423918002529,C148,C,1013
notdefect,/Users/zhangjiawei/Code/Micro-specialization/NVIDIA_CV_Inspection/data/AOI_DL_data_1013/0424018036159/D0_C109.jpg,D0_C109.jpg,"(83, 34, 3)",0424018036159,C109,C,1013
notdefect,/Users/zhangjiawei/Code/Micro-specialization/NVIDIA_CV_Inspection/data/AOI_DL_data_1013/0424018036483/D0_C208.jpg,D0_C208.jpg,"(130, 53, 3)",0424018036483,C208,C,1013
notdefect,/Users/zhangjiawei/Code/Micro-specialization/NVIDIA_CV_Inspection/data/AOI_DL_data_1013/0424018035899/D0_C533.jpg,D0_C533.jpg,"(407, 309, 3)",0424018035899,C533,C,1013
notdefect,/Users/zhangjiawei/Code/Micro-specialization/NVIDIA_CV_Inspection/data/AOI_DL_data_1013/0424018035899/D0_C531.jpg,D0_C531.jpg,"(407, 309, 3)",0424018035899,C531,C,1013
notdefect,/Users/zhangjiawei/Code/Micro-specialization/NVIDIA_CV_Inspection/data/AOI_DL_data_1013/0424018036233/D1_C202.jpg,D1_C202.jpg,"(53, 130, 3)",0424018036233,C202,C,1013
notdefect,/Users/zhangjiawei/Code/Micro-specialization/NVIDIA_CV_Inspection/data/AOI_DL_data_1013/0424018036455/D0_C208.jpg,D0_C208.jpg,"(130, 53, 3)",0424018036455,C208,C,1013
notdefect,/Users/zhangjiawei/Code/Micro-specialization/NVIDIA_CV_Inspection/data/AOI_DL_data_1013/0423918038869/D0_C532.jpg,D0_C532.jpg,"(407, 310, 3)",0423918038869,C532,C,1013
notdefect,/Users/zhangjiawei/Code/Micro-specialization/NVIDIA_CV_Inspection/data/AOI_DL_data_1013/0423918005781/D1_C48.jpg,D1_C48.jpg,"(94, 175, 3)",0423918005781,C48,C,1013
defect,/Users/zhangjiawei/Code/Micro-specialization/NVIDIA_CV_Inspection/data/AOI_DL_data_1013/0423918005781/D1_C212.jpg,D1_C212.jpg,"(39, 84, 3)",0423918005781,C212,C,1013
defect,/Users/zhangjiawei/Code/Micro-specialization/NVIDIA_CV_Inspection/data/AOI_DL_data_1013/0423918002738/D0_C139.jpg,D0_C139.jpg,"(23, 57, 3)",0423918002738,C139,C,1013
notdefect,/Users/zhangjiawei/Code/Micro-specialization/NVIDIA_CV_Inspection/data/AOI_DL_data_0901/0423318026640/D1_C1090.jpg,D1_C1090.jpg,"(54, 27, 3)",0423318026640,C1090,C,0901
notdefect,/Users/zhangjiawei/Code/Micro-specialization/NVIDIA_CV_Inspection/data/AOI_DL_data_0901/0423318026223/D1_C1090.jpg,D1_C1090.jpg,"(53, 27, 3)",0423318026223,C1090,C,0901
notdefect,/Users/zhangjiawei/Code/Micro-specialization/NVIDIA_CV_Inspection/data/AOI_DL_data_0901/0423318026279/D1_C1090.jpg,D1_C1090.jpg,"(53, 27, 3)",0423318026279,C1090,C,0901
notdefect,/Users/zhangjiawei/Code/Micro-specialization/NVIDIA_CV_Inspection/data/AOI_DL_data_0901/0423318028926/D0_C131.jpg,D0_C131.jpg,"(23, 57, 3)",0423318028926,C131,C,0901
notdefect,/Users/zhangjiawei/Code/Micro-specialization/NVIDIA_CV_Inspection/data/AOI_DL_data_0901/0423318028926/D0_C1090.jpg,D0_C1090.jpg,"(54, 27, 3)",0423318028926,C1090,C,0901
notdefect,/Users/zhangjiawei/Code/Micro-specialization/NVIDIA_CV_Inspection/data/AOI_DL_data_0901/0423318026246/D0_C1090.jpg,D0_C1090.jpg,"(53, 27, 3)",0423318026246,C1090,C,0901
notdefect,/Users/zhangjiawei/Code/Micro-specialization/NVIDIA_CV_Inspection/data/AOI_DL_data_0901/0423318026241/D1_C1090.jpg,D1_C1090.jpg,"(53, 27, 3)",0423318026241,C1090,C,0901
notdefect,/Users/zhangjiawei/Code/Micro-specialization/NVIDIA_CV_Inspection/data/AOI_DL_data_0901/0423318026089/D1_C1090.jpg,D1_C1090.jpg,"(53, 27, 3)",0423318026089,C1090,C,0901
notdefect,/Users/zhangjiawei/Code/Micro-specialization/NVIDIA_CV_Inspection/data/AOI_DL_data_0901/0423318026222/D0_C1090.jpg,D0_C1090.jpg,"(54, 27, 3)",0423318026222,C1090,C,0901
notdefect,/Users/zhangjiawei/Code/Micro-specialization/NVIDIA_CV_Inspection/data/AOI_DL_data_0901/0423318026271/D1_C1090.jpg,D1_C1090.jpg,"(53, 27, 3)",0423318026271,C1090,C,0901
notdefect,/Users/zhangjiawei/Code/Micro-specialization/NVIDIA_CV_Inspection/data/AOI_DL_data_0901/0423318026249/D0_C1090.jpg,D0_C1090.jpg,"(53, 27, 3)",0423318026249,C1090,C,0901
notdefect,/Users/zhangjiawei/Code/Micro-specialization/NVIDIA_CV_Inspection/data/AOI_DL_data_0901/0423318026276/D0_C1090.jpg,D0_C1090.jpg,"(54, 27, 3)",0423318026276,C1090,C,0901
defect,/Users/zhangjiawei/Code/Micro-specialization/NVIDIA_CV_Inspection/data/AOI_DL_data_0901/0423418045945/D1_C148.jpg,D1_C148.jpg,"(23, 57, 3)",0423418045945,C148,C,0901
notdefect,/Users/zhangjiawei/Code/Micro-specialization/NVIDIA_CV_Inspection/data/AOI_DL_data_0901/0423418045945/D1_C1090.jpg,D1_C1090.jpg,"(53, 27, 3)",0423418045945,C1090,C,0901
notdefect,/Users/zhangjiawei/Code/Micro-specialization/NVIDIA_CV_Inspection/data/AOI_DL_data_0901/0423318026247/D1_C1090.jpg,D1_C1090.jpg,"(54, 27, 3)",0423318026247,C1090,C,0901
notdefect,/Users/zhangjiawei/Code/Micro-specialization/NVIDIA_CV_Inspection/data/AOI_DL_data_0901/0423318022795/D1_C1090.jpg,D1_C1090.jpg,"(53, 27, 3)",0423318022795,C1090,C,0901
notdefect,/Users/zhangjiawei/Code/Micro-specialization/NVIDIA_CV_Inspection/data/AOI_DL_data_0901/0423318026751/D1_C1090.jpg,D1_C1090.jpg,"(54, 27, 3)",0423318026751,C1090,C,0901
notdefect,/Users/zhangjiawei/Code/Micro-specialization/NVIDIA_CV_Inspection/data/AOI_DL_data_0901/0423318026563/D1_C1090.jpg,D1_C1090.jpg,"(54, 27, 3)",0423318026563,C1090,C,0901
notdefect,/Users/zhangjiawei/Code/Micro-specialization/NVIDIA_CV_Inspection/data/AOI_DL_data_0901/0423318026564/D0_C1090.jpg,D0_C1090.jpg,"(54, 27, 3)",0423318026564,C1090,C,0901
notdefect,/Users/zhangjiawei/Code/Micro-specialization/NVIDIA_CV_Inspection/data/AOI_DL_data_0901/0423318026756/D0_C1090.jpg,D0_C1090.jpg,"(54, 27, 3)",0423318026756,C1090,C,0901
notdefect,/Users/zhangjiawei/Code/Micro-specialization/NVIDIA_CV_Inspection/data/AOI_DL_data_0901/0423318026100/D1_C1090.jpg,D1_C1090.jpg,"(54, 27, 3)",0423318026100,C1090,C,0901
notdefect,/Users/zhangjiawei/Code/Micro-specialization/NVIDIA_CV_Inspection/data/AOI_DL_data_0901/0423318028852/D1_C1090.jpg,D1_C1090.jpg,"(53, 27, 3)",0423318028852,C1090,C,0901
notdefect,/Users/zhangjiawei/Code/Micro-specialization/NVIDIA_CV_Inspection/data/AOI_DL_data_0901/0423318026552/D1_C1090.jpg,D1_C1090.jpg,"(54, 27, 3)",0423318026552,C1090,C,0901
notdefect,/Users/zhangjiawei/Code/Micro-specialization/NVIDIA_CV_Inspection/data/AOI_DL_data_0901/0423318026760/D0_C1090.jpg,D0_C1090.jpg,"(54, 27, 3)",0423318026760,C1090,C,0901
notdefect,/Users/zhangjiawei/Code/Micro-specialization/NVIDIA_CV_Inspection/data/AOI_DL_data_0901/0423318026794/D0_C1090.jpg,D0_C1090.jpg,"(54, 27, 3)",0423318026794,C1090,C,0901
notdefect,/Users/zhangjiawei/Code/Micro-specialization/NVIDIA_CV_Inspection/data/AOI_DL_data_0901/0423318026109/D0_C1090.jpg,D0_C1090.jpg,"(54, 27, 3)",0423318026109,C1090,C,0901
notdefect,/Users/zhangjiawei/Code/Micro-specialization/NVIDIA_CV_Inspection/data/AOI_DL_data_0901/0423318026758/D0_C1090.jpg,D0_C1090.jpg,"(54, 27, 3)",0423318026758,C1090,C,0901
notdefect,/Users/zhangjiawei/Code/Micro-specialization/NVIDIA_CV_Inspection/data/AOI_DL_data_0901/0423318026191/D1_C1090.jpg,D1_C1090.jpg,"(53, 27, 3)",0423318026191,C1090,C,0901
notdefect,/Users/zhangjiawei/Code/Micro-specialization/NVIDIA_CV_Inspection/data/AOI_DL_data_0901/0423318024251/D0_C1090.jpg,D0_C1090.jpg,"(54, 27, 3)",0423318024251,C1090,C,0901
defect,/Users/zhangjiawei/Code/Micro-specialization/NVIDIA_CV_Inspection/data/AOI_DL_data_0901/0423418045897/D1_C131.jpg,D1_C131.jpg,"(23, 57, 3)",0423418045897,C131,C,0901
notdefect,/Users/zhangjiawei/Code/Micro-specialization/NVIDIA_CV_Inspection/data/AOI_DL_data_0901/0423418045897/D1_C1090.jpg,D1_C1090.jpg,"(54, 27, 3)",0423418045897,C1090,C,0901
notdefect,/Users/zhangjiawei/Code/Micro-specialization/NVIDIA_CV_Inspection/data/AOI_DL_data_0901/0423318026508/D0_C1090.jpg,D0_C1090.jpg,"(54, 27, 3)",0423318026508,C1090,C,0901
notdefect,/Users/zhangjiawei/Code/Micro-specialization/NVIDIA_CV_Inspection/data/AOI_DL_data_0901/0423318026759/D1_C1090.jpg,D1_C1090.jpg,"(54, 27, 3)",0423318026759,C1090,C,0901
notdefect,/Users/zhangjiawei/Code/Micro-specialization/NVIDIA_CV_Inspection/data/AOI_DL_data_0901/0423318026795/D1_C1090.jpg,D1_C1090.jpg,"(54, 27, 3)",0423318026795,C1090,C,0901
defect,/Users/zhangjiawei/Code/Micro-specialization/NVIDIA_CV_Inspection/data/AOI_DL_data_0901/0423418045655/D1_C131.jpg,D1_C131.jpg,"(23, 57, 3)",0423418045655,C131,C,0901
notdefect,/Users/zhangjiawei/Code/Micro-specialization/NVIDIA_CV_Inspection/data/AOI_DL_data_0901/0423418045655/D1_C1090.jpg,D1_C1090.jpg,"(54, 27, 3)",0423418045655,C1090,C,0901
notdefect,/Users/zhangjiawei/Code/Micro-specialization/NVIDIA_CV_Inspection/data/AOI_DL_data_0901/0423318026761/D1_C1090.jpg,D1_C1090.jpg,"(53, 27, 3)",0423318026761,C1090,C,0901
notdefect,/Users/zhangjiawei/Code/Micro-specialization/NVIDIA_CV_Inspection/data/AOI_DL_data_0901/0423318026108/D1_C1090.jpg,D1_C1090.jpg,"(54, 27, 3)",0423318026108,C1090,C,0901
notdefect,/Users/zhangjiawei/Code/Micro-specialization/NVIDIA_CV_Inspection/data/AOI_DL_data_0901/0423318028853/D0_C1090.jpg,D0_C1090.jpg,"(54, 27, 3)",0423318028853,C1090,C,0901
notdefect,/Users/zhangjiawei/Code/Micro-specialization/NVIDIA_CV_Inspection/data/AOI_DL_data_0901/0423318026757/D1_C1090.jpg,D1_C1090.jpg,"(54, 27, 3)",0423318026757,C1090,C,0901
notdefect,/Users/zhangjiawei/Code/Micro-specialization/NVIDIA_CV_Inspection/data/AOI_DL_data_0901/0423318026565/D0_C1090.jpg,D0_C1090.jpg,"(54, 27, 3)",0423318026565,C1090,C,0901
notdefect,/Users/zhangjiawei/Code/Micro-specialization/NVIDIA_CV_Inspection/data/AOI_DL_data_0901/0423318026562/D1_C1090.jpg,D1_C1090.jpg,"(53, 27, 3)",0423318026562,C1090,C,0901
notdefect,/Users/zhangjiawei/Code/Micro-specialization/NVIDIA_CV_Inspection/data/AOI_DL_data_0901/0423318026750/D0_C1090.jpg,D0_C1090.jpg,"(54, 27, 3)",0423318026750,C1090,C,0901
notdefect,/Users/zhangjiawei/Code/Micro-specialization/NVIDIA_CV_Inspection/data/AOI_DL_data_0901/0423318026507/D1_C1090.jpg,D1_C1090.jpg,"(53, 27, 3)",0423318026507,C1090,C,0901
notdefect,/Users/zhangjiawei/Code/Micro-specialization/NVIDIA_CV_Inspection/data/AOI_DL_data_0901/0423318026190/D1_C1090.jpg,D1_C1090.jpg,"(53, 27, 3)",0423318026190,C1090,C,0901
notdefect,/Users/zhangjiawei/Code/Micro-specialization/NVIDIA_CV_Inspection/data/AOI_DL_data_0901/0423318026183/D1_C1090.jpg,D1_C1090.jpg,"(54, 27, 3)",0423318026183,C1090,C,0901
notdefect,/Users/zhangjiawei/Code/Micro-specialization/NVIDIA_CV_Inspection/data/AOI_DL_data_0901/0423318026177/D0_C1090.jpg,D0_C1090.jpg,"(54, 27, 3)",0423318026177,C1090,C,0901
notdefect,/Users/zhangjiawei/Code/Micro-specialization/NVIDIA_CV_Inspection/data/AOI_DL_data_0901/0423318026170/D1_C1090.jpg,D1_C1090.jpg,"(54, 27, 3)",0423318026170,C1090,C,0901
notdefect,/Users/zhangjiawei/Code/Micro-specialization/NVIDIA_CV_Inspection/data/AOI_DL_data_0901/0423318026772/D1_C1090.jpg,D1_C1090.jpg,"(54, 27, 3)",0423318026772,C1090,C,0901
notdefect,/Users/zhangjiawei/Code/Micro-specialization/NVIDIA_CV_Inspection/data/AOI_DL_data_0901/0423318026547/D0_C1090.jpg,D0_C1090.jpg,"(54, 27, 3)",0423318026547,C1090,C,0901
notdefect,/Users/zhangjiawei/Code/Micro-specialization/NVIDIA_CV_Inspection/data/AOI_DL_data_0901/0423318026775/D1_C1090.jpg,D1_C1090.jpg,"(54, 27, 3)",0423318026775,C1090,C,0901
notdefect,/Users/zhangjiawei/Code/Micro-specialization/NVIDIA_CV_Inspection/data/AOI_DL_data_0901/0423318026571/D1_C1090.jpg,D1_C1090.jpg,"(53, 27, 3)",0423318026571,C1090,C,0901
notdefect,/Users/zhangjiawei/Code/Micro-specialization/NVIDIA_CV_Inspection/data/AOI_DL_data_0901/0423318026743/D1_C1090.jpg,D1_C1090.jpg,"(54, 27, 3)",0423318026743,C1090,C,0901
notdefect,/Users/zhangjiawei/Code/Micro-specialization/NVIDIA_CV_Inspection/data/AOI_DL_data_0901/0423318026115/D0_C1090.jpg,D0_C1090.jpg,"(54, 27, 3)",0423318026115,C1090,C,0901
notdefect,/Users/zhangjiawei/Code/Micro-specialization/NVIDIA_CV_Inspection/data/AOI_DL_data_0901/0423318026112/D0_C1090.jpg,D0_C1090.jpg,"(54, 27, 3)",0423318026112,C1090,C,0901
notdefect,/Users/zhangjiawei/Code/Micro-specialization/NVIDIA_CV_Inspection/data/AOI_DL_data_0901/0423318026320/D1_C1090.jpg,D1_C1090.jpg,"(53, 27, 3)",0423318026320,C1090,C,0901
notdefect,/Users/zhangjiawei/Code/Micro-specialization/NVIDIA_CV_Inspection/data/AOI_DL_data_0901/0423318026185/D1_C1090.jpg,D1_C1090.jpg,"(53, 27, 3)",0423318026185,C1090,C,0901
notdefect,/Users/zhangjiawei/Code/Micro-specialization/NVIDIA_CV_Inspection/data/AOI_DL_data_0901/0423318026171/D0_C1090.jpg,D0_C1090.jpg,"(54, 27, 3)",0423318026171,C1090,C,0901
notdefect,/Users/zhangjiawei/Code/Micro-specialization/NVIDIA_CV_Inspection/data/AOI_DL_data_0901/0423318026176/D0_C1090.jpg,D0_C1090.jpg,"(54, 27, 3)",0423318026176,C1090,C,0901
notdefect,/Users/zhangjiawei/Code/Micro-specialization/NVIDIA_CV_Inspection/data/AOI_DL_data_0901/0423318026182/D1_C1090.jpg,D1_C1090.jpg,"(54, 27, 3)",0423318026182,C1090,C,0901
notdefect,/Users/zhangjiawei/Code/Micro-specialization/NVIDIA_CV_Inspection/data/AOI_DL_data_0901/0423318026182/D1_C162.jpg,D1_C162.jpg,"(23, 56, 3)",0423318026182,C162,C,0901
notdefect,/Users/zhangjiawei/Code/Micro-specialization/NVIDIA_CV_Inspection/data/AOI_DL_data_0901/0423318023852/D1_C1090.jpg,D1_C1090.jpg,"(54, 27, 3)",0423318023852,C1090,C,0901
notdefect,/Users/zhangjiawei/Code/Micro-specialization/NVIDIA_CV_Inspection/data/AOI_DL_data_0901/0423318026548/D1_C1090.jpg,D1_C1090.jpg,"(54, 27, 3)",0423318026548,C1090,C,0901
notdefect,/Users/zhangjiawei/Code/Micro-specialization/NVIDIA_CV_Inspection/data/AOI_DL_data_0901/0423318026113/D1_C1090.jpg,D1_C1090.jpg,"(53, 27, 3)",0423318026113,C1090,C,0901
notdefect,/Users/zhangjiawei/Code/Micro-specialization/NVIDIA_CV_Inspection/data/AOI_DL_data_0901/0423318026319/D0_C1090.jpg,D0_C1090.jpg,"(54, 27, 3)",0423318026319,C1090,C,0901
notdefect,/Users/zhangjiawei/Code/Micro-specialization/NVIDIA_CV_Inspection/data/AOI_DL_data_0901/0423318026742/D0_C1090.jpg,D0_C1090.jpg,"(54, 27, 3)",0423318026742,C1090,C,0901
notdefect,/Users/zhangjiawei/Code/Micro-specialization/NVIDIA_CV_Inspection/data/AOI_DL_data_0901/0423318026570/D1_C1090.jpg,D1_C1090.jpg,"(53, 27, 3)",0423318026570,C1090,C,0901
notdefect,/Users/zhangjiawei/Code/Micro-specialization/NVIDIA_CV_Inspection/data/AOI_DL_data_0901/0423318026114/D1_C1090.jpg,D1_C1090.jpg,"(54, 27, 3)",0423318026114,C1090,C,0901
notdefect,/Users/zhangjiawei/Code/Micro-specialization/NVIDIA_CV_Inspection/data/AOI_DL_data_0901/0423318026584/D1_C1090.jpg,D1_C1090.jpg,"(53, 27, 3)",0423318026584,C1090,C,0901
notdefect,/Users/zhangjiawei/Code/Micro-specialization/NVIDIA_CV_Inspection/data/AOI_DL_data_0901/0423318026774/D0_C1090.jpg,D0_C1090.jpg,"(54, 27, 3)",0423318026774,C1090,C,0901
notdefect,/Users/zhangjiawei/Code/Micro-specialization/NVIDIA_CV_Inspection/data/AOI_DL_data_0901/0423318026546/D1_C1090.jpg,D1_C1090.jpg,"(53, 27, 3)",0423318026546,C1090,C,0901
notdefect,/Users/zhangjiawei/Code/Micro-specialization/NVIDIA_CV_Inspection/data/AOI_DL_data_0901/0423318026773/D0_C1090.jpg,D0_C1090.jpg,"(54, 27, 3)",0423318026773,C1090,C,0901
notdefect,/Users/zhangjiawei/Code/Micro-specialization/NVIDIA_CV_Inspection/data/AOI_DL_data_0901/0423318026606/D1_C1090.jpg,D1_C1090.jpg,"(54, 27, 3)",0423318026606,C1090,C,0901
notdefect,/Users/zhangjiawei/Code/Micro-specialization/NVIDIA_CV_Inspection/data/AOI_DL_data_0901/0423318026639/D1_C1090.jpg,D1_C1090.jpg,"(54, 27, 3)",0423318026639,C1090,C,0901
notdefect,/Users/zhangjiawei/Code/Micro-specialization/NVIDIA_CV_Inspection/data/AOI_DL_data_0901/0423318026092/D0_C1090.jpg,D0_C1090.jpg,"(54, 27, 3)",0423318026092,C1090,C,0901
notdefect,/Users/zhangjiawei/Code/Micro-specialization/NVIDIA_CV_Inspection/data/AOI_DL_data_0901/0423318026254/D1_C1090.jpg,D1_C1090.jpg,"(53, 27, 3)",0423318026254,C1090,C,0901
notdefect,/Users/zhangjiawei/Code/Micro-specialization/NVIDIA_CV_Inspection/data/AOI_DL_data_0901/0423318026630/D0_C1090.jpg,D0_C1090.jpg,"(54, 27, 3)",0423318026630,C1090,C,0901
notdefect,/Users/zhangjiawei/Code/Micro-specialization/NVIDIA_CV_Inspection/data/AOI_DL_data_0901/0423318026637/D0_C1090.jpg,D0_C1090.jpg,"(53, 27, 3)",0423318026637,C1090,C,0901
notdefect,/Users/zhangjiawei/Code/Micro-specialization/NVIDIA_CV_Inspection/data/AOI_DL_data_0901/0423318026253/D1_C1090.jpg,D1_C1090.jpg,"(54, 27, 3)",0423318026253,C1090,C,0901
notdefect,/Users/zhangjiawei/Code/Micro-specialization/NVIDIA_CV_Inspection/data/AOI_DL_data_0901/0423318026095/D0_C1090.jpg,D0_C1090.jpg,"(54, 27, 3)",0423318026095,C1090,C,0901
notdefect,/Users/zhangjiawei/Code/Micro-specialization/NVIDIA_CV_Inspection/data/AOI_DL_data_0901/0423318026663/D0_C1090.jpg,D0_C1090.jpg,"(54, 27, 3)",0423318026663,C1090,C,0901
notdefect,/Users/zhangjiawei/Code/Micro-specialization/NVIDIA_CV_Inspection/data/AOI_DL_data_0901/0423318026652/D1_C1090.jpg,D1_C1090.jpg,"(54, 27, 3)",0423318026652,C1090,C,0901
notdefect,/Users/zhangjiawei/Code/Micro-specialization/NVIDIA_CV_Inspection/data/AOI_DL_data_0901/0423318026094/D1_C1090.jpg,D1_C1090.jpg,"(54, 27, 3)",0423318026094,C1090,C,0901
notdefect,/Users/zhangjiawei/Code/Micro-specialization/NVIDIA_CV_Inspection/data/AOI_DL_data_0901/0423318026252/D0_C1090.jpg,D0_C1090.jpg,"(54, 27, 3)",0423318026252,C1090,C,0901
notdefect,/Users/zhangjiawei/Code/Micro-specialization/NVIDIA_CV_Inspection/data/AOI_DL_data_0901/0423318026255/D0_C1090.jpg,D0_C1090.jpg,"(54, 27, 3)",0423318026255,C1090,C,0901
notdefect,/Users/zhangjiawei/Code/Micro-specialization/NVIDIA_CV_Inspection/data/AOI_DL_data_0901/0423318026631/D1_C1090.jpg,D1_C1090.jpg,"(54, 27, 3)",0423318026631,C1090,C,0901
notdefect,/Users/zhangjiawei/Code/Micro-specialization/NVIDIA_CV_Inspection/data/AOI_DL_data_0901/0423318026631/D1_C48.jpg,D1_C48.jpg,"(94, 175, 3)",0423318026631,C48,C,0901
notdefect,/Users/zhangjiawei/Code/Micro-specialization/NVIDIA_CV_Inspection/data/AOI_DL_data_0901/0423318026093/D1_C216.jpg,D1_C216.jpg,"(39, 84, 3)",0423318026093,C216,C,0901
notdefect,/Users/zhangjiawei/Code/Micro-specialization/NVIDIA_CV_Inspection/data/AOI_DL_data_0901/0423318026093/D1_C1090.jpg,D1_C1090.jpg,"(54, 27, 3)",0423318026093,C1090,C,0901
notdefect,/Users/zhangjiawei/Code/Micro-specialization/NVIDIA_CV_Inspection/data/AOI_DL_data_0901/0423318026607/D0_C1090.jpg,D0_C1090.jpg,"(54, 27, 3)",0423318026607,C1090,C,0901
notdefect,/Users/zhangjiawei/Code/Micro-specialization/NVIDIA_CV_Inspection/data/AOI_DL_data_0901/0423318026263/D0_C1090.jpg,D0_C1090.jpg,"(54, 27, 3)",0423318026263,C1090,C,0901
notdefect,/Users/zhangjiawei/Code/Micro-specialization/NVIDIA_CV_Inspection/data/AOI_DL_data_0901/0423318026638/D0_C1090.jpg,D0_C1090.jpg,"(54, 27, 3)",0423318026638,C1090,C,0901
notdefect,/Users/zhangjiawei/Code/Micro-specialization/NVIDIA_CV_Inspection/data/AOI_DL_data_0901/0423318026264/D1_C217.jpg,D1_C217.jpg,"(40, 84, 3)",0423318026264,C217,C,0901
notdefect,/Users/zhangjiawei/Code/Micro-specialization/NVIDIA_CV_Inspection/data/AOI_DL_data_0901/0423318026264/D1_C1090.jpg,D1_C1090.jpg,"(53, 27, 3)",0423318026264,C1090,C,0901
notdefect,/Users/zhangjiawei/Code/Micro-specialization/NVIDIA_CV_Inspection/data/AOI_DL_data_0901/0423318026654/D1_C1090.jpg,D1_C1090.jpg,"(54, 27, 3)",0423318026654,C1090,C,0901
notdefect,/Users/zhangjiawei/Code/Micro-specialization/NVIDIA_CV_Inspection/data/AOI_DL_data_0901/0423318026653/D0_C1090.jpg,D0_C1090.jpg,"(54, 27, 3)",0423318026653,C1090,C,0901
notdefect,/Users/zhangjiawei/Code/Micro-specialization/NVIDIA_CV_Inspection/data/AOI_DL_data_0901/0423318026237/D1_C1090.jpg,D1_C1090.jpg,"(54, 27, 3)",0423318026237,C1090,C,0901
notdefect,/Users/zhangjiawei/Code/Micro-specialization/NVIDIA_CV_Inspection/data/AOI_DL_data_0901/0423318026662/D1_C1090.jpg,D1_C1090.jpg,"(54, 27, 3)",0423318026662,C1090,C,0901
notdefect,/Users/zhangjiawei/Code/Micro-specialization/NVIDIA_CV_Inspection/data/AOI_DL_data_0901/0423318026619/D1_C511.jpg,D1_C511.jpg,"(209, 281, 3)",0423318026619,C511,C,0901
notdefect,/Users/zhangjiawei/Code/Micro-specialization/NVIDIA_CV_Inspection/data/AOI_DL_data_0901/0423318024972/D1_C1090.jpg,D1_C1090.jpg,"(54, 27, 3)",0423318024972,C1090,C,0901
notdefect,/Users/zhangjiawei/Code/Micro-specialization/NVIDIA_CV_Inspection/data/AOI_DL_data_0901/0423318028925/D1_C1090.jpg,D1_C1090.jpg,"(54, 27, 3)",0423318028925,C1090,C,0901
notdefect,/Users/zhangjiawei/Code/Micro-specialization/NVIDIA_CV_Inspection/data/AOI_DL_data_0901/0423318026245/D1_C1090.jpg,D1_C1090.jpg,"(53, 27, 3)",0423318026245,C1090,C,0901
notdefect,/Users/zhangjiawei/Code/Micro-specialization/NVIDIA_CV_Inspection/data/AOI_DL_data_0901/0423318026273/D0_C1090.jpg,D0_C1090.jpg,"(54, 27, 3)",0423318026273,C1090,C,0901
notdefect,/Users/zhangjiawei/Code/Micro-specialization/NVIDIA_CV_Inspection/data/AOI_DL_data_0901/0423318028741/D0_C1090.jpg,D0_C1090.jpg,"(54, 27, 3)",0423318028741,C1090,C,0901
notdefect,/Users/zhangjiawei/Code/Micro-specialization/NVIDIA_CV_Inspection/data/AOI_DL_data_0901/0423318026610/D1_C1090.jpg,D1_C1090.jpg,"(54, 27, 3)",0423318026610,C1090,C,0901
notdefect,/Users/zhangjiawei/Code/Micro-specialization/NVIDIA_CV_Inspection/data/AOI_DL_data_0901/0423318026274/D1_C1090.jpg,D1_C1090.jpg,"(53, 27, 3)",0423318026274,C1090,C,0901
notdefect,/Users/zhangjiawei/Code/Micro-specialization/NVIDIA_CV_Inspection/data/AOI_DL_data_0901/0423318026280/D0_C1090.jpg,D0_C1090.jpg,"(53, 27, 3)",0423318026280,C1090,C,0901
notdefect,/Users/zhangjiawei/Code/Micro-specialization/NVIDIA_CV_Inspection/data/AOI_DL_data_0901/0423318026644/D1_C1090.jpg,D1_C1090.jpg,"(53, 27, 3)",0423318026644,C1090,C,0901
notdefect,/Users/zhangjiawei/Code/Micro-specialization/NVIDIA_CV_Inspection/data/AOI_DL_data_0901/0423318022013/D0_C532.jpg,D0_C532.jpg,"(273, 207, 3)",0423318022013,C532,C,0901
notdefect,/Users/zhangjiawei/Code/Micro-specialization/NVIDIA_CV_Inspection/data/AOI_DL_data_0901/0423318022013/D0_C1090.jpg,D0_C1090.jpg,"(54, 27, 3)",0423318022013,C1090,C,0901
notdefect,/Users/zhangjiawei/Code/Micro-specialization/NVIDIA_CV_Inspection/data/AOI_DL_data_0901/0423318026611/D0_C1090.jpg,D0_C1090.jpg,"(54, 27, 3)",0423318026611,C1090,C,0901
notdefect,/Users/zhangjiawei/Code/Micro-specialization/NVIDIA_CV_Inspection/data/AOI_DL_data_0901/0423318026275/D1_C216.jpg,D1_C216.jpg,"(39, 84, 3)",0423318026275,C216,C,0901
notdefect,/Users/zhangjiawei/Code/Micro-specialization/NVIDIA_CV_Inspection/data/AOI_DL_data_0901/0423318026275/D1_C1090.jpg,D1_C1090.jpg,"(54, 27, 3)",0423318026275,C1090,C,0901
notdefect,/Users/zhangjiawei/Code/Micro-specialization/NVIDIA_CV_Inspection/data/AOI_DL_data_0901/0423318026272/D0_C1090.jpg,D0_C1090.jpg,"(53, 27, 3)",0423318026272,C1090,C,0901
notdefect,/Users/zhangjiawei/Code/Micro-specialization/NVIDIA_CV_Inspection/data/AOI_DL_data_0901/0423318026272/D0_C164.jpg,D0_C164.jpg,"(23, 56, 3)",0423318026272,C164,C,0901
notdefect,/Users/zhangjiawei/Code/Micro-specialization/NVIDIA_CV_Inspection/data/AOI_DL_data_0901/0423318026244/D0_C1090.jpg,D0_C1090.jpg,"(53, 27, 3)",0423318026244,C1090,C,0901
notdefect,/Users/zhangjiawei/Code/Micro-specialization/NVIDIA_CV_Inspection/data/AOI_DL_data_0901/0423318026618/D0_C1215.jpg,D0_C1215.jpg,"(209, 281, 3)",0423318026618,C1215,C,0901
notdefect,/Users/zhangjiawei/Code/Micro-specialization/NVIDIA_CV_Inspection/data/AOI_DL_data_0901/0423318026618/D0_C524.jpg,D0_C524.jpg,"(282, 208, 3)",0423318026618,C524,C,0901
notdefect,/Users/zhangjiawei/Code/Micro-specialization/NVIDIA_CV_Inspection/data/AOI_DL_data_0901/0423318026618/D0_C1090.jpg,D0_C1090.jpg,"(54, 27, 3)",0423318026618,C1090,C,0901
notdefect,/Users/zhangjiawei/Code/Micro-specialization/NVIDIA_CV_Inspection/data/AOI_DL_data_0901/0423318026618/D0_C511.jpg,D0_C511.jpg,"(209, 281, 3)",0423318026618,C511,C,0901
notdefect,/Users/zhangjiawei/Code/Micro-specialization/NVIDIA_CV_Inspection/data/AOI_DL_data_0901/0423318024973/D0_C1090.jpg,D0_C1090.jpg,"(54, 27, 3)",0423318024973,C1090,C,0901
notdefect,/Users/zhangjiawei/Code/Micro-specialization/NVIDIA_CV_Inspection/data/AOI_DL_data_0901/0423418046162/D0_C124.jpg,D0_C124.jpg,"(22, 56, 3)",0423418046162,C124,C,0901
notdefect,/Users/zhangjiawei/Code/Micro-specialization/NVIDIA_CV_Inspection/data/AOI_DL_data_0901/0423418046162/D0_C1090.jpg,D0_C1090.jpg,"(54, 27, 3)",0423418046162,C1090,C,0901
notdefect,/Users/zhangjiawei/Code/Micro-specialization/NVIDIA_CV_Inspection/data/AOI_DL_data_0901/0423318026243/D0_C1090.jpg,D0_C1090.jpg,"(54, 27, 3)",0423318026243,C1090,C,0901
notdefect,/Users/zhangjiawei/Code/Micro-specialization/NVIDIA_CV_Inspection/data/AOI_DL_data_0901/0423318022012/D1_C1090.jpg,D1_C1090.jpg,"(54, 27, 3)",0423318022012,C1090,C,0901
notdefect,/Users/zhangjiawei/Code/Micro-specialization/NVIDIA_CV_Inspection/data/AOI_DL_data_0901/0423318026642/D1_C1090.jpg,D1_C1090.jpg,"(53, 27, 3)",0423318026642,C1090,C,0901
notdefect,/Users/zhangjiawei/Code/Micro-specialization/NVIDIA_CV_Inspection/data/AOI_DL_data_0901/0423318026219/D1_C1090.jpg,D1_C1090.jpg,"(54, 27, 3)",0423318026219,C1090,C,0901
notdefect,/Users/zhangjiawei/Code/Micro-specialization/NVIDIA_CV_Inspection/data/AOI_DL_data_0901/0423318026168/D1_C1090.jpg,D1_C1090.jpg,"(54, 27, 3)",0423318026168,C1090,C,0901
notdefect,/Users/zhangjiawei/Code/Micro-specialization/NVIDIA_CV_Inspection/data/AOI_DL_data_0901/0423318026755/D1_C1090.jpg,D1_C1090.jpg,"(53, 27, 3)",0423318026755,C1090,C,0901
notdefect,/Users/zhangjiawei/Code/Micro-specialization/NVIDIA_CV_Inspection/data/AOI_DL_data_0901/0423318026567/D1_C1090.jpg,D1_C1090.jpg,"(54, 27, 3)",0423318026567,C1090,C,0901
notdefect,/Users/zhangjiawei/Code/Micro-specialization/NVIDIA_CV_Inspection/data/AOI_DL_data_0901/0423318026558/D1_C1090.jpg,D1_C1090.jpg,"(53, 27, 3)",0423318026558,C1090,C,0901
notdefect,/Users/zhangjiawei/Code/Micro-specialization/NVIDIA_CV_Inspection/data/AOI_DL_data_0901/0423318026594/D1_C1090.jpg,D1_C1090.jpg,"(54, 27, 3)",0423318026594,C1090,C,0901
notdefect,/Users/zhangjiawei/Code/Micro-specialization/NVIDIA_CV_Inspection/data/AOI_DL_data_0901/0423318026336/D0_C1090.jpg,D0_C1090.jpg,"(54, 27, 3)",0423318026336,C1090,C,0901
notdefect,/Users/zhangjiawei/Code/Micro-specialization/NVIDIA_CV_Inspection/data/AOI_DL_data_0901/0423318026104/D1_C1090.jpg,D1_C1090.jpg,"(53, 27, 3)",0423318026104,C1090,C,0901
notdefect,/Users/zhangjiawei/Code/Micro-specialization/NVIDIA_CV_Inspection/data/AOI_DL_data_0901/0423318026560/D0_C1090.jpg,D0_C1090.jpg,"(54, 27, 3)",0423318026560,C1090,C,0901
notdefect,/Users/zhangjiawei/Code/Micro-specialization/NVIDIA_CV_Inspection/data/AOI_DL_data_0901/0423318026764/D1_C1090.jpg,D1_C1090.jpg,"(53, 27, 3)",0423318026764,C1090,C,0901
notdefect,/Users/zhangjiawei/Code/Micro-specialization/NVIDIA_CV_Inspection/data/AOI_DL_data_0901/0423318026569/D0_C533.jpg,D0_C533.jpg,"(272, 207, 3)",0423318026569,C533,C,0901
notdefect,/Users/zhangjiawei/Code/Micro-specialization/NVIDIA_CV_Inspection/data/AOI_DL_data_0901/0423318026569/D0_C1090.jpg,D0_C1090.jpg,"(53, 27, 3)",0423318026569,C1090,C,0901
notdefect,/Users/zhangjiawei/Code/Micro-specialization/NVIDIA_CV_Inspection/data/AOI_DL_data_0901/0423318026763/D1_C1090.jpg,D1_C1090.jpg,"(54, 27, 3)",0423318026763,C1090,C,0901
notdefect,/Users/zhangjiawei/Code/Micro-specialization/NVIDIA_CV_Inspection/data/AOI_DL_data_0901/0423318026551/D0_C1090.jpg,D0_C1090.jpg,"(54, 27, 3)",0423318026551,C1090,C,0901
notdefect,/Users/zhangjiawei/Code/Micro-specialization/NVIDIA_CV_Inspection/data/AOI_DL_data_0901/0423318026169/D0_C1090.jpg,D0_C1090.jpg,"(54, 27, 3)",0423318026169,C1090,C,0901
notdefect,/Users/zhangjiawei/Code/Micro-specialization/NVIDIA_CV_Inspection/data/AOI_DL_data_0901/0423318026193/D0_C1090.jpg,D0_C1090.jpg,"(54, 27, 3)",0423318026193,C1090,C,0901
notdefect,/Users/zhangjiawei/Code/Micro-specialization/NVIDIA_CV_Inspection/data/AOI_DL_data_0901/0423318026194/D1_C1090.jpg,D1_C1090.jpg,"(54, 27, 3)",0423318026194,C1090,C,0901
notdefect,/Users/zhangjiawei/Code/Micro-specialization/NVIDIA_CV_Inspection/data/AOI_DL_data_0901/0423318026796/D0_C1090.jpg,D0_C1090.jpg,"(54, 27, 3)",0423318026796,C1090,C,0901
notdefect,/Users/zhangjiawei/Code/Micro-specialization/NVIDIA_CV_Inspection/data/AOI_DL_data_0901/0423318026796/D0_C48.jpg,D0_C48.jpg,"(94, 175, 3)",0423318026796,C48,C,0901
notdefect,/Users/zhangjiawei/Code/Micro-specialization/NVIDIA_CV_Inspection/data/AOI_DL_data_0901/0423318026550/D0_C1090.jpg,D0_C1090.jpg,"(54, 27, 3)",0423318026550,C1090,C,0901
notdefect,/Users/zhangjiawei/Code/Micro-specialization/NVIDIA_CV_Inspection/data/AOI_DL_data_0901/0423318026765/D0_C1090.jpg,D0_C1090.jpg,"(54, 27, 3)",0423318026765,C1090,C,0901
notdefect,/Users/zhangjiawei/Code/Micro-specialization/NVIDIA_CV_Inspection/data/AOI_DL_data_0901/0423318026557/D0_C1090.jpg,D0_C1090.jpg,"(53, 27, 3)",0423318026557,C1090,C,0901
notdefect,/Users/zhangjiawei/Code/Micro-specialization/NVIDIA_CV_Inspection/data/AOI_DL_data_0901/0423318026568/D0_C1090.jpg,D0_C1090.jpg,"(54, 27, 3)",0423318026568,C1090,C,0901
notdefect,/Users/zhangjiawei/Code/Micro-specialization/NVIDIA_CV_Inspection/data/AOI_DL_data_0901/0423318026105/D0_C1090.jpg,D0_C1090.jpg,"(54, 27, 3)",0423318026105,C1090,C,0901
notdefect,/Users/zhangjiawei/Code/Micro-specialization/NVIDIA_CV_Inspection/data/AOI_DL_data_0901/0423318026337/D1_C1090.jpg,D1_C1090.jpg,"(53, 27, 3)",0423318026337,C1090,C,0901
notdefect,/Users/zhangjiawei/Code/Micro-specialization/NVIDIA_CV_Inspection/data/AOI_DL_data_0901/0423318026561/D0_C1090.jpg,D0_C1090.jpg,"(54, 27, 3)",0423318026561,C1090,C,0901
notdefect,/Users/zhangjiawei/Code/Micro-specialization/NVIDIA_CV_Inspection/data/AOI_DL_data_0901/0423318026592/D1_C1090.jpg,D1_C1090.jpg,"(53, 27, 3)",0423318026592,C1090,C,0901
notdefect,/Users/zhangjiawei/Code/Micro-specialization/NVIDIA_CV_Inspection/data/AOI_DL_data_0901/0423318026566/D1_C1090.jpg,D1_C1090.jpg,"(53, 27, 3)",0423318026566,C1090,C,0901
notdefect,/Users/zhangjiawei/Code/Micro-specialization/NVIDIA_CV_Inspection/data/AOI_DL_data_0901/0423318026754/D0_C524.jpg,D0_C524.jpg,"(282, 209, 3)",0423318026754,C524,C,0901
notdefect,/Users/zhangjiawei/Code/Micro-specialization/NVIDIA_CV_Inspection/data/AOI_DL_data_0901/0423318026754/D0_C1090.jpg,D0_C1090.jpg,"(54, 27, 3)",0423318026754,C1090,C,0901
notdefect,/Users/zhangjiawei/Code/Micro-specialization/NVIDIA_CV_Inspection/data/AOI_DL_data_0901/0423318026754/D0_C511.jpg,D0_C511.jpg,"(209, 281, 3)",0423318026754,C511,C,0901
notdefect,/Users/zhangjiawei/Code/Micro-specialization/NVIDIA_CV_Inspection/data/AOI_DL_data_0901/0423318026559/D1_C1090.jpg,D1_C1090.jpg,"(54, 27, 3)",0423318026559,C1090,C,0901
notdefect,/Users/zhangjiawei/Code/Micro-specialization/NVIDIA_CV_Inspection/data/AOI_DL_data_0901/0423318026749/D1_C1090.jpg,D1_C1090.jpg,"(53, 27, 3)",0423318026749,C1090,C,0901
notdefect,/Users/zhangjiawei/Code/Micro-specialization/NVIDIA_CV_Inspection/data/AOI_DL_data_0901/0423318026782/D1_C1090.jpg,D1_C1090.jpg,"(54, 27, 3)",0423318026782,C1090,C,0901
defect,/Users/zhangjiawei/Code/Micro-specialization/NVIDIA_CV_Inspection/data/AOI_DL_data_0901/0423318026785/D1_C12.jpg,D1_C12.jpg,"(140, 65, 3)",0423318026785,C12,C,0901
notdefect,/Users/zhangjiawei/Code/Micro-specialization/NVIDIA_CV_Inspection/data/AOI_DL_data_0901/0423318026785/D1_C1090.jpg,D1_C1090.jpg,"(54, 27, 3)",0423318026785,C1090,C,0901
notdefect,/Users/zhangjiawei/Code/Micro-specialization/NVIDIA_CV_Inspection/data/AOI_DL_data_0901/0423318026323/D0_C1090.jpg,D0_C1090.jpg,"(54, 27, 3)",0423318026323,C1090,C,0901
notdefect,/Users/zhangjiawei/Code/Micro-specialization/NVIDIA_CV_Inspection/data/AOI_DL_data_0901/0423318026111/D0_C1090.jpg,D0_C1090.jpg,"(54, 27, 3)",0423318026111,C1090,C,0901
notdefect,/Users/zhangjiawei/Code/Micro-specialization/NVIDIA_CV_Inspection/data/AOI_DL_data_0901/0423318026747/D1_C1090.jpg,D1_C1090.jpg,"(53, 27, 3)",0423318026747,C1090,C,0901
notdefect,/Users/zhangjiawei/Code/Micro-specialization/NVIDIA_CV_Inspection/data/AOI_DL_data_0901/0423318026740/D0_C1090.jpg,D0_C1090.jpg,"(54, 27, 3)",0423318026740,C1090,C,0901
notdefect,/Users/zhangjiawei/Code/Micro-specialization/NVIDIA_CV_Inspection/data/AOI_DL_data_0901/0423318026572/D0_C223.jpg,D0_C223.jpg,"(22, 57, 3)",0423318026572,C223,C,0901
notdefect,/Users/zhangjiawei/Code/Micro-specialization/NVIDIA_CV_Inspection/data/AOI_DL_data_0901/0423318026572/D0_C153.jpg,D0_C153.jpg,"(23, 57, 3)",0423318026572,C153,C,0901
notdefect,/Users/zhangjiawei/Code/Micro-specialization/NVIDIA_CV_Inspection/data/AOI_DL_data_0901/0423318026572/D0_C147.jpg,D0_C147.jpg,"(22, 57, 3)",0423318026572,C147,C,0901
notdefect,/Users/zhangjiawei/Code/Micro-specialization/NVIDIA_CV_Inspection/data/AOI_DL_data_0901/0423318026572/D0_C35.jpg,D0_C35.jpg,"(85, 36, 3)",0423318026572,C35,C,0901
notdefect,/Users/zhangjiawei/Code/Micro-specialization/NVIDIA_CV_Inspection/data/AOI_DL_data_0901/0423318026572/D0_C131.jpg,D0_C131.jpg,"(23, 57, 3)",0423318026572,C131,C,0901
notdefect,/Users/zhangjiawei/Code/Micro-specialization/NVIDIA_CV_Inspection/data/AOI_DL_data_0901/0423318026572/D0_C1090.jpg,D0_C1090.jpg,"(54, 27, 3)",0423318026572,C1090,C,0901
notdefect,/Users/zhangjiawei/Code/Micro-specialization/NVIDIA_CV_Inspection/data/AOI_DL_data_0901/0423318026572/D0_C48.jpg,D0_C48.jpg,"(94, 175, 3)",0423318026572,C48,C,0901
notdefect,/Users/zhangjiawei/Code/Micro-specialization/NVIDIA_CV_Inspection/data/AOI_DL_data_0901/0423318026116/D0_C1090.jpg,D0_C1090.jpg,"(54, 27, 3)",0423318026116,C1090,C,0901
defect,/Users/zhangjiawei/Code/Micro-specialization/NVIDIA_CV_Inspection/data/AOI_DL_data_0901/0423418045875/D0_C126.jpg,D0_C126.jpg,"(22, 57, 3)",0423418045875,C126,C,0901
notdefect,/Users/zhangjiawei/Code/Micro-specialization/NVIDIA_CV_Inspection/data/AOI_DL_data_0901/0423418045875/D0_C1090.jpg,D0_C1090.jpg,"(54, 27, 3)",0423418045875,C1090,C,0901
notdefect,/Users/zhangjiawei/Code/Micro-specialization/NVIDIA_CV_Inspection/data/AOI_DL_data_0901/0423318026173/D1_C1090.jpg,D1_C1090.jpg,"(54, 27, 3)",0423318026173,C1090,C,0901
notdefect,/Users/zhangjiawei/Code/Micro-specialization/NVIDIA_CV_Inspection/data/AOI_DL_data_0901/0423318026187/D1_C1090.jpg,D1_C1090.jpg,"(53, 27, 3)",0423318026187,C1090,C,0901
notdefect,/Users/zhangjiawei/Code/Micro-specialization/NVIDIA_CV_Inspection/data/AOI_DL_data_0901/0423318026180/D1_C1090.jpg,D1_C1090.jpg,"(53, 27, 3)",0423318026180,C1090,C,0901
notdefect,/Users/zhangjiawei/Code/Micro-specialization/NVIDIA_CV_Inspection/data/AOI_DL_data_0901/0423318026174/D0_C1090.jpg,D0_C1090.jpg,"(54, 27, 3)",0423318026174,C1090,C,0901
notdefect,/Users/zhangjiawei/Code/Micro-specialization/NVIDIA_CV_Inspection/data/AOI_DL_data_0901/0423318026741/D1_C1090.jpg,D1_C1090.jpg,"(54, 27, 3)",0423318026741,C1090,C,0901
notdefect,/Users/zhangjiawei/Code/Micro-specialization/NVIDIA_CV_Inspection/data/AOI_DL_data_0901/0423318026117/D1_C1090.jpg,D1_C1090.jpg,"(54, 27, 3)",0423318026117,C1090,C,0901
notdefect,/Users/zhangjiawei/Code/Micro-specialization/NVIDIA_CV_Inspection/data/AOI_DL_data_0901/0423318026779/D0_C1090.jpg,D0_C1090.jpg,"(53, 27, 3)",0423318026779,C1090,C,0901
notdefect,/Users/zhangjiawei/Code/Micro-specialization/NVIDIA_CV_Inspection/data/AOI_DL_data_0901/0423318026110/D1_C218.jpg,D1_C218.jpg,"(40, 84, 3)",0423318026110,C218,C,0901
notdefect,/Users/zhangjiawei/Code/Micro-specialization/NVIDIA_CV_Inspection/data/AOI_DL_data_0901/0423318026110/D1_C1090.jpg,D1_C1090.jpg,"(54, 27, 3)",0423318026110,C1090,C,0901
notdefect,/Users/zhangjiawei/Code/Micro-specialization/NVIDIA_CV_Inspection/data/AOI_DL_data_0901/0423318026110/D1_C48.jpg,D1_C48.jpg,"(94, 175, 3)",0423318026110,C48,C,0901
notdefect,/Users/zhangjiawei/Code/Micro-specialization/NVIDIA_CV_Inspection/data/AOI_DL_data_0901/0423318026746/D0_C1090.jpg,D0_C1090.jpg,"(54, 27, 3)",0423318026746,C1090,C,0901
notdefect,/Users/zhangjiawei/Code/Micro-specialization/NVIDIA_CV_Inspection/data/AOI_DL_data_0901/0423318026589/D1_C1090.jpg,D1_C1090.jpg,"(53, 27, 3)",0423318026589,C1090,C,0901
notdefect,/Users/zhangjiawei/Code/Micro-specialization/NVIDIA_CV_Inspection/data/AOI_DL_data_0901/0423318026784/D0_C1090.jpg,D0_C1090.jpg,"(54, 27, 3)",0423318026784,C1090,C,0901
notdefect,/Users/zhangjiawei/Code/Micro-specialization/NVIDIA_CV_Inspection/data/AOI_DL_data_0901/0423318026748/D0_C1090.jpg,D0_C1090.jpg,"(54, 27, 3)",0423318026748,C1090,C,0901
notdefect,/Users/zhangjiawei/Code/Micro-specialization/NVIDIA_CV_Inspection/data/AOI_DL_data_0901/0423318026545/D0_C1090.jpg,D0_C1090.jpg,"(54, 27, 3)",0423318026545,C1090,C,0901
defect,/Users/zhangjiawei/Code/Micro-specialization/NVIDIA_CV_Inspection/data/AOI_DL_data_0901/0423418045829/D0_C126.jpg,D0_C126.jpg,"(22, 57, 3)",0423418045829,C126,C,0901
notdefect,/Users/zhangjiawei/Code/Micro-specialization/NVIDIA_CV_Inspection/data/AOI_DL_data_0901/0423418045829/D0_C1090.jpg,D0_C1090.jpg,"(54, 27, 3)",0423418045829,C1090,C,0901
defect,/Users/zhangjiawei/Code/Micro-specialization/NVIDIA_CV_Inspection/data/AOI_DL_data_0901/0423418045829/D0_C139.jpg,D0_C139.jpg,"(23, 56, 3)",0423418045829,C139,C,0901
notdefect,/Users/zhangjiawei/Code/Micro-specialization/NVIDIA_CV_Inspection/data/AOI_DL_data_0901/0423318026175/D1_C1090.jpg,D1_C1090.jpg,"(53, 27, 3)",0423318026175,C1090,C,0901
notdefect,/Users/zhangjiawei/Code/Micro-specialization/NVIDIA_CV_Inspection/data/AOI_DL_data_0901/0423318026181/D0_C1090.jpg,D0_C1090.jpg,"(53, 27, 3)",0423318026181,C1090,C,0901
notdefect,/Users/zhangjiawei/Code/Micro-specialization/NVIDIA_CV_Inspection/data/AOI_DL_data_0901/0423318026340/D0_C1090.jpg,D0_C1090.jpg,"(54, 27, 3)",0423318026340,C1090,C,0901
notdefect,/Users/zhangjiawei/Code/Micro-specialization/NVIDIA_CV_Inspection/data/AOI_DL_data_0901/0423318023851/D0_C1090.jpg,D0_C1090.jpg,"(54, 27, 3)",0423318023851,C1090,C,0901
notdefect,/Users/zhangjiawei/Code/Micro-specialization/NVIDIA_CV_Inspection/data/AOI_DL_data_0901/0423318026527/D1_C1090.jpg,D1_C1090.jpg,"(54, 27, 3)",0423318026527,C1090,C,0901
notdefect,/Users/zhangjiawei/Code/Micro-specialization/NVIDIA_CV_Inspection/data/AOI_DL_data_0901/0423318026188/D0_C1090.jpg,D0_C1090.jpg,"(54, 27, 3)",0423318026188,C1090,C,0901
notdefect,/Users/zhangjiawei/Code/Micro-specialization/NVIDIA_CV_Inspection/data/AOI_DL_data_0901/0423318026658/D1_C1090.jpg,D1_C1090.jpg,"(54, 27, 3)",0423318026658,C1090,C,0901
notdefect,/Users/zhangjiawei/Code/Micro-specialization/NVIDIA_CV_Inspection/data/AOI_DL_data_0901/0423318026667/D0_C1090.jpg,D0_C1090.jpg,"(54, 27, 3)",0423318026667,C1090,C,0901
notdefect,/Users/zhangjiawei/Code/Micro-specialization/NVIDIA_CV_Inspection/data/AOI_DL_data_0901/0423318026660/D1_C1090.jpg,D1_C1090.jpg,"(53, 27, 3)",0423318026660,C1090,C,0901
notdefect,/Users/zhangjiawei/Code/Micro-specialization/NVIDIA_CV_Inspection/data/AOI_DL_data_0901/0423318026651/D0_C1090.jpg,D0_C1090.jpg,"(54, 27, 3)",0423318026651,C1090,C,0901
notdefect,/Users/zhangjiawei/Code/Micro-specialization/NVIDIA_CV_Inspection/data/AOI_DL_data_0901/0423318026235/D1_C1090.jpg,D1_C1090.jpg,"(53, 27, 3)",0423318026235,C1090,C,0901
notdefect,/Users/zhangjiawei/Code/Micro-specialization/NVIDIA_CV_Inspection/data/AOI_DL_data_0901/0423318026259/D1_C1090.jpg,D1_C1090.jpg,"(53, 27, 3)",0423318026259,C1090,C,0901
notdefect,/Users/zhangjiawei/Code/Micro-specialization/NVIDIA_CV_Inspection/data/AOI_DL_data_0901/0423318026250/D1_C1090.jpg,D1_C1090.jpg,"(54, 27, 3)",0423318026250,C1090,C,0901
notdefect,/Users/zhangjiawei/Code/Micro-specialization/NVIDIA_CV_Inspection/data/AOI_DL_data_0901/0423318026096/D1_C1090.jpg,D1_C1090.jpg,"(54, 27, 3)",0423318026096,C1090,C,0901
notdefect,/Users/zhangjiawei/Code/Micro-specialization/NVIDIA_CV_Inspection/data/AOI_DL_data_0901/0423418014955/D0_C1090.jpg,D0_C1090.jpg,"(54, 27, 3)",0423418014955,C1090,C,0901
notdefect,/Users/zhangjiawei/Code/Micro-specialization/NVIDIA_CV_Inspection/data/AOI_DL_data_0901/0423318026091/D1_C1090.jpg,D1_C1090.jpg,"(54, 27, 3)",0423318026091,C1090,C,0901
notdefect,/Users/zhangjiawei/Code/Micro-specialization/NVIDIA_CV_Inspection/data/AOI_DL_data_0901/0423318026668/D1_C1090.jpg,D1_C1090.jpg,"(54, 27, 3)",0423318026668,C1090,C,0901
notdefect,/Users/zhangjiawei/Code/Micro-specialization/NVIDIA_CV_Inspection/data/AOI_DL_data_0901/0423318026657/D0_C1090.jpg,D0_C1090.jpg,"(54, 27, 3)",0423318026657,C1090,C,0901
notdefect,/Users/zhangjiawei/Code/Micro-specialization/NVIDIA_CV_Inspection/data/AOI_DL_data_0901/0423318026661/D0_C1090.jpg,D0_C1090.jpg,"(54, 27, 3)",0423318026661,C1090,C,0901
notdefect,/Users/zhangjiawei/Code/Micro-specialization/NVIDIA_CV_Inspection/data/AOI_DL_data_0901/0423318026659/D0_C1090.jpg,D0_C1090.jpg,"(53, 27, 3)",0423318026659,C1090,C,0901
notdefect,/Users/zhangjiawei/Code/Micro-specialization/NVIDIA_CV_Inspection/data/AOI_DL_data_0901/0423318026659/D0_C217.jpg,D0_C217.jpg,"(40, 84, 3)",0423318026659,C217,C,0901
notdefect,/Users/zhangjiawei/Code/Micro-specialization/NVIDIA_CV_Inspection/data/AOI_DL_data_0901/0423318026097/D0_C1090.jpg,D0_C1090.jpg,"(54, 27, 3)",0423318026097,C1090,C,0901
notdefect,/Users/zhangjiawei/Code/Micro-specialization/NVIDIA_CV_Inspection/data/AOI_DL_data_0901/0423318026258/D0_C1090.jpg,D0_C1090.jpg,"(53, 27, 3)",0423318026258,C1090,C,0901
notdefect,/Users/zhangjiawei/Code/Micro-specialization/NVIDIA_CV_Inspection/data/AOI_DL_data_0901/0423318026099/D1_C1090.jpg,D1_C1090.jpg,"(53, 27, 3)",0423318026099,C1090,C,0901
notdefect,/Users/zhangjiawei/Code/Micro-specialization/NVIDIA_CV_Inspection/data/AOI_DL_data_0930/0423818070048/D1_C143.jpg,D1_C143.jpg,"(56, 22, 3)",0423818070048,C143,C,0930
notdefect,/Users/zhangjiawei/Code/Micro-specialization/NVIDIA_CV_Inspection/data/AOI_DL_data_0930/0423818070048/D1_C144.jpg,D1_C144.jpg,"(56, 22, 3)",0423818070048,C144,C,0930
notdefect,/Users/zhangjiawei/Code/Micro-specialization/NVIDIA_CV_Inspection/data/AOI_DL_data_0930/0423818070048/D1_C109.jpg,D1_C109.jpg,"(56, 22, 3)",0423818070048,C109,C,0930
notdefect,/Users/zhangjiawei/Code/Micro-specialization/NVIDIA_CV_Inspection/data/AOI_DL_data_0930/0423818070048/D1_C105.jpg,D1_C105.jpg,"(56, 22, 3)",0423818070048,C105,C,0930
notdefect,/Users/zhangjiawei/Code/Micro-specialization/NVIDIA_CV_Inspection/data/AOI_DL_data_0930/0423818070289/D1_C46.jpg,D1_C46.jpg,"(84, 37, 3)",0423818070289,C46,C,0930
notdefect,/Users/zhangjiawei/Code/Micro-specialization/NVIDIA_CV_Inspection/data/AOI_DL_data_0930/0423818070289/D1_C143.jpg,D1_C143.jpg,"(56, 22, 3)",0423818070289,C143,C,0930
notdefect,/Users/zhangjiawei/Code/Micro-specialization/NVIDIA_CV_Inspection/data/AOI_DL_data_0930/0423818070289/D1_C144.jpg,D1_C144.jpg,"(56, 23, 3)",0423818070289,C144,C,0930
notdefect,/Users/zhangjiawei/Code/Micro-specialization/NVIDIA_CV_Inspection/data/AOI_DL_data_0930/0423818070289/D1_C1088.jpg,D1_C1088.jpg,"(84, 37, 3)",0423818070289,C1088,C,0930
notdefect,/Users/zhangjiawei/Code/Micro-specialization/NVIDIA_CV_Inspection/data/AOI_DL_data_0930/0423818070289/D1_C109.jpg,D1_C109.jpg,"(56, 22, 3)",0423818070289,C109,C,0930
notdefect,/Users/zhangjiawei/Code/Micro-specialization/NVIDIA_CV_Inspection/data/AOI_DL_data_0930/0423818070289/D1_C105.jpg,D1_C105.jpg,"(56, 22, 3)",0423818070289,C105,C,0930
notdefect,/Users/zhangjiawei/Code/Micro-specialization/NVIDIA_CV_Inspection/data/AOI_DL_data_0930/0423818070287/D1_C143.jpg,D1_C143.jpg,"(56, 22, 3)",0423818070287,C143,C,0930
notdefect,/Users/zhangjiawei/Code/Micro-specialization/NVIDIA_CV_Inspection/data/AOI_DL_data_0930/0423818070287/D1_C144.jpg,D1_C144.jpg,"(56, 22, 3)",0423818070287,C144,C,0930
notdefect,/Users/zhangjiawei/Code/Micro-specialization/NVIDIA_CV_Inspection/data/AOI_DL_data_0930/0423818070287/D1_C109.jpg,D1_C109.jpg,"(56, 22, 3)",0423818070287,C109,C,0930
notdefect,/Users/zhangjiawei/Code/Micro-specialization/NVIDIA_CV_Inspection/data/AOI_DL_data_0930/0423818070287/D1_C105.jpg,D1_C105.jpg,"(56, 22, 3)",0423818070287,C105,C,0930
notdefect,/Users/zhangjiawei/Code/Micro-specialization/NVIDIA_CV_Inspection/data/AOI_DL_data_0930/0423818069904/D0_C143.jpg,D0_C143.jpg,"(56, 22, 3)",0423818069904,C143,C,0930
notdefect,/Users/zhangjiawei/Code/Micro-specialization/NVIDIA_CV_Inspection/data/AOI_DL_data_0930/0423818069904/D0_C144.jpg,D0_C144.jpg,"(56, 22, 3)",0423818069904,C144,C,0930
notdefect,/Users/zhangjiawei/Code/Micro-specialization/NVIDIA_CV_Inspection/data/AOI_DL_data_0930/0423818069904/D0_C109.jpg,D0_C109.jpg,"(56, 22, 3)",0423818069904,C109,C,0930
notdefect,/Users/zhangjiawei/Code/Micro-specialization/NVIDIA_CV_Inspection/data/AOI_DL_data_0930/0423818069904/D0_C1088.jpg,D0_C1088.jpg,"(85, 37, 3)",0423818069904,C1088,C,0930
notdefect,/Users/zhangjiawei/Code/Micro-specialization/NVIDIA_CV_Inspection/data/AOI_DL_data_0930/0423818069904/D0_C105.jpg,D0_C105.jpg,"(56, 22, 3)",0423818069904,C105,C,0930
notdefect,/Users/zhangjiawei/Code/Micro-specialization/NVIDIA_CV_Inspection/data/AOI_DL_data_0930/0423818069903/D1_C143.jpg,D1_C143.jpg,"(57, 22, 3)",0423818069903,C143,C,0930
notdefect,/Users/zhangjiawei/Code/Micro-specialization/NVIDIA_CV_Inspection/data/AOI_DL_data_0930/0423818069903/D1_C144.jpg,D1_C144.jpg,"(56, 23, 3)",0423818069903,C144,C,0930
notdefect,/Users/zhangjiawei/Code/Micro-specialization/NVIDIA_CV_Inspection/data/AOI_DL_data_0930/0423818069903/D1_C109.jpg,D1_C109.jpg,"(56, 22, 3)",0423818069903,C109,C,0930
notdefect,/Users/zhangjiawei/Code/Micro-specialization/NVIDIA_CV_Inspection/data/AOI_DL_data_0930/0423818069903/D1_C105.jpg,D1_C105.jpg,"(56, 22, 3)",0423818069903,C105,C,0930
notdefect,/Users/zhangjiawei/Code/Micro-specialization/NVIDIA_CV_Inspection/data/AOI_DL_data_0930/0423818070024/D0_C143.jpg,D0_C143.jpg,"(56, 22, 3)",0423818070024,C143,C,0930
notdefect,/Users/zhangjiawei/Code/Micro-specialization/NVIDIA_CV_Inspection/data/AOI_DL_data_0930/0423818070024/D0_C144.jpg,D0_C144.jpg,"(56, 23, 3)",0423818070024,C144,C,0930
notdefect,/Users/zhangjiawei/Code/Micro-specialization/NVIDIA_CV_Inspection/data/AOI_DL_data_0930/0423818070024/D0_C109.jpg,D0_C109.jpg,"(56, 22, 3)",0423818070024,C109,C,0930
notdefect,/Users/zhangjiawei/Code/Micro-specialization/NVIDIA_CV_Inspection/data/AOI_DL_data_0930/0423818070024/D0_C105.jpg,D0_C105.jpg,"(56, 22, 3)",0423818070024,C105,C,0930
notdefect,/Users/zhangjiawei/Code/Micro-specialization/NVIDIA_CV_Inspection/data/AOI_DL_data_0930/0423818070023/D1_C143.jpg,D1_C143.jpg,"(56, 22, 3)",0423818070023,C143,C,0930
notdefect,/Users/zhangjiawei/Code/Micro-specialization/NVIDIA_CV_Inspection/data/AOI_DL_data_0930/0423818070023/D1_C144.jpg,D1_C144.jpg,"(56, 22, 3)",0423818070023,C144,C,0930
notdefect,/Users/zhangjiawei/Code/Micro-specialization/NVIDIA_CV_Inspection/data/AOI_DL_data_0930/0423818070023/D1_C109.jpg,D1_C109.jpg,"(56, 22, 3)",0423818070023,C109,C,0930
notdefect,/Users/zhangjiawei/Code/Micro-specialization/NVIDIA_CV_Inspection/data/AOI_DL_data_0930/0423818070023/D1_C105.jpg,D1_C105.jpg,"(56, 22, 3)",0423818070023,C105,C,0930
notdefect,/Users/zhangjiawei/Code/Micro-specialization/NVIDIA_CV_Inspection/data/AOI_DL_data_0930/0423818070040/D1_C46.jpg,D1_C46.jpg,"(85, 36, 3)",0423818070040,C46,C,0930
notdefect,/Users/zhangjiawei/Code/Micro-specialization/NVIDIA_CV_Inspection/data/AOI_DL_data_0930/0423818070040/D1_C143.jpg,D1_C143.jpg,"(56, 22, 3)",0423818070040,C143,C,0930
notdefect,/Users/zhangjiawei/Code/Micro-specialization/NVIDIA_CV_Inspection/data/AOI_DL_data_0930/0423818070040/D1_C144.jpg,D1_C144.jpg,"(57, 23, 3)",0423818070040,C144,C,0930
notdefect,/Users/zhangjiawei/Code/Micro-specialization/NVIDIA_CV_Inspection/data/AOI_DL_data_0930/0423818070040/D1_C109.jpg,D1_C109.jpg,"(56, 22, 3)",0423818070040,C109,C,0930
notdefect,/Users/zhangjiawei/Code/Micro-specialization/NVIDIA_CV_Inspection/data/AOI_DL_data_0930/0423818070040/D1_C105.jpg,D1_C105.jpg,"(56, 22, 3)",0423818070040,C105,C,0930
notdefect,/Users/zhangjiawei/Code/Micro-specialization/NVIDIA_CV_Inspection/data/AOI_DL_data_0930/0423818070040/D1_C206.jpg,D1_C206.jpg,"(36, 85, 3)",0423818070040,C206,C,0930
notdefect,/Users/zhangjiawei/Code/Micro-specialization/NVIDIA_CV_Inspection/data/AOI_DL_data_0930/0423818070286/D0_C143.jpg,D0_C143.jpg,"(56, 22, 3)",0423818070286,C143,C,0930
notdefect,/Users/zhangjiawei/Code/Micro-specialization/NVIDIA_CV_Inspection/data/AOI_DL_data_0930/0423818070286/D0_C144.jpg,D0_C144.jpg,"(56, 22, 3)",0423818070286,C144,C,0930
notdefect,/Users/zhangjiawei/Code/Micro-specialization/NVIDIA_CV_Inspection/data/AOI_DL_data_0930/0423818070286/D0_C109.jpg,D0_C109.jpg,"(56, 22, 3)",0423818070286,C109,C,0930
notdefect,/Users/zhangjiawei/Code/Micro-specialization/NVIDIA_CV_Inspection/data/AOI_DL_data_0930/0423818070286/D0_C105.jpg,D0_C105.jpg,"(56, 22, 3)",0423818070286,C105,C,0930
notdefect,/Users/zhangjiawei/Code/Micro-specialization/NVIDIA_CV_Inspection/data/AOI_DL_data_0930/0423818070047/D0_C143.jpg,D0_C143.jpg,"(56, 22, 3)",0423818070047,C143,C,0930
notdefect,/Users/zhangjiawei/Code/Micro-specialization/NVIDIA_CV_Inspection/data/AOI_DL_data_0930/0423818070047/D0_C144.jpg,D0_C144.jpg,"(56, 22, 3)",0423818070047,C144,C,0930
notdefect,/Users/zhangjiawei/Code/Micro-specialization/NVIDIA_CV_Inspection/data/AOI_DL_data_0930/0423818070047/D0_C109.jpg,D0_C109.jpg,"(56, 22, 3)",0423818070047,C109,C,0930
notdefect,/Users/zhangjiawei/Code/Micro-specialization/NVIDIA_CV_Inspection/data/AOI_DL_data_0930/0423818070047/D0_C105.jpg,D0_C105.jpg,"(56, 22, 3)",0423818070047,C105,C,0930
notdefect,/Users/zhangjiawei/Code/Micro-specialization/NVIDIA_CV_Inspection/data/AOI_DL_data_0930/0423818070288/D0_C143.jpg,D0_C143.jpg,"(56, 22, 3)",0423818070288,C143,C,0930
notdefect,/Users/zhangjiawei/Code/Micro-specialization/NVIDIA_CV_Inspection/data/AOI_DL_data_0930/0423818070288/D0_C144.jpg,D0_C144.jpg,"(56, 23, 3)",0423818070288,C144,C,0930
notdefect,/Users/zhangjiawei/Code/Micro-specialization/NVIDIA_CV_Inspection/data/AOI_DL_data_0930/0423818070288/D0_C109.jpg,D0_C109.jpg,"(56, 22, 3)",0423818070288,C109,C,0930
notdefect,/Users/zhangjiawei/Code/Micro-specialization/NVIDIA_CV_Inspection/data/AOI_DL_data_0930/0423818070288/D0_C105.jpg,D0_C105.jpg,"(56, 22, 3)",0423818070288,C105,C,0930
notdefect,/Users/zhangjiawei/Code/Micro-specialization/NVIDIA_CV_Inspection/data/AOI_DL_data_0930/0423818070022/D0_C143.jpg,D0_C143.jpg,"(56, 22, 3)",0423818070022,C143,C,0930
notdefect,/Users/zhangjiawei/Code/Micro-specialization/NVIDIA_CV_Inspection/data/AOI_DL_data_0930/0423818070022/D0_C144.jpg,D0_C144.jpg,"(56, 22, 3)",0423818070022,C144,C,0930
notdefect,/Users/zhangjiawei/Code/Micro-specialization/NVIDIA_CV_Inspection/data/AOI_DL_data_0930/0423818070022/D0_C109.jpg,D0_C109.jpg,"(56, 22, 3)",0423818070022,C109,C,0930
notdefect,/Users/zhangjiawei/Code/Micro-specialization/NVIDIA_CV_Inspection/data/AOI_DL_data_0930/0423818070022/D0_C105.jpg,D0_C105.jpg,"(56, 22, 3)",0423818070022,C105,C,0930
notdefect,/Users/zhangjiawei/Code/Micro-specialization/NVIDIA_CV_Inspection/data/AOI_DL_data_0930/0423818070025/D1_C143.jpg,D1_C143.jpg,"(56, 22, 3)",0423818070025,C143,C,0930
notdefect,/Users/zhangjiawei/Code/Micro-specialization/NVIDIA_CV_Inspection/data/AOI_DL_data_0930/0423818070025/D1_C144.jpg,D1_C144.jpg,"(56, 23, 3)",0423818070025,C144,C,0930
notdefect,/Users/zhangjiawei/Code/Micro-specialization/NVIDIA_CV_Inspection/data/AOI_DL_data_0930/0423818070025/D1_C109.jpg,D1_C109.jpg,"(56, 22, 3)",0423818070025,C109,C,0930
notdefect,/Users/zhangjiawei/Code/Micro-specialization/NVIDIA_CV_Inspection/data/AOI_DL_data_0930/0423818070025/D1_C105.jpg,D1_C105.jpg,"(56, 22, 3)",0423818070025,C105,C,0930
notdefect,/Users/zhangjiawei/Code/Micro-specialization/NVIDIA_CV_Inspection/data/AOI_DL_data_0930/0423818069795/D1_C143.jpg,D1_C143.jpg,"(57, 22, 3)",0423818069795,C143,C,0930
notdefect,/Users/zhangjiawei/Code/Micro-specialization/NVIDIA_CV_Inspection/data/AOI_DL_data_0930/0423818069795/D1_C144.jpg,D1_C144.jpg,"(56, 23, 3)",0423818069795,C144,C,0930
notdefect,/Users/zhangjiawei/Code/Micro-specialization/NVIDIA_CV_Inspection/data/AOI_DL_data_0930/0423818069795/D1_C109.jpg,D1_C109.jpg,"(56, 22, 3)",0423818069795,C109,C,0930
notdefect,/Users/zhangjiawei/Code/Micro-specialization/NVIDIA_CV_Inspection/data/AOI_DL_data_0930/0423818069795/D1_C105.jpg,D1_C105.jpg,"(56, 22, 3)",0423818069795,C105,C,0930
notdefect,/Users/zhangjiawei/Code/Micro-specialization/NVIDIA_CV_Inspection/data/AOI_DL_data_0930/0423818069795/D1_C48.jpg,D1_C48.jpg,"(94, 175, 3)",0423818069795,C48,C,0930
notdefect,/Users/zhangjiawei/Code/Micro-specialization/NVIDIA_CV_Inspection/data/AOI_DL_data_0930/0423818069905/D1_C143.jpg,D1_C143.jpg,"(56, 22, 3)",0423818069905,C143,C,0930
notdefect,/Users/zhangjiawei/Code/Micro-specialization/NVIDIA_CV_Inspection/data/AOI_DL_data_0930/0423818069905/D1_C144.jpg,D1_C144.jpg,"(56, 22, 3)",0423818069905,C144,C,0930
notdefect,/Users/zhangjiawei/Code/Micro-specialization/NVIDIA_CV_Inspection/data/AOI_DL_data_0930/0423818069905/D1_C109.jpg,D1_C109.jpg,"(56, 22, 3)",0423818069905,C109,C,0930
notdefect,/Users/zhangjiawei/Code/Micro-specialization/NVIDIA_CV_Inspection/data/AOI_DL_data_0930/0423818069905/D1_C105.jpg,D1_C105.jpg,"(56, 22, 3)",0423818069905,C105,C,0930
notdefect,/Users/zhangjiawei/Code/Micro-specialization/NVIDIA_CV_Inspection/data/AOI_DL_data_0930/0423818069905/D1_C1085.jpg,D1_C1085.jpg,"(37, 84, 3)",0423818069905,C1085,C,0930
notdefect,/Users/zhangjiawei/Code/Micro-specialization/NVIDIA_CV_Inspection/data/AOI_DL_data_0930/0423818069877/D1_C143.jpg,D1_C143.jpg,"(56, 22, 3)",0423818069877,C143,C,0930
notdefect,/Users/zhangjiawei/Code/Micro-specialization/NVIDIA_CV_Inspection/data/AOI_DL_data_0930/0423818069877/D1_C144.jpg,D1_C144.jpg,"(56, 22, 3)",0423818069877,C144,C,0930
notdefect,/Users/zhangjiawei/Code/Micro-specialization/NVIDIA_CV_Inspection/data/AOI_DL_data_0930/0423818069877/D1_C109.jpg,D1_C109.jpg,"(56, 22, 3)",0423818069877,C109,C,0930
notdefect,/Users/zhangjiawei/Code/Micro-specialization/NVIDIA_CV_Inspection/data/AOI_DL_data_0930/0423818069877/D1_C105.jpg,D1_C105.jpg,"(56, 22, 3)",0423818069877,C105,C,0930
notdefect,/Users/zhangjiawei/Code/Micro-specialization/NVIDIA_CV_Inspection/data/AOI_DL_data_0930/0423818069877/D1_C206.jpg,D1_C206.jpg,"(36, 84, 3)",0423818069877,C206,C,0930
notdefect,/Users/zhangjiawei/Code/Micro-specialization/NVIDIA_CV_Inspection/data/AOI_DL_data_0930/0423818069870/D0_C143.jpg,D0_C143.jpg,"(56, 22, 3)",0423818069870,C143,C,0930
notdefect,/Users/zhangjiawei/Code/Micro-specialization/NVIDIA_CV_Inspection/data/AOI_DL_data_0930/0423818069870/D0_C144.jpg,D0_C144.jpg,"(56, 22, 3)",0423818069870,C144,C,0930
notdefect,/Users/zhangjiawei/Code/Micro-specialization/NVIDIA_CV_Inspection/data/AOI_DL_data_0930/0423818069870/D0_C109.jpg,D0_C109.jpg,"(56, 22, 3)",0423818069870,C109,C,0930
notdefect,/Users/zhangjiawei/Code/Micro-specialization/NVIDIA_CV_Inspection/data/AOI_DL_data_0930/0423818069870/D0_C105.jpg,D0_C105.jpg,"(56, 22, 3)",0423818069870,C105,C,0930
notdefect,/Users/zhangjiawei/Code/Micro-specialization/NVIDIA_CV_Inspection/data/AOI_DL_data_0930/0423818069870/D0_C206.jpg,D0_C206.jpg,"(36, 85, 3)",0423818069870,C206,C,0930
notdefect,/Users/zhangjiawei/Code/Micro-specialization/NVIDIA_CV_Inspection/data/AOI_DL_data_0930/0423818069884/D0_C143.jpg,D0_C143.jpg,"(56, 22, 3)",0423818069884,C143,C,0930
notdefect,/Users/zhangjiawei/Code/Micro-specialization/NVIDIA_CV_Inspection/data/AOI_DL_data_0930/0423818069884/D0_C144.jpg,D0_C144.jpg,"(56, 23, 3)",0423818069884,C144,C,0930
notdefect,/Users/zhangjiawei/Code/Micro-specialization/NVIDIA_CV_Inspection/data/AOI_DL_data_0930/0423818069884/D0_C109.jpg,D0_C109.jpg,"(56, 22, 3)",0423818069884,C109,C,0930
notdefect,/Users/zhangjiawei/Code/Micro-specialization/NVIDIA_CV_Inspection/data/AOI_DL_data_0930/0423818069884/D0_C1087.jpg,D0_C1087.jpg,"(85, 37, 3)",0423818069884,C1087,C,0930
notdefect,/Users/zhangjiawei/Code/Micro-specialization/NVIDIA_CV_Inspection/data/AOI_DL_data_0930/0423818069884/D0_C105.jpg,D0_C105.jpg,"(56, 22, 3)",0423818069884,C105,C,0930
notdefect,/Users/zhangjiawei/Code/Micro-specialization/NVIDIA_CV_Inspection/data/AOI_DL_data_0930/0423818069879/D1_C143.jpg,D1_C143.jpg,"(56, 22, 3)",0423818069879,C143,C,0930
notdefect,/Users/zhangjiawei/Code/Micro-specialization/NVIDIA_CV_Inspection/data/AOI_DL_data_0930/0423818069879/D1_C144.jpg,D1_C144.jpg,"(56, 22, 3)",0423818069879,C144,C,0930
notdefect,/Users/zhangjiawei/Code/Micro-specialization/NVIDIA_CV_Inspection/data/AOI_DL_data_0930/0423818069879/D1_C109.jpg,D1_C109.jpg,"(56, 22, 3)",0423818069879,C109,C,0930
notdefect,/Users/zhangjiawei/Code/Micro-specialization/NVIDIA_CV_Inspection/data/AOI_DL_data_0930/0423818069879/D1_C39.jpg,D1_C39.jpg,"(85, 37, 3)",0423818069879,C39,C,0930
notdefect,/Users/zhangjiawei/Code/Micro-specialization/NVIDIA_CV_Inspection/data/AOI_DL_data_0930/0423818069879/D1_C105.jpg,D1_C105.jpg,"(56, 22, 3)",0423818069879,C105,C,0930
notdefect,/Users/zhangjiawei/Code/Micro-specialization/NVIDIA_CV_Inspection/data/AOI_DL_data_0930/0423818069841/D1_C143.jpg,D1_C143.jpg,"(56, 22, 3)",0423818069841,C143,C,0930
notdefect,/Users/zhangjiawei/Code/Micro-specialization/NVIDIA_CV_Inspection/data/AOI_DL_data_0930/0423818069841/D1_C144.jpg,D1_C144.jpg,"(56, 22, 3)",0423818069841,C144,C,0930
notdefect,/Users/zhangjiawei/Code/Micro-specialization/NVIDIA_CV_Inspection/data/AOI_DL_data_0930/0423818069841/D1_C109.jpg,D1_C109.jpg,"(56, 22, 3)",0423818069841,C109,C,0930
notdefect,/Users/zhangjiawei/Code/Micro-specialization/NVIDIA_CV_Inspection/data/AOI_DL_data_0930/0423818069841/D1_C105.jpg,D1_C105.jpg,"(56, 22, 3)",0423818069841,C105,C,0930
notdefect,/Users/zhangjiawei/Code/Micro-specialization/NVIDIA_CV_Inspection/data/AOI_DL_data_0930/0423818070309/D1_C143.jpg,D1_C143.jpg,"(56, 22, 3)",0423818070309,C143,C,0930
notdefect,/Users/zhangjiawei/Code/Micro-specialization/NVIDIA_CV_Inspection/data/AOI_DL_data_0930/0423818070309/D1_C144.jpg,D1_C144.jpg,"(56, 22, 3)",0423818070309,C144,C,0930
notdefect,/Users/zhangjiawei/Code/Micro-specialization/NVIDIA_CV_Inspection/data/AOI_DL_data_0930/0423818070309/D1_C109.jpg,D1_C109.jpg,"(56, 22, 3)",0423818070309,C109,C,0930
notdefect,/Users/zhangjiawei/Code/Micro-specialization/NVIDIA_CV_Inspection/data/AOI_DL_data_0930/0423818070309/D1_C105.jpg,D1_C105.jpg,"(56, 22, 3)",0423818070309,C105,C,0930
notdefect,/Users/zhangjiawei/Code/Micro-specialization/NVIDIA_CV_Inspection/data/AOI_DL_data_0930/0423818070309/D1_C1085.jpg,D1_C1085.jpg,"(37, 84, 3)",0423818070309,C1085,C,0930
notdefect,/Users/zhangjiawei/Code/Micro-specialization/NVIDIA_CV_Inspection/data/AOI_DL_data_0930/0423818069840/D0_C143.jpg,D0_C143.jpg,"(56, 22, 3)",0423818069840,C143,C,0930
notdefect,/Users/zhangjiawei/Code/Micro-specialization/NVIDIA_CV_Inspection/data/AOI_DL_data_0930/0423818069840/D0_C144.jpg,D0_C144.jpg,"(56, 22, 3)",0423818069840,C144,C,0930
notdefect,/Users/zhangjiawei/Code/Micro-specialization/NVIDIA_CV_Inspection/data/AOI_DL_data_0930/0423818069840/D0_C109.jpg,D0_C109.jpg,"(56, 22, 3)",0423818069840,C109,C,0930
notdefect,/Users/zhangjiawei/Code/Micro-specialization/NVIDIA_CV_Inspection/data/AOI_DL_data_0930/0423818069840/D0_C105.jpg,D0_C105.jpg,"(56, 22, 3)",0423818069840,C105,C,0930
notdefect,/Users/zhangjiawei/Code/Micro-specialization/NVIDIA_CV_Inspection/data/AOI_DL_data_0930/0423818069878/D0_C143.jpg,D0_C143.jpg,"(56, 22, 3)",0423818069878,C143,C,0930
notdefect,/Users/zhangjiawei/Code/Micro-specialization/NVIDIA_CV_Inspection/data/AOI_DL_data_0930/0423818069878/D0_C144.jpg,D0_C144.jpg,"(56, 22, 3)",0423818069878,C144,C,0930
notdefect,/Users/zhangjiawei/Code/Micro-specialization/NVIDIA_CV_Inspection/data/AOI_DL_data_0930/0423818069878/D0_C109.jpg,D0_C109.jpg,"(56, 22, 3)",0423818069878,C109,C,0930
notdefect,/Users/zhangjiawei/Code/Micro-specialization/NVIDIA_CV_Inspection/data/AOI_DL_data_0930/0423818069878/D0_C105.jpg,D0_C105.jpg,"(56, 22, 3)",0423818069878,C105,C,0930
notdefect,/Users/zhangjiawei/Code/Micro-specialization/NVIDIA_CV_Inspection/data/AOI_DL_data_0930/0423818069885/D1_C143.jpg,D1_C143.jpg,"(56, 22, 3)",0423818069885,C143,C,0930
notdefect,/Users/zhangjiawei/Code/Micro-specialization/NVIDIA_CV_Inspection/data/AOI_DL_data_0930/0423818069885/D1_C144.jpg,D1_C144.jpg,"(56, 23, 3)",0423818069885,C144,C,0930
notdefect,/Users/zhangjiawei/Code/Micro-specialization/NVIDIA_CV_Inspection/data/AOI_DL_data_0930/0423818069885/D1_C1088.jpg,D1_C1088.jpg,"(85, 37, 3)",0423818069885,C1088,C,0930
notdefect,/Users/zhangjiawei/Code/Micro-specialization/NVIDIA_CV_Inspection/data/AOI_DL_data_0930/0423818069885/D1_C109.jpg,D1_C109.jpg,"(56, 22, 3)",0423818069885,C109,C,0930
notdefect,/Users/zhangjiawei/Code/Micro-specialization/NVIDIA_CV_Inspection/data/AOI_DL_data_0930/0423818069885/D1_C105.jpg,D1_C105.jpg,"(56, 22, 3)",0423818069885,C105,C,0930
notdefect,/Users/zhangjiawei/Code/Micro-specialization/NVIDIA_CV_Inspection/data/AOI_DL_data_0930/0423818069885/D1_C202.jpg,D1_C202.jpg,"(36, 85, 3)",0423818069885,C202,C,0930
notdefect,/Users/zhangjiawei/Code/Micro-specialization/NVIDIA_CV_Inspection/data/AOI_DL_data_0930/0423818069871/D1_C143.jpg,D1_C143.jpg,"(56, 22, 3)",0423818069871,C143,C,0930
notdefect,/Users/zhangjiawei/Code/Micro-specialization/NVIDIA_CV_Inspection/data/AOI_DL_data_0930/0423818069871/D1_C144.jpg,D1_C144.jpg,"(56, 22, 3)",0423818069871,C144,C,0930
notdefect,/Users/zhangjiawei/Code/Micro-specialization/NVIDIA_CV_Inspection/data/AOI_DL_data_0930/0423818069871/D1_C109.jpg,D1_C109.jpg,"(56, 22, 3)",0423818069871,C109,C,0930
notdefect,/Users/zhangjiawei/Code/Micro-specialization/NVIDIA_CV_Inspection/data/AOI_DL_data_0930/0423818069871/D1_C530.jpg,D1_C530.jpg,"(207, 272, 3)",0423818069871,C530,C,0930
notdefect,/Users/zhangjiawei/Code/Micro-specialization/NVIDIA_CV_Inspection/data/AOI_DL_data_0930/0423818069871/D1_C105.jpg,D1_C105.jpg,"(56, 22, 3)",0423818069871,C105,C,0930
notdefect,/Users/zhangjiawei/Code/Micro-specialization/NVIDIA_CV_Inspection/data/AOI_DL_data_0930/0423818069876/D0_C143.jpg,D0_C143.jpg,"(56, 22, 3)",0423818069876,C143,C,0930
notdefect,/Users/zhangjiawei/Code/Micro-specialization/NVIDIA_CV_Inspection/data/AOI_DL_data_0930/0423818069876/D0_C144.jpg,D0_C144.jpg,"(56, 22, 3)",0423818069876,C144,C,0930
notdefect,/Users/zhangjiawei/Code/Micro-specialization/NVIDIA_CV_Inspection/data/AOI_DL_data_0930/0423818069876/D0_C109.jpg,D0_C109.jpg,"(56, 22, 3)",0423818069876,C109,C,0930
notdefect,/Users/zhangjiawei/Code/Micro-specialization/NVIDIA_CV_Inspection/data/AOI_DL_data_0930/0423818069876/D0_C105.jpg,D0_C105.jpg,"(56, 22, 3)",0423818069876,C105,C,0930
notdefect,/Users/zhangjiawei/Code/Micro-specialization/NVIDIA_CV_Inspection/data/AOI_DL_data_0930/0423818069876/D0_C39.jpg,D0_C39.jpg,"(85, 37, 3)",0423818069876,C39,C,0930
notdefect,/Users/zhangjiawei/Code/Micro-specialization/NVIDIA_CV_Inspection/data/AOI_DL_data_0930/0423818069825/D0_C143.jpg,D0_C143.jpg,"(56, 22, 3)",0423818069825,C143,C,0930
notdefect,/Users/zhangjiawei/Code/Micro-specialization/NVIDIA_CV_Inspection/data/AOI_DL_data_0930/0423818069825/D0_C144.jpg,D0_C144.jpg,"(56, 22, 3)",0423818069825,C144,C,0930
notdefect,/Users/zhangjiawei/Code/Micro-specialization/NVIDIA_CV_Inspection/data/AOI_DL_data_0930/0423818069825/D0_C109.jpg,D0_C109.jpg,"(56, 22, 3)",0423818069825,C109,C,0930
notdefect,/Users/zhangjiawei/Code/Micro-specialization/NVIDIA_CV_Inspection/data/AOI_DL_data_0930/0423818069825/D0_C105.jpg,D0_C105.jpg,"(56, 22, 3)",0423818069825,C105,C,0930
notdefect,/Users/zhangjiawei/Code/Micro-specialization/NVIDIA_CV_Inspection/data/AOI_DL_data_0930/0423818070308/D0_C143.jpg,D0_C143.jpg,"(56, 22, 3)",0423818070308,C143,C,0930
notdefect,/Users/zhangjiawei/Code/Micro-specialization/NVIDIA_CV_Inspection/data/AOI_DL_data_0930/0423818070308/D0_C144.jpg,D0_C144.jpg,"(56, 22, 3)",0423818070308,C144,C,0930
notdefect,/Users/zhangjiawei/Code/Micro-specialization/NVIDIA_CV_Inspection/data/AOI_DL_data_0930/0423818070308/D0_C109.jpg,D0_C109.jpg,"(56, 22, 3)",0423818070308,C109,C,0930
notdefect,/Users/zhangjiawei/Code/Micro-specialization/NVIDIA_CV_Inspection/data/AOI_DL_data_0930/0423818070308/D0_C531.jpg,D0_C531.jpg,"(272, 207, 3)",0423818070308,C531,C,0930
notdefect,/Users/zhangjiawei/Code/Micro-specialization/NVIDIA_CV_Inspection/data/AOI_DL_data_0930/0423818070308/D0_C105.jpg,D0_C105.jpg,"(56, 22, 3)",0423818070308,C105,C,0930
notdefect,/Users/zhangjiawei/Code/Micro-specialization/NVIDIA_CV_Inspection/data/AOI_DL_data_0930/0423818069836/D0_C143.jpg,D0_C143.jpg,"(56, 22, 3)",0423818069836,C143,C,0930
notdefect,/Users/zhangjiawei/Code/Micro-specialization/NVIDIA_CV_Inspection/data/AOI_DL_data_0930/0423818069836/D0_C144.jpg,D0_C144.jpg,"(56, 22, 3)",0423818069836,C144,C,0930
notdefect,/Users/zhangjiawei/Code/Micro-specialization/NVIDIA_CV_Inspection/data/AOI_DL_data_0930/0423818069836/D0_C109.jpg,D0_C109.jpg,"(56, 22, 3)",0423818069836,C109,C,0930
notdefect,/Users/zhangjiawei/Code/Micro-specialization/NVIDIA_CV_Inspection/data/AOI_DL_data_0930/0423818069836/D0_C105.jpg,D0_C105.jpg,"(56, 22, 3)",0423818069836,C105,C,0930
notdefect,/Users/zhangjiawei/Code/Micro-specialization/NVIDIA_CV_Inspection/data/AOI_DL_data_0930/0423818069836/D0_C202.jpg,D0_C202.jpg,"(36, 85, 3)",0423818069836,C202,C,0930
notdefect,/Users/zhangjiawei/Code/Micro-specialization/NVIDIA_CV_Inspection/data/AOI_DL_data_0930/0423818069831/D0_C143.jpg,D0_C143.jpg,"(56, 22, 3)",0423818069831,C143,C,0930
notdefect,/Users/zhangjiawei/Code/Micro-specialization/NVIDIA_CV_Inspection/data/AOI_DL_data_0930/0423818069831/D0_C144.jpg,D0_C144.jpg,"(56, 22, 3)",0423818069831,C144,C,0930
notdefect,/Users/zhangjiawei/Code/Micro-specialization/NVIDIA_CV_Inspection/data/AOI_DL_data_0930/0423818069831/D0_C109.jpg,D0_C109.jpg,"(56, 22, 3)",0423818069831,C109,C,0930
notdefect,/Users/zhangjiawei/Code/Micro-specialization/NVIDIA_CV_Inspection/data/AOI_DL_data_0930/0423818069831/D0_C105.jpg,D0_C105.jpg,"(56, 22, 3)",0423818069831,C105,C,0930
notdefect,/Users/zhangjiawei/Code/Micro-specialization/NVIDIA_CV_Inspection/data/AOI_DL_data_0930/0423918057214/D0_C1090.jpg,D0_C1090.jpg,"(52, 23, 3)",0423918057214,C1090,C,0930
notdefect,/Users/zhangjiawei/Code/Micro-specialization/NVIDIA_CV_Inspection/data/AOI_DL_data_0930/0423918057214/D0_C48.jpg,D0_C48.jpg,"(94, 175, 3)",0423918057214,C48,C,0930
notdefect,/Users/zhangjiawei/Code/Micro-specialization/NVIDIA_CV_Inspection/data/AOI_DL_data_0930/0423818069830/D1_C143.jpg,D1_C143.jpg,"(56, 22, 3)",0423818069830,C143,C,0930
notdefect,/Users/zhangjiawei/Code/Micro-specialization/NVIDIA_CV_Inspection/data/AOI_DL_data_0930/0423818069830/D1_C144.jpg,D1_C144.jpg,"(56, 22, 3)",0423818069830,C144,C,0930
notdefect,/Users/zhangjiawei/Code/Micro-specialization/NVIDIA_CV_Inspection/data/AOI_DL_data_0930/0423818069830/D1_C109.jpg,D1_C109.jpg,"(56, 22, 3)",0423818069830,C109,C,0930
notdefect,/Users/zhangjiawei/Code/Micro-specialization/NVIDIA_CV_Inspection/data/AOI_DL_data_0930/0423818069830/D1_C105.jpg,D1_C105.jpg,"(56, 22, 3)",0423818069830,C105,C,0930
notdefect,/Users/zhangjiawei/Code/Micro-specialization/NVIDIA_CV_Inspection/data/AOI_DL_data_0930/0423818069837/D1_C143.jpg,D1_C143.jpg,"(56, 22, 3)",0423818069837,C143,C,0930
notdefect,/Users/zhangjiawei/Code/Micro-specialization/NVIDIA_CV_Inspection/data/AOI_DL_data_0930/0423818069837/D1_C144.jpg,D1_C144.jpg,"(56, 22, 3)",0423818069837,C144,C,0930
notdefect,/Users/zhangjiawei/Code/Micro-specialization/NVIDIA_CV_Inspection/data/AOI_DL_data_0930/0423818069837/D1_C109.jpg,D1_C109.jpg,"(56, 22, 3)",0423818069837,C109,C,0930
notdefect,/Users/zhangjiawei/Code/Micro-specialization/NVIDIA_CV_Inspection/data/AOI_DL_data_0930/0423818069837/D1_C105.jpg,D1_C105.jpg,"(56, 22, 3)",0423818069837,C105,C,0930
defect,/Users/zhangjiawei/Code/Micro-specialization/NVIDIA_CV_Inspection/data/AOI_DL_data_0930/0423918006018/D0_C143.jpg,D0_C143.jpg,"(56, 22, 3)",0423918006018,C143,C,0930
notdefect,/Users/zhangjiawei/Code/Micro-specialization/NVIDIA_CV_Inspection/data/AOI_DL_data_0930/0423918006018/D0_C35.jpg,D0_C35.jpg,"(85, 36, 3)",0423918006018,C35,C,0930
notdefect,/Users/zhangjiawei/Code/Micro-specialization/NVIDIA_CV_Inspection/data/AOI_DL_data_0930/0423818070031/D0_C143.jpg,D0_C143.jpg,"(56, 22, 3)",0423818070031,C143,C,0930
notdefect,/Users/zhangjiawei/Code/Micro-specialization/NVIDIA_CV_Inspection/data/AOI_DL_data_0930/0423818070031/D0_C144.jpg,D0_C144.jpg,"(56, 22, 3)",0423818070031,C144,C,0930
notdefect,/Users/zhangjiawei/Code/Micro-specialization/NVIDIA_CV_Inspection/data/AOI_DL_data_0930/0423818070031/D0_C109.jpg,D0_C109.jpg,"(56, 22, 3)",0423818070031,C109,C,0930
notdefect,/Users/zhangjiawei/Code/Micro-specialization/NVIDIA_CV_Inspection/data/AOI_DL_data_0930/0423818070031/D0_C105.jpg,D0_C105.jpg,"(56, 22, 3)",0423818070031,C105,C,0930
notdefect,/Users/zhangjiawei/Code/Micro-specialization/NVIDIA_CV_Inspection/data/AOI_DL_data_0930/0423818069916/D0_C143.jpg,D0_C143.jpg,"(56, 22, 3)",0423818069916,C143,C,0930
notdefect,/Users/zhangjiawei/Code/Micro-specialization/NVIDIA_CV_Inspection/data/AOI_DL_data_0930/0423818069916/D0_C144.jpg,D0_C144.jpg,"(56, 22, 3)",0423818069916,C144,C,0930
notdefect,/Users/zhangjiawei/Code/Micro-specialization/NVIDIA_CV_Inspection/data/AOI_DL_data_0930/0423818069916/D0_C109.jpg,D0_C109.jpg,"(56, 22, 3)",0423818069916,C109,C,0930
notdefect,/Users/zhangjiawei/Code/Micro-specialization/NVIDIA_CV_Inspection/data/AOI_DL_data_0930/0423818069916/D0_C1088.jpg,D0_C1088.jpg,"(85, 37, 3)",0423818069916,C1088,C,0930
notdefect,/Users/zhangjiawei/Code/Micro-specialization/NVIDIA_CV_Inspection/data/AOI_DL_data_0930/0423818069916/D0_C105.jpg,D0_C105.jpg,"(56, 22, 3)",0423818069916,C105,C,0930
notdefect,/Users/zhangjiawei/Code/Micro-specialization/NVIDIA_CV_Inspection/data/AOI_DL_data_0930/0423818070054/D1_C46.jpg,D1_C46.jpg,"(85, 36, 3)",0423818070054,C46,C,0930
notdefect,/Users/zhangjiawei/Code/Micro-specialization/NVIDIA_CV_Inspection/data/AOI_DL_data_0930/0423818070054/D1_C143.jpg,D1_C143.jpg,"(56, 22, 3)",0423818070054,C143,C,0930
notdefect,/Users/zhangjiawei/Code/Micro-specialization/NVIDIA_CV_Inspection/data/AOI_DL_data_0930/0423818070054/D1_C144.jpg,D1_C144.jpg,"(56, 22, 3)",0423818070054,C144,C,0930
notdefect,/Users/zhangjiawei/Code/Micro-specialization/NVIDIA_CV_Inspection/data/AOI_DL_data_0930/0423818070054/D1_C109.jpg,D1_C109.jpg,"(56, 22, 3)",0423818070054,C109,C,0930
notdefect,/Users/zhangjiawei/Code/Micro-specialization/NVIDIA_CV_Inspection/data/AOI_DL_data_0930/0423818070054/D1_C39.jpg,D1_C39.jpg,"(85, 37, 3)",0423818070054,C39,C,0930
notdefect,/Users/zhangjiawei/Code/Micro-specialization/NVIDIA_CV_Inspection/data/AOI_DL_data_0930/0423818070054/D1_C105.jpg,D1_C105.jpg,"(56, 22, 3)",0423818070054,C105,C,0930
notdefect,/Users/zhangjiawei/Code/Micro-specialization/NVIDIA_CV_Inspection/data/AOI_DL_data_0930/0423818070054/D1_C206.jpg,D1_C206.jpg,"(36, 84, 3)",0423818070054,C206,C,0930
notdefect,/Users/zhangjiawei/Code/Micro-specialization/NVIDIA_CV_Inspection/data/AOI_DL_data_0930/0423818070292/D0_C143.jpg,D0_C143.jpg,"(56, 22, 3)",0423818070292,C143,C,0930
notdefect,/Users/zhangjiawei/Code/Micro-specialization/NVIDIA_CV_Inspection/data/AOI_DL_data_0930/0423818070292/D0_C144.jpg,D0_C144.jpg,"(56, 22, 3)",0423818070292,C144,C,0930
notdefect,/Users/zhangjiawei/Code/Micro-specialization/NVIDIA_CV_Inspection/data/AOI_DL_data_0930/0423818070292/D0_C109.jpg,D0_C109.jpg,"(56, 22, 3)",0423818070292,C109,C,0930
notdefect,/Users/zhangjiawei/Code/Micro-specialization/NVIDIA_CV_Inspection/data/AOI_DL_data_0930/0423818070292/D0_C105.jpg,D0_C105.jpg,"(56, 22, 3)",0423818070292,C105,C,0930
notdefect,/Users/zhangjiawei/Code/Micro-specialization/NVIDIA_CV_Inspection/data/AOI_DL_data_0930/0423818070053/D0_C143.jpg,D0_C143.jpg,"(56, 22, 3)",0423818070053,C143,C,0930
notdefect,/Users/zhangjiawei/Code/Micro-specialization/NVIDIA_CV_Inspection/data/AOI_DL_data_0930/0423818070053/D0_C144.jpg,D0_C144.jpg,"(56, 22, 3)",0423818070053,C144,C,0930
notdefect,/Users/zhangjiawei/Code/Micro-specialization/NVIDIA_CV_Inspection/data/AOI_DL_data_0930/0423818070053/D0_C46.jpg,D0_C46.jpg,"(85, 36, 3)",0423818070053,C46,C,0930
notdefect,/Users/zhangjiawei/Code/Micro-specialization/NVIDIA_CV_Inspection/data/AOI_DL_data_0930/0423818070053/D0_C109.jpg,D0_C109.jpg,"(56, 22, 3)",0423818070053,C109,C,0930
notdefect,/Users/zhangjiawei/Code/Micro-specialization/NVIDIA_CV_Inspection/data/AOI_DL_data_0930/0423818070053/D0_C105.jpg,D0_C105.jpg,"(56, 22, 3)",0423818070053,C105,C,0930
notdefect,/Users/zhangjiawei/Code/Micro-specialization/NVIDIA_CV_Inspection/data/AOI_DL_data_0930/0423818070053/D0_C206.jpg,D0_C206.jpg,"(36, 84, 3)",0423818070053,C206,C,0930
notdefect,/Users/zhangjiawei/Code/Micro-specialization/NVIDIA_CV_Inspection/data/AOI_DL_data_0930/0423818070257/D1_C143.jpg,D1_C143.jpg,"(56, 22, 3)",0423818070257,C143,C,0930
notdefect,/Users/zhangjiawei/Code/Micro-specialization/NVIDIA_CV_Inspection/data/AOI_DL_data_0930/0423818070257/D1_C144.jpg,D1_C144.jpg,"(56, 22, 3)",0423818070257,C144,C,0930
notdefect,/Users/zhangjiawei/Code/Micro-specialization/NVIDIA_CV_Inspection/data/AOI_DL_data_0930/0423818070257/D1_C109.jpg,D1_C109.jpg,"(56, 22, 3)",0423818070257,C109,C,0930
notdefect,/Users/zhangjiawei/Code/Micro-specialization/NVIDIA_CV_Inspection/data/AOI_DL_data_0930/0423818070257/D1_C35.jpg,D1_C35.jpg,"(85, 36, 3)",0423818070257,C35,C,0930
notdefect,/Users/zhangjiawei/Code/Micro-specialization/NVIDIA_CV_Inspection/data/AOI_DL_data_0930/0423818070257/D1_C105.jpg,D1_C105.jpg,"(56, 22, 3)",0423818070257,C105,C,0930
notdefect,/Users/zhangjiawei/Code/Micro-specialization/NVIDIA_CV_Inspection/data/AOI_DL_data_0930/0423818070257/D1_C1087.jpg,D1_C1087.jpg,"(85, 37, 3)",0423818070257,C1087,C,0930
notdefect,/Users/zhangjiawei/Code/Micro-specialization/NVIDIA_CV_Inspection/data/AOI_DL_data_0930/0423818070268/D0_C143.jpg,D0_C143.jpg,"(56, 22, 3)",0423818070268,C143,C,0930
notdefect,/Users/zhangjiawei/Code/Micro-specialization/NVIDIA_CV_Inspection/data/AOI_DL_data_0930/0423818070268/D0_C144.jpg,D0_C144.jpg,"(56, 22, 3)",0423818070268,C144,C,0930
notdefect,/Users/zhangjiawei/Code/Micro-specialization/NVIDIA_CV_Inspection/data/AOI_DL_data_0930/0423818070268/D0_C109.jpg,D0_C109.jpg,"(56, 22, 3)",0423818070268,C109,C,0930
notdefect,/Users/zhangjiawei/Code/Micro-specialization/NVIDIA_CV_Inspection/data/AOI_DL_data_0930/0423818070268/D0_C105.jpg,D0_C105.jpg,"(56, 22, 3)",0423818070268,C105,C,0930
notdefect,/Users/zhangjiawei/Code/Micro-specialization/NVIDIA_CV_Inspection/data/AOI_DL_data_0930/0423818070250/D0_C143.jpg,D0_C143.jpg,"(56, 22, 3)",0423818070250,C143,C,0930
notdefect,/Users/zhangjiawei/Code/Micro-specialization/NVIDIA_CV_Inspection/data/AOI_DL_data_0930/0423818070250/D0_C144.jpg,D0_C144.jpg,"(56, 23, 3)",0423818070250,C144,C,0930
notdefect,/Users/zhangjiawei/Code/Micro-specialization/NVIDIA_CV_Inspection/data/AOI_DL_data_0930/0423818070250/D0_C109.jpg,D0_C109.jpg,"(56, 22, 3)",0423818070250,C109,C,0930
notdefect,/Users/zhangjiawei/Code/Micro-specialization/NVIDIA_CV_Inspection/data/AOI_DL_data_0930/0423818070250/D0_C105.jpg,D0_C105.jpg,"(56, 22, 3)",0423818070250,C105,C,0930
notdefect,/Users/zhangjiawei/Code/Micro-specialization/NVIDIA_CV_Inspection/data/AOI_DL_data_0930/0423818070250/D0_C206.jpg,D0_C206.jpg,"(36, 85, 3)",0423818070250,C206,C,0930
notdefect,/Users/zhangjiawei/Code/Micro-specialization/NVIDIA_CV_Inspection/data/AOI_DL_data_0930/0423818070039/D0_C143.jpg,D0_C143.jpg,"(56, 22, 3)",0423818070039,C143,C,0930
notdefect,/Users/zhangjiawei/Code/Micro-specialization/NVIDIA_CV_Inspection/data/AOI_DL_data_0930/0423818070039/D0_C144.jpg,D0_C144.jpg,"(57, 23, 3)",0423818070039,C144,C,0930
notdefect,/Users/zhangjiawei/Code/Micro-specialization/NVIDIA_CV_Inspection/data/AOI_DL_data_0930/0423818070039/D0_C109.jpg,D0_C109.jpg,"(56, 22, 3)",0423818070039,C109,C,0930
notdefect,/Users/zhangjiawei/Code/Micro-specialization/NVIDIA_CV_Inspection/data/AOI_DL_data_0930/0423818070039/D0_C105.jpg,D0_C105.jpg,"(56, 22, 3)",0423818070039,C105,C,0930
notdefect,/Users/zhangjiawei/Code/Micro-specialization/NVIDIA_CV_Inspection/data/AOI_DL_data_0930/0423818070039/D0_C202.jpg,D0_C202.jpg,"(36, 85, 3)",0423818070039,C202,C,0930
notdefect,/Users/zhangjiawei/Code/Micro-specialization/NVIDIA_CV_Inspection/data/AOI_DL_data_0930/0423818069917/D1_C143.jpg,D1_C143.jpg,"(56, 22, 3)",0423818069917,C143,C,0930
notdefect,/Users/zhangjiawei/Code/Micro-specialization/NVIDIA_CV_Inspection/data/AOI_DL_data_0930/0423818069917/D1_C144.jpg,D1_C144.jpg,"(56, 22, 3)",0423818069917,C144,C,0930
notdefect,/Users/zhangjiawei/Code/Micro-specialization/NVIDIA_CV_Inspection/data/AOI_DL_data_0930/0423818069917/D1_C109.jpg,D1_C109.jpg,"(56, 22, 3)",0423818069917,C109,C,0930
notdefect,/Users/zhangjiawei/Code/Micro-specialization/NVIDIA_CV_Inspection/data/AOI_DL_data_0930/0423818069917/D1_C105.jpg,D1_C105.jpg,"(56, 22, 3)",0423818069917,C105,C,0930
notdefect,/Users/zhangjiawei/Code/Micro-specialization/NVIDIA_CV_Inspection/data/AOI_DL_data_0930/0423818070030/D1_C143.jpg,D1_C143.jpg,"(56, 22, 3)",0423818070030,C143,C,0930
notdefect,/Users/zhangjiawei/Code/Micro-specialization/NVIDIA_CV_Inspection/data/AOI_DL_data_0930/0423818070030/D1_C144.jpg,D1_C144.jpg,"(56, 22, 3)",0423818070030,C144,C,0930
notdefect,/Users/zhangjiawei/Code/Micro-specialization/NVIDIA_CV_Inspection/data/AOI_DL_data_0930/0423818070030/D1_C109.jpg,D1_C109.jpg,"(56, 22, 3)",0423818070030,C109,C,0930
notdefect,/Users/zhangjiawei/Code/Micro-specialization/NVIDIA_CV_Inspection/data/AOI_DL_data_0930/0423818070030/D1_C105.jpg,D1_C105.jpg,"(56, 22, 3)",0423818070030,C105,C,0930
notdefect,/Users/zhangjiawei/Code/Micro-specialization/NVIDIA_CV_Inspection/data/AOI_DL_data_0930/0423818070030/D1_C206.jpg,D1_C206.jpg,"(36, 85, 3)",0423818070030,C206,C,0930
notdefect,/Users/zhangjiawei/Code/Micro-specialization/NVIDIA_CV_Inspection/data/AOI_DL_data_0930/0423818070251/D1_C143.jpg,D1_C143.jpg,"(56, 22, 3)",0423818070251,C143,C,0930
notdefect,/Users/zhangjiawei/Code/Micro-specialization/NVIDIA_CV_Inspection/data/AOI_DL_data_0930/0423818070251/D1_C144.jpg,D1_C144.jpg,"(56, 23, 3)",0423818070251,C144,C,0930
notdefect,/Users/zhangjiawei/Code/Micro-specialization/NVIDIA_CV_Inspection/data/AOI_DL_data_0930/0423818070251/D1_C109.jpg,D1_C109.jpg,"(56, 22, 3)",0423818070251,C109,C,0930
notdefect,/Users/zhangjiawei/Code/Micro-specialization/NVIDIA_CV_Inspection/data/AOI_DL_data_0930/0423818070251/D1_C35.jpg,D1_C35.jpg,"(85, 36, 3)",0423818070251,C35,C,0930
notdefect,/Users/zhangjiawei/Code/Micro-specialization/NVIDIA_CV_Inspection/data/AOI_DL_data_0930/0423818070251/D1_C105.jpg,D1_C105.jpg,"(56, 22, 3)",0423818070251,C105,C,0930
notdefect,/Users/zhangjiawei/Code/Micro-specialization/NVIDIA_CV_Inspection/data/AOI_DL_data_0930/0423818070256/D0_C143.jpg,D0_C143.jpg,"(56, 22, 3)",0423818070256,C143,C,0930
notdefect,/Users/zhangjiawei/Code/Micro-specialization/NVIDIA_CV_Inspection/data/AOI_DL_data_0930/0423818070256/D0_C144.jpg,D0_C144.jpg,"(56, 22, 3)",0423818070256,C144,C,0930
notdefect,/Users/zhangjiawei/Code/Micro-specialization/NVIDIA_CV_Inspection/data/AOI_DL_data_0930/0423818070256/D0_C109.jpg,D0_C109.jpg,"(56, 22, 3)",0423818070256,C109,C,0930
notdefect,/Users/zhangjiawei/Code/Micro-specialization/NVIDIA_CV_Inspection/data/AOI_DL_data_0930/0423818070256/D0_C1088.jpg,D0_C1088.jpg,"(85, 37, 3)",0423818070256,C1088,C,0930
notdefect,/Users/zhangjiawei/Code/Micro-specialization/NVIDIA_CV_Inspection/data/AOI_DL_data_0930/0423818070256/D0_C105.jpg,D0_C105.jpg,"(56, 22, 3)",0423818070256,C105,C,0930
notdefect,/Users/zhangjiawei/Code/Micro-specialization/NVIDIA_CV_Inspection/data/AOI_DL_data_0930/0423818070269/D1_C143.jpg,D1_C143.jpg,"(56, 22, 3)",0423818070269,C143,C,0930
notdefect,/Users/zhangjiawei/Code/Micro-specialization/NVIDIA_CV_Inspection/data/AOI_DL_data_0930/0423818070269/D1_C144.jpg,D1_C144.jpg,"(56, 22, 3)",0423818070269,C144,C,0930
notdefect,/Users/zhangjiawei/Code/Micro-specialization/NVIDIA_CV_Inspection/data/AOI_DL_data_0930/0423818070269/D1_C109.jpg,D1_C109.jpg,"(56, 22, 3)",0423818070269,C109,C,0930
notdefect,/Users/zhangjiawei/Code/Micro-specialization/NVIDIA_CV_Inspection/data/AOI_DL_data_0930/0423818070269/D1_C105.jpg,D1_C105.jpg,"(56, 22, 3)",0423818070269,C105,C,0930
notdefect,/Users/zhangjiawei/Code/Micro-specialization/NVIDIA_CV_Inspection/data/AOI_DL_data_0930/0423818070052/D1_C143.jpg,D1_C143.jpg,"(56, 22, 3)",0423818070052,C143,C,0930
notdefect,/Users/zhangjiawei/Code/Micro-specialization/NVIDIA_CV_Inspection/data/AOI_DL_data_0930/0423818070052/D1_C144.jpg,D1_C144.jpg,"(56, 22, 3)",0423818070052,C144,C,0930
notdefect,/Users/zhangjiawei/Code/Micro-specialization/NVIDIA_CV_Inspection/data/AOI_DL_data_0930/0423818070052/D1_C109.jpg,D1_C109.jpg,"(56, 22, 3)",0423818070052,C109,C,0930
notdefect,/Users/zhangjiawei/Code/Micro-specialization/NVIDIA_CV_Inspection/data/AOI_DL_data_0930/0423818070052/D1_C105.jpg,D1_C105.jpg,"(56, 22, 3)",0423818070052,C105,C,0930
notdefect,/Users/zhangjiawei/Code/Micro-specialization/NVIDIA_CV_Inspection/data/AOI_DL_data_0930/0423818070293/D1_C143.jpg,D1_C143.jpg,"(56, 22, 3)",0423818070293,C143,C,0930
notdefect,/Users/zhangjiawei/Code/Micro-specialization/NVIDIA_CV_Inspection/data/AOI_DL_data_0930/0423818070293/D1_C144.jpg,D1_C144.jpg,"(56, 22, 3)",0423818070293,C144,C,0930
notdefect,/Users/zhangjiawei/Code/Micro-specialization/NVIDIA_CV_Inspection/data/AOI_DL_data_0930/0423818070293/D1_C1088.jpg,D1_C1088.jpg,"(85, 37, 3)",0423818070293,C1088,C,0930
notdefect,/Users/zhangjiawei/Code/Micro-specialization/NVIDIA_CV_Inspection/data/AOI_DL_data_0930/0423818070293/D1_C109.jpg,D1_C109.jpg,"(56, 22, 3)",0423818070293,C109,C,0930
notdefect,/Users/zhangjiawei/Code/Micro-specialization/NVIDIA_CV_Inspection/data/AOI_DL_data_0930/0423818070293/D1_C32.jpg,D1_C32.jpg,"(85, 36, 3)",0423818070293,C32,C,0930
notdefect,/Users/zhangjiawei/Code/Micro-specialization/NVIDIA_CV_Inspection/data/AOI_DL_data_0930/0423818070293/D1_C105.jpg,D1_C105.jpg,"(56, 22, 3)",0423818070293,C105,C,0930
notdefect,/Users/zhangjiawei/Code/Micro-specialization/NVIDIA_CV_Inspection/data/AOI_DL_data_0930/0423818070267/D1_C143.jpg,D1_C143.jpg,"(56, 22, 3)",0423818070267,C143,C,0930
notdefect,/Users/zhangjiawei/Code/Micro-specialization/NVIDIA_CV_Inspection/data/AOI_DL_data_0930/0423818070267/D1_C144.jpg,D1_C144.jpg,"(56, 22, 3)",0423818070267,C144,C,0930
notdefect,/Users/zhangjiawei/Code/Micro-specialization/NVIDIA_CV_Inspection/data/AOI_DL_data_0930/0423818070267/D1_C1088.jpg,D1_C1088.jpg,"(85, 37, 3)",0423818070267,C1088,C,0930
notdefect,/Users/zhangjiawei/Code/Micro-specialization/NVIDIA_CV_Inspection/data/AOI_DL_data_0930/0423818070267/D1_C109.jpg,D1_C109.jpg,"(56, 22, 3)",0423818070267,C109,C,0930
notdefect,/Users/zhangjiawei/Code/Micro-specialization/NVIDIA_CV_Inspection/data/AOI_DL_data_0930/0423818070267/D1_C105.jpg,D1_C105.jpg,"(56, 22, 3)",0423818070267,C105,C,0930
notdefect,/Users/zhangjiawei/Code/Micro-specialization/NVIDIA_CV_Inspection/data/AOI_DL_data_0930/0423818070029/D0_C143.jpg,D0_C143.jpg,"(56, 22, 3)",0423818070029,C143,C,0930
notdefect,/Users/zhangjiawei/Code/Micro-specialization/NVIDIA_CV_Inspection/data/AOI_DL_data_0930/0423818070029/D0_C144.jpg,D0_C144.jpg,"(56, 22, 3)",0423818070029,C144,C,0930
notdefect,/Users/zhangjiawei/Code/Micro-specialization/NVIDIA_CV_Inspection/data/AOI_DL_data_0930/0423818070029/D0_C109.jpg,D0_C109.jpg,"(56, 22, 3)",0423818070029,C109,C,0930
notdefect,/Users/zhangjiawei/Code/Micro-specialization/NVIDIA_CV_Inspection/data/AOI_DL_data_0930/0423818070029/D0_C105.jpg,D0_C105.jpg,"(56, 22, 3)",0423818070029,C105,C,0930
notdefect,/Users/zhangjiawei/Code/Micro-specialization/NVIDIA_CV_Inspection/data/AOI_DL_data_0930/0423818070029/D0_C206.jpg,D0_C206.jpg,"(36, 85, 3)",0423818070029,C206,C,0930
notdefect,/Users/zhangjiawei/Code/Micro-specialization/NVIDIA_CV_Inspection/data/AOI_DL_data_0930/0423818070020/D0_C143.jpg,D0_C143.jpg,"(56, 22, 3)",0423818070020,C143,C,0930
notdefect,/Users/zhangjiawei/Code/Micro-specialization/NVIDIA_CV_Inspection/data/AOI_DL_data_0930/0423818070020/D0_C144.jpg,D0_C144.jpg,"(56, 22, 3)",0423818070020,C144,C,0930
notdefect,/Users/zhangjiawei/Code/Micro-specialization/NVIDIA_CV_Inspection/data/AOI_DL_data_0930/0423818070020/D0_C109.jpg,D0_C109.jpg,"(56, 22, 3)",0423818070020,C109,C,0930
notdefect,/Users/zhangjiawei/Code/Micro-specialization/NVIDIA_CV_Inspection/data/AOI_DL_data_0930/0423818070020/D0_C105.jpg,D0_C105.jpg,"(56, 22, 3)",0423818070020,C105,C,0930
notdefect,/Users/zhangjiawei/Code/Micro-specialization/NVIDIA_CV_Inspection/data/AOI_DL_data_0930/0423818069909/D1_C143.jpg,D1_C143.jpg,"(56, 22, 3)",0423818069909,C143,C,0930
notdefect,/Users/zhangjiawei/Code/Micro-specialization/NVIDIA_CV_Inspection/data/AOI_DL_data_0930/0423818069909/D1_C144.jpg,D1_C144.jpg,"(56, 22, 3)",0423818069909,C144,C,0930
notdefect,/Users/zhangjiawei/Code/Micro-specialization/NVIDIA_CV_Inspection/data/AOI_DL_data_0930/0423818069909/D1_C109.jpg,D1_C109.jpg,"(56, 22, 3)",0423818069909,C109,C,0930
notdefect,/Users/zhangjiawei/Code/Micro-specialization/NVIDIA_CV_Inspection/data/AOI_DL_data_0930/0423818069909/D1_C105.jpg,D1_C105.jpg,"(56, 22, 3)",0423818069909,C105,C,0930
notdefect,/Users/zhangjiawei/Code/Micro-specialization/NVIDIA_CV_Inspection/data/AOI_DL_data_0930/0423818069909/D1_C202.jpg,D1_C202.jpg,"(36, 85, 3)",0423818069909,C202,C,0930
notdefect,/Users/zhangjiawei/Code/Micro-specialization/NVIDIA_CV_Inspection/data/AOI_DL_data_0930/0423818070284/D0_C143.jpg,D0_C143.jpg,"(56, 22, 3)",0423818070284,C143,C,0930
notdefect,/Users/zhangjiawei/Code/Micro-specialization/NVIDIA_CV_Inspection/data/AOI_DL_data_0930/0423818070284/D0_C144.jpg,D0_C144.jpg,"(56, 22, 3)",0423818070284,C144,C,0930
notdefect,/Users/zhangjiawei/Code/Micro-specialization/NVIDIA_CV_Inspection/data/AOI_DL_data_0930/0423818070284/D0_C35.jpg,D0_C35.jpg,"(85, 36, 3)",0423818070284,C35,C,0930
notdefect,/Users/zhangjiawei/Code/Micro-specialization/NVIDIA_CV_Inspection/data/AOI_DL_data_0930/0423818070284/D0_C109.jpg,D0_C109.jpg,"(56, 22, 3)",0423818070284,C109,C,0930
notdefect,/Users/zhangjiawei/Code/Micro-specialization/NVIDIA_CV_Inspection/data/AOI_DL_data_0930/0423818070284/D0_C105.jpg,D0_C105.jpg,"(56, 22, 3)",0423818070284,C105,C,0930
notdefect,/Users/zhangjiawei/Code/Micro-specialization/NVIDIA_CV_Inspection/data/AOI_DL_data_0930/0423818070270/D0_C143.jpg,D0_C143.jpg,"(57, 22, 3)",0423818070270,C143,C,0930
notdefect,/Users/zhangjiawei/Code/Micro-specialization/NVIDIA_CV_Inspection/data/AOI_DL_data_0930/0423818070270/D0_C144.jpg,D0_C144.jpg,"(56, 23, 3)",0423818070270,C144,C,0930
notdefect,/Users/zhangjiawei/Code/Micro-specialization/NVIDIA_CV_Inspection/data/AOI_DL_data_0930/0423818070270/D0_C109.jpg,D0_C109.jpg,"(56, 22, 3)",0423818070270,C109,C,0930
notdefect,/Users/zhangjiawei/Code/Micro-specialization/NVIDIA_CV_Inspection/data/AOI_DL_data_0930/0423818070270/D0_C105.jpg,D0_C105.jpg,"(56, 22, 3)",0423818070270,C105,C,0930
defect,/Users/zhangjiawei/Code/Micro-specialization/NVIDIA_CV_Inspection/data/AOI_DL_data_0930/0423918005968/D0_C107.jpg,D0_C107.jpg,"(57, 22, 3)",0423918005968,C107,C,0930
notdefect,/Users/zhangjiawei/Code/Micro-specialization/NVIDIA_CV_Inspection/data/AOI_DL_data_0930/0423818069908/D0_C143.jpg,D0_C143.jpg,"(56, 22, 3)",0423818069908,C143,C,0930
notdefect,/Users/zhangjiawei/Code/Micro-specialization/NVIDIA_CV_Inspection/data/AOI_DL_data_0930/0423818069908/D0_C144.jpg,D0_C144.jpg,"(56, 22, 3)",0423818069908,C144,C,0930
notdefect,/Users/zhangjiawei/Code/Micro-specialization/NVIDIA_CV_Inspection/data/AOI_DL_data_0930/0423818069908/D0_C109.jpg,D0_C109.jpg,"(56, 22, 3)",0423818069908,C109,C,0930
notdefect,/Users/zhangjiawei/Code/Micro-specialization/NVIDIA_CV_Inspection/data/AOI_DL_data_0930/0423818069908/D0_C105.jpg,D0_C105.jpg,"(56, 22, 3)",0423818069908,C105,C,0930
notdefect,/Users/zhangjiawei/Code/Micro-specialization/NVIDIA_CV_Inspection/data/AOI_DL_data_0930/0423818070021/D1_C143.jpg,D1_C143.jpg,"(56, 22, 3)",0423818070021,C143,C,0930
notdefect,/Users/zhangjiawei/Code/Micro-specialization/NVIDIA_CV_Inspection/data/AOI_DL_data_0930/0423818070021/D1_C144.jpg,D1_C144.jpg,"(56, 22, 3)",0423818070021,C144,C,0930
notdefect,/Users/zhangjiawei/Code/Micro-specialization/NVIDIA_CV_Inspection/data/AOI_DL_data_0930/0423818070021/D1_C109.jpg,D1_C109.jpg,"(56, 22, 3)",0423818070021,C109,C,0930
notdefect,/Users/zhangjiawei/Code/Micro-specialization/NVIDIA_CV_Inspection/data/AOI_DL_data_0930/0423818070021/D1_C105.jpg,D1_C105.jpg,"(56, 22, 3)",0423818070021,C105,C,0930
notdefect,/Users/zhangjiawei/Code/Micro-specialization/NVIDIA_CV_Inspection/data/AOI_DL_data_0930/0423818070021/D1_C202.jpg,D1_C202.jpg,"(36, 85, 3)",0423818070021,C202,C,0930
notdefect,/Users/zhangjiawei/Code/Micro-specialization/NVIDIA_CV_Inspection/data/AOI_DL_data_0930/0423818070021/D1_C48.jpg,D1_C48.jpg,"(94, 175, 3)",0423818070021,C48,C,0930
notdefect,/Users/zhangjiawei/Code/Micro-specialization/NVIDIA_CV_Inspection/data/AOI_DL_data_0930/0423818070028/D1_C143.jpg,D1_C143.jpg,"(56, 22, 3)",0423818070028,C143,C,0930
notdefect,/Users/zhangjiawei/Code/Micro-specialization/NVIDIA_CV_Inspection/data/AOI_DL_data_0930/0423818070028/D1_C144.jpg,D1_C144.jpg,"(56, 22, 3)",0423818070028,C144,C,0930
notdefect,/Users/zhangjiawei/Code/Micro-specialization/NVIDIA_CV_Inspection/data/AOI_DL_data_0930/0423818070028/D1_C109.jpg,D1_C109.jpg,"(56, 22, 3)",0423818070028,C109,C,0930
notdefect,/Users/zhangjiawei/Code/Micro-specialization/NVIDIA_CV_Inspection/data/AOI_DL_data_0930/0423818070028/D1_C105.jpg,D1_C105.jpg,"(56, 22, 3)",0423818070028,C105,C,0930
notdefect,/Users/zhangjiawei/Code/Micro-specialization/NVIDIA_CV_Inspection/data/AOI_DL_data_0930/0423818070044/D1_C143.jpg,D1_C143.jpg,"(56, 22, 3)",0423818070044,C143,C,0930
notdefect,/Users/zhangjiawei/Code/Micro-specialization/NVIDIA_CV_Inspection/data/AOI_DL_data_0930/0423818070044/D1_C144.jpg,D1_C144.jpg,"(56, 22, 3)",0423818070044,C144,C,0930
notdefect,/Users/zhangjiawei/Code/Micro-specialization/NVIDIA_CV_Inspection/data/AOI_DL_data_0930/0423818070044/D1_C109.jpg,D1_C109.jpg,"(56, 22, 3)",0423818070044,C109,C,0930
notdefect,/Users/zhangjiawei/Code/Micro-specialization/NVIDIA_CV_Inspection/data/AOI_DL_data_0930/0423818070044/D1_C105.jpg,D1_C105.jpg,"(56, 22, 3)",0423818070044,C105,C,0930
notdefect,/Users/zhangjiawei/Code/Micro-specialization/NVIDIA_CV_Inspection/data/AOI_DL_data_0930/0423818070044/D1_C202.jpg,D1_C202.jpg,"(36, 85, 3)",0423818070044,C202,C,0930
notdefect,/Users/zhangjiawei/Code/Micro-specialization/NVIDIA_CV_Inspection/data/AOI_DL_data_0930/0423818070044/D1_C206.jpg,D1_C206.jpg,"(36, 85, 3)",0423818070044,C206,C,0930
notdefect,/Users/zhangjiawei/Code/Micro-specialization/NVIDIA_CV_Inspection/data/AOI_DL_data_0930/0423818070271/D1_C46.jpg,D1_C46.jpg,"(85, 36, 3)",0423818070271,C46,C,0930
notdefect,/Users/zhangjiawei/Code/Micro-specialization/NVIDIA_CV_Inspection/data/AOI_DL_data_0930/0423818070271/D1_C143.jpg,D1_C143.jpg,"(57, 22, 3)",0423818070271,C143,C,0930
notdefect,/Users/zhangjiawei/Code/Micro-specialization/NVIDIA_CV_Inspection/data/AOI_DL_data_0930/0423818070271/D1_C144.jpg,D1_C144.jpg,"(56, 23, 3)",0423818070271,C144,C,0930
notdefect,/Users/zhangjiawei/Code/Micro-specialization/NVIDIA_CV_Inspection/data/AOI_DL_data_0930/0423818070271/D1_C109.jpg,D1_C109.jpg,"(56, 22, 3)",0423818070271,C109,C,0930
notdefect,/Users/zhangjiawei/Code/Micro-specialization/NVIDIA_CV_Inspection/data/AOI_DL_data_0930/0423818070271/D1_C105.jpg,D1_C105.jpg,"(56, 22, 3)",0423818070271,C105,C,0930
notdefect,/Users/zhangjiawei/Code/Micro-specialization/NVIDIA_CV_Inspection/data/AOI_DL_data_0930/0423818070043/D0_C143.jpg,D0_C143.jpg,"(56, 22, 3)",0423818070043,C143,C,0930
notdefect,/Users/zhangjiawei/Code/Micro-specialization/NVIDIA_CV_Inspection/data/AOI_DL_data_0930/0423818070043/D0_C144.jpg,D0_C144.jpg,"(56, 22, 3)",0423818070043,C144,C,0930
notdefect,/Users/zhangjiawei/Code/Micro-specialization/NVIDIA_CV_Inspection/data/AOI_DL_data_0930/0423818070043/D0_C109.jpg,D0_C109.jpg,"(56, 22, 3)",0423818070043,C109,C,0930
notdefect,/Users/zhangjiawei/Code/Micro-specialization/NVIDIA_CV_Inspection/data/AOI_DL_data_0930/0423818070043/D0_C105.jpg,D0_C105.jpg,"(56, 22, 3)",0423818070043,C105,C,0930
notdefect,/Users/zhangjiawei/Code/Micro-specialization/NVIDIA_CV_Inspection/data/AOI_DL_data_0930/0423818070043/D0_C202.jpg,D0_C202.jpg,"(36, 85, 3)",0423818070043,C202,C,0930
notdefect,/Users/zhangjiawei/Code/Micro-specialization/NVIDIA_CV_Inspection/data/AOI_DL_data_0930/0423818070043/D0_C206.jpg,D0_C206.jpg,"(36, 85, 3)",0423818070043,C206,C,0930
notdefect,/Users/zhangjiawei/Code/Micro-specialization/NVIDIA_CV_Inspection/data/AOI_DL_data_0930/0423818070285/D1_C143.jpg,D1_C143.jpg,"(56, 22, 3)",0423818070285,C143,C,0930
notdefect,/Users/zhangjiawei/Code/Micro-specialization/NVIDIA_CV_Inspection/data/AOI_DL_data_0930/0423818070285/D1_C144.jpg,D1_C144.jpg,"(56, 22, 3)",0423818070285,C144,C,0930
notdefect,/Users/zhangjiawei/Code/Micro-specialization/NVIDIA_CV_Inspection/data/AOI_DL_data_0930/0423818070285/D1_C109.jpg,D1_C109.jpg,"(56, 22, 3)",0423818070285,C109,C,0930
notdefect,/Users/zhangjiawei/Code/Micro-specialization/NVIDIA_CV_Inspection/data/AOI_DL_data_0930/0423818070285/D1_C105.jpg,D1_C105.jpg,"(56, 22, 3)",0423818070285,C105,C,0930
notdefect,/Users/zhangjiawei/Code/Micro-specialization/NVIDIA_CV_Inspection/data/AOI_DL_data_0930/0423818069990/D0_C143.jpg,D0_C143.jpg,"(56, 22, 3)",0423818069990,C143,C,0930
notdefect,/Users/zhangjiawei/Code/Micro-specialization/NVIDIA_CV_Inspection/data/AOI_DL_data_0930/0423818069990/D0_C144.jpg,D0_C144.jpg,"(56, 22, 3)",0423818069990,C144,C,0930
notdefect,/Users/zhangjiawei/Code/Micro-specialization/NVIDIA_CV_Inspection/data/AOI_DL_data_0930/0423818069990/D0_C109.jpg,D0_C109.jpg,"(56, 22, 3)",0423818069990,C109,C,0930
notdefect,/Users/zhangjiawei/Code/Micro-specialization/NVIDIA_CV_Inspection/data/AOI_DL_data_0930/0423818069990/D0_C105.jpg,D0_C105.jpg,"(56, 22, 3)",0423818069990,C105,C,0930
notdefect,/Users/zhangjiawei/Code/Micro-specialization/NVIDIA_CV_Inspection/data/AOI_DL_data_0930/0423818069829/D0_C143.jpg,D0_C143.jpg,"(56, 22, 3)",0423818069829,C143,C,0930
notdefect,/Users/zhangjiawei/Code/Micro-specialization/NVIDIA_CV_Inspection/data/AOI_DL_data_0930/0423818069829/D0_C144.jpg,D0_C144.jpg,"(56, 22, 3)",0423818069829,C144,C,0930
notdefect,/Users/zhangjiawei/Code/Micro-specialization/NVIDIA_CV_Inspection/data/AOI_DL_data_0930/0423818069829/D0_C109.jpg,D0_C109.jpg,"(56, 22, 3)",0423818069829,C109,C,0930
notdefect,/Users/zhangjiawei/Code/Micro-specialization/NVIDIA_CV_Inspection/data/AOI_DL_data_0930/0423818069829/D0_C105.jpg,D0_C105.jpg,"(56, 22, 3)",0423818069829,C105,C,0930
notdefect,/Users/zhangjiawei/Code/Micro-specialization/NVIDIA_CV_Inspection/data/AOI_DL_data_0930/0423818069820/D1_C143.jpg,D1_C143.jpg,"(56, 22, 3)",0423818069820,C143,C,0930
notdefect,/Users/zhangjiawei/Code/Micro-specialization/NVIDIA_CV_Inspection/data/AOI_DL_data_0930/0423818069820/D1_C144.jpg,D1_C144.jpg,"(56, 22, 3)",0423818069820,C144,C,0930
notdefect,/Users/zhangjiawei/Code/Micro-specialization/NVIDIA_CV_Inspection/data/AOI_DL_data_0930/0423818069820/D1_C109.jpg,D1_C109.jpg,"(56, 22, 3)",0423818069820,C109,C,0930
notdefect,/Users/zhangjiawei/Code/Micro-specialization/NVIDIA_CV_Inspection/data/AOI_DL_data_0930/0423818069820/D1_C105.jpg,D1_C105.jpg,"(56, 22, 3)",0423818069820,C105,C,0930
notdefect,/Users/zhangjiawei/Code/Micro-specialization/NVIDIA_CV_Inspection/data/AOI_DL_data_0930/0423818069827/D0_C143.jpg,D0_C143.jpg,"(56, 22, 3)",0423818069827,C143,C,0930
notdefect,/Users/zhangjiawei/Code/Micro-specialization/NVIDIA_CV_Inspection/data/AOI_DL_data_0930/0423818069827/D0_C144.jpg,D0_C144.jpg,"(57, 23, 3)",0423818069827,C144,C,0930
notdefect,/Users/zhangjiawei/Code/Micro-specialization/NVIDIA_CV_Inspection/data/AOI_DL_data_0930/0423818069827/D0_C109.jpg,D0_C109.jpg,"(56, 22, 3)",0423818069827,C109,C,0930
notdefect,/Users/zhangjiawei/Code/Micro-specialization/NVIDIA_CV_Inspection/data/AOI_DL_data_0930/0423818069827/D0_C524.jpg,D0_C524.jpg,"(282, 209, 3)",0423818069827,C524,C,0930
notdefect,/Users/zhangjiawei/Code/Micro-specialization/NVIDIA_CV_Inspection/data/AOI_DL_data_0930/0423818069827/D0_C105.jpg,D0_C105.jpg,"(56, 22, 3)",0423818069827,C105,C,0930
notdefect,/Users/zhangjiawei/Code/Micro-specialization/NVIDIA_CV_Inspection/data/AOI_DL_data_0930/0423918056912/D1_C1088.jpg,D1_C1088.jpg,"(85, 37, 3)",0423918056912,C1088,C,0930
defect,/Users/zhangjiawei/Code/Micro-specialization/NVIDIA_CV_Inspection/data/AOI_DL_data_0930/0423918056912/D1_C1207.jpg,D1_C1207.jpg,"(56, 22, 3)",0423918056912,C1207,C,0930
notdefect,/Users/zhangjiawei/Code/Micro-specialization/NVIDIA_CV_Inspection/data/AOI_DL_data_0930/0423818069873/D1_C143.jpg,D1_C143.jpg,"(56, 22, 3)",0423818069873,C143,C,0930
notdefect,/Users/zhangjiawei/Code/Micro-specialization/NVIDIA_CV_Inspection/data/AOI_DL_data_0930/0423818069873/D1_C144.jpg,D1_C144.jpg,"(56, 22, 3)",0423818069873,C144,C,0930
notdefect,/Users/zhangjiawei/Code/Micro-specialization/NVIDIA_CV_Inspection/data/AOI_DL_data_0930/0423818069873/D1_C1088.jpg,D1_C1088.jpg,"(85, 37, 3)",0423818069873,C1088,C,0930
notdefect,/Users/zhangjiawei/Code/Micro-specialization/NVIDIA_CV_Inspection/data/AOI_DL_data_0930/0423818069873/D1_C109.jpg,D1_C109.jpg,"(56, 22, 3)",0423818069873,C109,C,0930
notdefect,/Users/zhangjiawei/Code/Micro-specialization/NVIDIA_CV_Inspection/data/AOI_DL_data_0930/0423818069873/D1_C524.jpg,D1_C524.jpg,"(282, 208, 3)",0423818069873,C524,C,0930
notdefect,/Users/zhangjiawei/Code/Micro-specialization/NVIDIA_CV_Inspection/data/AOI_DL_data_0930/0423818069873/D1_C105.jpg,D1_C105.jpg,"(56, 22, 3)",0423818069873,C105,C,0930
notdefect,/Users/zhangjiawei/Code/Micro-specialization/NVIDIA_CV_Inspection/data/AOI_DL_data_0930/0423818069887/D1_C143.jpg,D1_C143.jpg,"(56, 22, 3)",0423818069887,C143,C,0930
notdefect,/Users/zhangjiawei/Code/Micro-specialization/NVIDIA_CV_Inspection/data/AOI_DL_data_0930/0423818069887/D1_C144.jpg,D1_C144.jpg,"(56, 23, 3)",0423818069887,C144,C,0930
notdefect,/Users/zhangjiawei/Code/Micro-specialization/NVIDIA_CV_Inspection/data/AOI_DL_data_0930/0423818069887/D1_C109.jpg,D1_C109.jpg,"(57, 22, 3)",0423818069887,C109,C,0930
notdefect,/Users/zhangjiawei/Code/Micro-specialization/NVIDIA_CV_Inspection/data/AOI_DL_data_0930/0423818069887/D1_C105.jpg,D1_C105.jpg,"(56, 22, 3)",0423818069887,C105,C,0930
notdefect,/Users/zhangjiawei/Code/Micro-specialization/NVIDIA_CV_Inspection/data/AOI_DL_data_0930/0423818069889/D1_C143.jpg,D1_C143.jpg,"(56, 22, 3)",0423818069889,C143,C,0930
notdefect,/Users/zhangjiawei/Code/Micro-specialization/NVIDIA_CV_Inspection/data/AOI_DL_data_0930/0423818069889/D1_C144.jpg,D1_C144.jpg,"(56, 22, 3)",0423818069889,C144,C,0930
notdefect,/Users/zhangjiawei/Code/Micro-specialization/NVIDIA_CV_Inspection/data/AOI_DL_data_0930/0423818069889/D1_C109.jpg,D1_C109.jpg,"(56, 22, 3)",0423818069889,C109,C,0930
notdefect,/Users/zhangjiawei/Code/Micro-specialization/NVIDIA_CV_Inspection/data/AOI_DL_data_0930/0423818069889/D1_C105.jpg,D1_C105.jpg,"(56, 22, 3)",0423818069889,C105,C,0930
notdefect,/Users/zhangjiawei/Code/Micro-specialization/NVIDIA_CV_Inspection/data/AOI_DL_data_0930/0423818069889/D1_C202.jpg,D1_C202.jpg,"(36, 84, 3)",0423818069889,C202,C,0930
notdefect,/Users/zhangjiawei/Code/Micro-specialization/NVIDIA_CV_Inspection/data/AOI_DL_data_0930/0423818069842/D0_C143.jpg,D0_C143.jpg,"(56, 22, 3)",0423818069842,C143,C,0930
notdefect,/Users/zhangjiawei/Code/Micro-specialization/NVIDIA_CV_Inspection/data/AOI_DL_data_0930/0423818069842/D0_C144.jpg,D0_C144.jpg,"(56, 22, 3)",0423818069842,C144,C,0930
notdefect,/Users/zhangjiawei/Code/Micro-specialization/NVIDIA_CV_Inspection/data/AOI_DL_data_0930/0423818069842/D0_C35.jpg,D0_C35.jpg,"(84, 37, 3)",0423818069842,C35,C,0930
notdefect,/Users/zhangjiawei/Code/Micro-specialization/NVIDIA_CV_Inspection/data/AOI_DL_data_0930/0423818069842/D0_C109.jpg,D0_C109.jpg,"(56, 22, 3)",0423818069842,C109,C,0930
notdefect,/Users/zhangjiawei/Code/Micro-specialization/NVIDIA_CV_Inspection/data/AOI_DL_data_0930/0423818069842/D0_C105.jpg,D0_C105.jpg,"(56, 22, 3)",0423818069842,C105,C,0930
notdefect,/Users/zhangjiawei/Code/Micro-specialization/NVIDIA_CV_Inspection/data/AOI_DL_data_0930/0423818069845/D1_C143.jpg,D1_C143.jpg,"(56, 22, 3)",0423818069845,C143,C,0930
notdefect,/Users/zhangjiawei/Code/Micro-specialization/NVIDIA_CV_Inspection/data/AOI_DL_data_0930/0423818069845/D1_C144.jpg,D1_C144.jpg,"(56, 22, 3)",0423818069845,C144,C,0930
notdefect,/Users/zhangjiawei/Code/Micro-specialization/NVIDIA_CV_Inspection/data/AOI_DL_data_0930/0423818069845/D1_C109.jpg,D1_C109.jpg,"(56, 22, 3)",0423818069845,C109,C,0930
notdefect,/Users/zhangjiawei/Code/Micro-specialization/NVIDIA_CV_Inspection/data/AOI_DL_data_0930/0423818069845/D1_C105.jpg,D1_C105.jpg,"(56, 22, 3)",0423818069845,C105,C,0930
notdefect,/Users/zhangjiawei/Code/Micro-specialization/NVIDIA_CV_Inspection/data/AOI_DL_data_0930/0423818069826/D1_C143.jpg,D1_C143.jpg,"(56, 22, 3)",0423818069826,C143,C,0930
notdefect,/Users/zhangjiawei/Code/Micro-specialization/NVIDIA_CV_Inspection/data/AOI_DL_data_0930/0423818069826/D1_C144.jpg,D1_C144.jpg,"(56, 22, 3)",0423818069826,C144,C,0930
notdefect,/Users/zhangjiawei/Code/Micro-specialization/NVIDIA_CV_Inspection/data/AOI_DL_data_0930/0423818069826/D1_C109.jpg,D1_C109.jpg,"(56, 22, 3)",0423818069826,C109,C,0930
notdefect,/Users/zhangjiawei/Code/Micro-specialization/NVIDIA_CV_Inspection/data/AOI_DL_data_0930/0423818069826/D1_C105.jpg,D1_C105.jpg,"(56, 22, 3)",0423818069826,C105,C,0930
notdefect,/Users/zhangjiawei/Code/Micro-specialization/NVIDIA_CV_Inspection/data/AOI_DL_data_0930/0423818069819/D0_C143.jpg,D0_C143.jpg,"(56, 22, 3)",0423818069819,C143,C,0930
notdefect,/Users/zhangjiawei/Code/Micro-specialization/NVIDIA_CV_Inspection/data/AOI_DL_data_0930/0423818069819/D0_C144.jpg,D0_C144.jpg,"(56, 22, 3)",0423818069819,C144,C,0930
notdefect,/Users/zhangjiawei/Code/Micro-specialization/NVIDIA_CV_Inspection/data/AOI_DL_data_0930/0423818069819/D0_C109.jpg,D0_C109.jpg,"(56, 22, 3)",0423818069819,C109,C,0930
notdefect,/Users/zhangjiawei/Code/Micro-specialization/NVIDIA_CV_Inspection/data/AOI_DL_data_0930/0423818069819/D0_C105.jpg,D0_C105.jpg,"(56, 22, 3)",0423818069819,C105,C,0930
notdefect,/Users/zhangjiawei/Code/Micro-specialization/NVIDIA_CV_Inspection/data/AOI_DL_data_0930/0423818069819/D0_C206.jpg,D0_C206.jpg,"(36, 85, 3)",0423818069819,C206,C,0930
notdefect,/Users/zhangjiawei/Code/Micro-specialization/NVIDIA_CV_Inspection/data/AOI_DL_data_0930/0423918006437/D0_C48.jpg,D0_C48.jpg,"(94, 175, 3)",0423918006437,C48,C,0930
notdefect,/Users/zhangjiawei/Code/Micro-specialization/NVIDIA_CV_Inspection/data/AOI_DL_data_0930/0423818069828/D1_C143.jpg,D1_C143.jpg,"(56, 22, 3)",0423818069828,C143,C,0930
notdefect,/Users/zhangjiawei/Code/Micro-specialization/NVIDIA_CV_Inspection/data/AOI_DL_data_0930/0423818069828/D1_C144.jpg,D1_C144.jpg,"(57, 23, 3)",0423818069828,C144,C,0930
notdefect,/Users/zhangjiawei/Code/Micro-specialization/NVIDIA_CV_Inspection/data/AOI_DL_data_0930/0423818069828/D1_C109.jpg,D1_C109.jpg,"(56, 22, 3)",0423818069828,C109,C,0930
notdefect,/Users/zhangjiawei/Code/Micro-specialization/NVIDIA_CV_Inspection/data/AOI_DL_data_0930/0423818069828/D1_C105.jpg,D1_C105.jpg,"(56, 22, 3)",0423818069828,C105,C,0930
notdefect,/Users/zhangjiawei/Code/Micro-specialization/NVIDIA_CV_Inspection/data/AOI_DL_data_0930/0423818069810/D0_C143.jpg,D0_C143.jpg,"(57, 22, 3)",0423818069810,C143,C,0930
notdefect,/Users/zhangjiawei/Code/Micro-specialization/NVIDIA_CV_Inspection/data/AOI_DL_data_0930/0423818069810/D0_C144.jpg,D0_C144.jpg,"(56, 23, 3)",0423818069810,C144,C,0930
notdefect,/Users/zhangjiawei/Code/Micro-specialization/NVIDIA_CV_Inspection/data/AOI_DL_data_0930/0423818069810/D0_C109.jpg,D0_C109.jpg,"(56, 22, 3)",0423818069810,C109,C,0930
notdefect,/Users/zhangjiawei/Code/Micro-specialization/NVIDIA_CV_Inspection/data/AOI_DL_data_0930/0423818069810/D0_C1088.jpg,D0_C1088.jpg,"(85, 37, 3)",0423818069810,C1088,C,0930
notdefect,/Users/zhangjiawei/Code/Micro-specialization/NVIDIA_CV_Inspection/data/AOI_DL_data_0930/0423818069810/D0_C1085.jpg,D0_C1085.jpg,"(37, 84, 3)",0423818069810,C1085,C,0930
notdefect,/Users/zhangjiawei/Code/Micro-specialization/NVIDIA_CV_Inspection/data/AOI_DL_data_0930/0423818069810/D0_C105.jpg,D0_C105.jpg,"(56, 22, 3)",0423818069810,C105,C,0930
notdefect,/Users/zhangjiawei/Code/Micro-specialization/NVIDIA_CV_Inspection/data/AOI_DL_data_0930/0423818069844/D0_C143.jpg,D0_C143.jpg,"(56, 22, 3)",0423818069844,C143,C,0930
notdefect,/Users/zhangjiawei/Code/Micro-specialization/NVIDIA_CV_Inspection/data/AOI_DL_data_0930/0423818069844/D0_C144.jpg,D0_C144.jpg,"(56, 22, 3)",0423818069844,C144,C,0930
notdefect,/Users/zhangjiawei/Code/Micro-specialization/NVIDIA_CV_Inspection/data/AOI_DL_data_0930/0423818069844/D0_C109.jpg,D0_C109.jpg,"(56, 22, 3)",0423818069844,C109,C,0930
notdefect,/Users/zhangjiawei/Code/Micro-specialization/NVIDIA_CV_Inspection/data/AOI_DL_data_0930/0423818069844/D0_C31.jpg,D0_C31.jpg,"(22, 56, 3)",0423818069844,C31,C,0930
notdefect,/Users/zhangjiawei/Code/Micro-specialization/NVIDIA_CV_Inspection/data/AOI_DL_data_0930/0423818069844/D0_C105.jpg,D0_C105.jpg,"(56, 22, 3)",0423818069844,C105,C,0930
notdefect,/Users/zhangjiawei/Code/Micro-specialization/NVIDIA_CV_Inspection/data/AOI_DL_data_0930/0423818069888/D0_C143.jpg,D0_C143.jpg,"(56, 22, 3)",0423818069888,C143,C,0930
notdefect,/Users/zhangjiawei/Code/Micro-specialization/NVIDIA_CV_Inspection/data/AOI_DL_data_0930/0423818069888/D0_C144.jpg,D0_C144.jpg,"(56, 22, 3)",0423818069888,C144,C,0930
notdefect,/Users/zhangjiawei/Code/Micro-specialization/NVIDIA_CV_Inspection/data/AOI_DL_data_0930/0423818069888/D0_C109.jpg,D0_C109.jpg,"(56, 22, 3)",0423818069888,C109,C,0930
notdefect,/Users/zhangjiawei/Code/Micro-specialization/NVIDIA_CV_Inspection/data/AOI_DL_data_0930/0423818069888/D0_C105.jpg,D0_C105.jpg,"(56, 22, 3)",0423818069888,C105,C,0930
notdefect,/Users/zhangjiawei/Code/Micro-specialization/NVIDIA_CV_Inspection/data/AOI_DL_data_0930/0423818069843/D1_C143.jpg,D1_C143.jpg,"(56, 22, 3)",0423818069843,C143,C,0930
notdefect,/Users/zhangjiawei/Code/Micro-specialization/NVIDIA_CV_Inspection/data/AOI_DL_data_0930/0423818069843/D1_C144.jpg,D1_C144.jpg,"(56, 22, 3)",0423818069843,C144,C,0930
notdefect,/Users/zhangjiawei/Code/Micro-specialization/NVIDIA_CV_Inspection/data/AOI_DL_data_0930/0423818069843/D1_C109.jpg,D1_C109.jpg,"(56, 22, 3)",0423818069843,C109,C,0930
notdefect,/Users/zhangjiawei/Code/Micro-specialization/NVIDIA_CV_Inspection/data/AOI_DL_data_0930/0423818069843/D1_C105.jpg,D1_C105.jpg,"(56, 22, 3)",0423818069843,C105,C,0930
notdefect,/Users/zhangjiawei/Code/Micro-specialization/NVIDIA_CV_Inspection/data/AOI_DL_data_0930/0423818069886/D0_C143.jpg,D0_C143.jpg,"(56, 22, 3)",0423818069886,C143,C,0930
notdefect,/Users/zhangjiawei/Code/Micro-specialization/NVIDIA_CV_Inspection/data/AOI_DL_data_0930/0423818069886/D0_C144.jpg,D0_C144.jpg,"(56, 23, 3)",0423818069886,C144,C,0930
notdefect,/Users/zhangjiawei/Code/Micro-specialization/NVIDIA_CV_Inspection/data/AOI_DL_data_0930/0423818069886/D0_C35.jpg,D0_C35.jpg,"(85, 36, 3)",0423818069886,C35,C,0930
notdefect,/Users/zhangjiawei/Code/Micro-specialization/NVIDIA_CV_Inspection/data/AOI_DL_data_0930/0423818069886/D0_C109.jpg,D0_C109.jpg,"(57, 22, 3)",0423818069886,C109,C,0930
notdefect,/Users/zhangjiawei/Code/Micro-specialization/NVIDIA_CV_Inspection/data/AOI_DL_data_0930/0423818069886/D0_C105.jpg,D0_C105.jpg,"(56, 22, 3)",0423818069886,C105,C,0930
notdefect,/Users/zhangjiawei/Code/Micro-specialization/NVIDIA_CV_Inspection/data/AOI_DL_data_0930/0423818069872/D0_C143.jpg,D0_C143.jpg,"(56, 22, 3)",0423818069872,C143,C,0930
notdefect,/Users/zhangjiawei/Code/Micro-specialization/NVIDIA_CV_Inspection/data/AOI_DL_data_0930/0423818069872/D0_C144.jpg,D0_C144.jpg,"(56, 22, 3)",0423818069872,C144,C,0930
notdefect,/Users/zhangjiawei/Code/Micro-specialization/NVIDIA_CV_Inspection/data/AOI_DL_data_0930/0423818069872/D0_C109.jpg,D0_C109.jpg,"(56, 22, 3)",0423818069872,C109,C,0930
notdefect,/Users/zhangjiawei/Code/Micro-specialization/NVIDIA_CV_Inspection/data/AOI_DL_data_0930/0423818069872/D0_C105.jpg,D0_C105.jpg,"(56, 22, 3)",0423818069872,C105,C,0930
notdefect,/Users/zhangjiawei/Code/Micro-specialization/NVIDIA_CV_Inspection/data/AOI_DL_data_0930/0423918056560/D0_C1088.jpg,D0_C1088.jpg,"(85, 37, 3)",0423918056560,C1088,C,0930
notdefect,/Users/zhangjiawei/Code/Micro-specialization/NVIDIA_CV_Inspection/data/AOI_DL_data_0930/0423918056560/D0_C28.jpg,D0_C28.jpg,"(65, 139, 3)",0423918056560,C28,C,0930
notdefect,/Users/zhangjiawei/Code/Micro-specialization/NVIDIA_CV_Inspection/data/AOI_DL_data_0930/0423818069832/D1_C143.jpg,D1_C143.jpg,"(56, 22, 3)",0423818069832,C143,C,0930
notdefect,/Users/zhangjiawei/Code/Micro-specialization/NVIDIA_CV_Inspection/data/AOI_DL_data_0930/0423818069832/D1_C144.jpg,D1_C144.jpg,"(56, 22, 3)",0423818069832,C144,C,0930
notdefect,/Users/zhangjiawei/Code/Micro-specialization/NVIDIA_CV_Inspection/data/AOI_DL_data_0930/0423818069832/D1_C109.jpg,D1_C109.jpg,"(56, 22, 3)",0423818069832,C109,C,0930
notdefect,/Users/zhangjiawei/Code/Micro-specialization/NVIDIA_CV_Inspection/data/AOI_DL_data_0930/0423818069832/D1_C105.jpg,D1_C105.jpg,"(56, 22, 3)",0423818069832,C105,C,0930
notdefect,/Users/zhangjiawei/Code/Micro-specialization/NVIDIA_CV_Inspection/data/AOI_DL_data_0930/0423818070311/D1_C143.jpg,D1_C143.jpg,"(56, 22, 3)",0423818070311,C143,C,0930
notdefect,/Users/zhangjiawei/Code/Micro-specialization/NVIDIA_CV_Inspection/data/AOI_DL_data_0930/0423818070311/D1_C144.jpg,D1_C144.jpg,"(56, 22, 3)",0423818070311,C144,C,0930
notdefect,/Users/zhangjiawei/Code/Micro-specialization/NVIDIA_CV_Inspection/data/AOI_DL_data_0930/0423818070311/D1_C109.jpg,D1_C109.jpg,"(56, 22, 3)",0423818070311,C109,C,0930
notdefect,/Users/zhangjiawei/Code/Micro-specialization/NVIDIA_CV_Inspection/data/AOI_DL_data_0930/0423818070311/D1_C105.jpg,D1_C105.jpg,"(56, 22, 3)",0423818070311,C105,C,0930
defect,/Users/zhangjiawei/Code/Micro-specialization/NVIDIA_CV_Inspection/data/AOI_DL_data_0930/0423918005290/D0_C144.jpg,D0_C144.jpg,"(56, 22, 3)",0423918005290,C144,C,0930
notdefect,/Users/zhangjiawei/Code/Micro-specialization/NVIDIA_CV_Inspection/data/AOI_DL_data_0930/0423818069835/D0_C143.jpg,D0_C143.jpg,"(57, 22, 3)",0423818069835,C143,C,0930
notdefect,/Users/zhangjiawei/Code/Micro-specialization/NVIDIA_CV_Inspection/data/AOI_DL_data_0930/0423818069835/D0_C144.jpg,D0_C144.jpg,"(56, 23, 3)",0423818069835,C144,C,0930
notdefect,/Users/zhangjiawei/Code/Micro-specialization/NVIDIA_CV_Inspection/data/AOI_DL_data_0930/0423818069835/D0_C109.jpg,D0_C109.jpg,"(56, 22, 3)",0423818069835,C109,C,0930
notdefect,/Users/zhangjiawei/Code/Micro-specialization/NVIDIA_CV_Inspection/data/AOI_DL_data_0930/0423818069835/D0_C1085.jpg,D0_C1085.jpg,"(37, 84, 3)",0423818069835,C1085,C,0930
notdefect,/Users/zhangjiawei/Code/Micro-specialization/NVIDIA_CV_Inspection/data/AOI_DL_data_0930/0423818069835/D0_C105.jpg,D0_C105.jpg,"(56, 22, 3)",0423818069835,C105,C,0930
notdefect,/Users/zhangjiawei/Code/Micro-specialization/NVIDIA_CV_Inspection/data/AOI_DL_data_0930/0423818070185/D0_C143.jpg,D0_C143.jpg,"(56, 22, 3)",0423818070185,C143,C,0930
notdefect,/Users/zhangjiawei/Code/Micro-specialization/NVIDIA_CV_Inspection/data/AOI_DL_data_0930/0423818070185/D0_C144.jpg,D0_C144.jpg,"(56, 22, 3)",0423818070185,C144,C,0930
notdefect,/Users/zhangjiawei/Code/Micro-specialization/NVIDIA_CV_Inspection/data/AOI_DL_data_0930/0423818070185/D0_C109.jpg,D0_C109.jpg,"(56, 22, 3)",0423818070185,C109,C,0930
notdefect,/Users/zhangjiawei/Code/Micro-specialization/NVIDIA_CV_Inspection/data/AOI_DL_data_0930/0423818070185/D0_C1085.jpg,D0_C1085.jpg,"(37, 84, 3)",0423818070185,C1085,C,0930
notdefect,/Users/zhangjiawei/Code/Micro-specialization/NVIDIA_CV_Inspection/data/AOI_DL_data_0930/0423818070185/D0_C105.jpg,D0_C105.jpg,"(56, 22, 3)",0423818070185,C105,C,0930
notdefect,/Users/zhangjiawei/Code/Micro-specialization/NVIDIA_CV_Inspection/data/AOI_DL_data_0930/0423818070185/D0_C830.jpg,D0_C830.jpg,"(55, 137, 3)",0423818070185,C830,C,0930
notdefect,/Users/zhangjiawei/Code/Micro-specialization/NVIDIA_CV_Inspection/data/AOI_DL_data_0930/0423918005291/D1_C13.jpg,D1_C13.jpg,"(140, 66, 3)",0423918005291,C13,C,0930
defect,/Users/zhangjiawei/Code/Micro-specialization/NVIDIA_CV_Inspection/data/AOI_DL_data_0930/0423918005291/D1_C7.jpg,D1_C7.jpg,"(140, 65, 3)",0423918005291,C7,C,0930
notdefect,/Users/zhangjiawei/Code/Micro-specialization/NVIDIA_CV_Inspection/data/AOI_DL_data_0930/0423918005291/D1_C6.jpg,D1_C6.jpg,"(140, 65, 3)",0423918005291,C6,C,0930
notdefect,/Users/zhangjiawei/Code/Micro-specialization/NVIDIA_CV_Inspection/data/AOI_DL_data_0930/0423818070310/D0_C143.jpg,D0_C143.jpg,"(56, 22, 3)",0423818070310,C143,C,0930
notdefect,/Users/zhangjiawei/Code/Micro-specialization/NVIDIA_CV_Inspection/data/AOI_DL_data_0930/0423818070310/D0_C144.jpg,D0_C144.jpg,"(56, 22, 3)",0423818070310,C144,C,0930
notdefect,/Users/zhangjiawei/Code/Micro-specialization/NVIDIA_CV_Inspection/data/AOI_DL_data_0930/0423818070310/D0_C109.jpg,D0_C109.jpg,"(56, 22, 3)",0423818070310,C109,C,0930
notdefect,/Users/zhangjiawei/Code/Micro-specialization/NVIDIA_CV_Inspection/data/AOI_DL_data_0930/0423818070310/D0_C1088.jpg,D0_C1088.jpg,"(85, 37, 3)",0423818070310,C1088,C,0930
notdefect,/Users/zhangjiawei/Code/Micro-specialization/NVIDIA_CV_Inspection/data/AOI_DL_data_0930/0423818070310/D0_C105.jpg,D0_C105.jpg,"(56, 22, 3)",0423818070310,C105,C,0930
notdefect,/Users/zhangjiawei/Code/Micro-specialization/NVIDIA_CV_Inspection/data/AOI_DL_data_0930/0423818070296/D0_C143.jpg,D0_C143.jpg,"(56, 22, 3)",0423818070296,C143,C,0930
notdefect,/Users/zhangjiawei/Code/Micro-specialization/NVIDIA_CV_Inspection/data/AOI_DL_data_0930/0423818070296/D0_C144.jpg,D0_C144.jpg,"(56, 22, 3)",0423818070296,C144,C,0930
notdefect,/Users/zhangjiawei/Code/Micro-specialization/NVIDIA_CV_Inspection/data/AOI_DL_data_0930/0423818070296/D0_C35.jpg,D0_C35.jpg,"(84, 37, 3)",0423818070296,C35,C,0930
notdefect,/Users/zhangjiawei/Code/Micro-specialization/NVIDIA_CV_Inspection/data/AOI_DL_data_0930/0423818070296/D0_C109.jpg,D0_C109.jpg,"(56, 22, 3)",0423818070296,C109,C,0930
notdefect,/Users/zhangjiawei/Code/Micro-specialization/NVIDIA_CV_Inspection/data/AOI_DL_data_0930/0423818070296/D0_C105.jpg,D0_C105.jpg,"(56, 22, 3)",0423818070296,C105,C,0930
notdefect,/Users/zhangjiawei/Code/Micro-specialization/NVIDIA_CV_Inspection/data/AOI_DL_data_0930/0423818070057/D0_C143.jpg,D0_C143.jpg,"(56, 22, 3)",0423818070057,C143,C,0930
notdefect,/Users/zhangjiawei/Code/Micro-specialization/NVIDIA_CV_Inspection/data/AOI_DL_data_0930/0423818070057/D0_C144.jpg,D0_C144.jpg,"(56, 22, 3)",0423818070057,C144,C,0930
notdefect,/Users/zhangjiawei/Code/Micro-specialization/NVIDIA_CV_Inspection/data/AOI_DL_data_0930/0423818070057/D0_C109.jpg,D0_C109.jpg,"(56, 22, 3)",0423818070057,C109,C,0930
notdefect,/Users/zhangjiawei/Code/Micro-specialization/NVIDIA_CV_Inspection/data/AOI_DL_data_0930/0423818070057/D0_C105.jpg,D0_C105.jpg,"(56, 22, 3)",0423818070057,C105,C,0930
notdefect,/Users/zhangjiawei/Code/Micro-specialization/NVIDIA_CV_Inspection/data/AOI_DL_data_0930/0423818070057/D0_C48.jpg,D0_C48.jpg,"(94, 175, 3)",0423818070057,C48,C,0930
notdefect,/Users/zhangjiawei/Code/Micro-specialization/NVIDIA_CV_Inspection/data/AOI_DL_data_0930/0423818070291/D1_C143.jpg,D1_C143.jpg,"(56, 22, 3)",0423818070291,C143,C,0930
notdefect,/Users/zhangjiawei/Code/Micro-specialization/NVIDIA_CV_Inspection/data/AOI_DL_data_0930/0423818070291/D1_C144.jpg,D1_C144.jpg,"(56, 23, 3)",0423818070291,C144,C,0930
notdefect,/Users/zhangjiawei/Code/Micro-specialization/NVIDIA_CV_Inspection/data/AOI_DL_data_0930/0423818070291/D1_C109.jpg,D1_C109.jpg,"(56, 22, 3)",0423818070291,C109,C,0930
notdefect,/Users/zhangjiawei/Code/Micro-specialization/NVIDIA_CV_Inspection/data/AOI_DL_data_0930/0423818070291/D1_C105.jpg,D1_C105.jpg,"(56, 22, 3)",0423818070291,C105,C,0930
notdefect,/Users/zhangjiawei/Code/Micro-specialization/NVIDIA_CV_Inspection/data/AOI_DL_data_0930/0423818070291/D1_C202.jpg,D1_C202.jpg,"(36, 85, 3)",0423818070291,C202,C,0930
notdefect,/Users/zhangjiawei/Code/Micro-specialization/NVIDIA_CV_Inspection/data/AOI_DL_data_0930/0423818070291/D1_C206.jpg,D1_C206.jpg,"(36, 85, 3)",0423818070291,C206,C,0930
notdefect,/Users/zhangjiawei/Code/Micro-specialization/NVIDIA_CV_Inspection/data/AOI_DL_data_0930/0423818070298/D0_C143.jpg,D0_C143.jpg,"(56, 22, 3)",0423818070298,C143,C,0930
notdefect,/Users/zhangjiawei/Code/Micro-specialization/NVIDIA_CV_Inspection/data/AOI_DL_data_0930/0423818070298/D0_C144.jpg,D0_C144.jpg,"(56, 22, 3)",0423818070298,C144,C,0930
notdefect,/Users/zhangjiawei/Code/Micro-specialization/NVIDIA_CV_Inspection/data/AOI_DL_data_0930/0423818070298/D0_C109.jpg,D0_C109.jpg,"(56, 22, 3)",0423818070298,C109,C,0930
notdefect,/Users/zhangjiawei/Code/Micro-specialization/NVIDIA_CV_Inspection/data/AOI_DL_data_0930/0423818070298/D0_C105.jpg,D0_C105.jpg,"(56, 22, 3)",0423818070298,C105,C,0930
notdefect,/Users/zhangjiawei/Code/Micro-specialization/NVIDIA_CV_Inspection/data/AOI_DL_data_0930/0423818070032/D1_C143.jpg,D1_C143.jpg,"(56, 22, 3)",0423818070032,C143,C,0930
notdefect,/Users/zhangjiawei/Code/Micro-specialization/NVIDIA_CV_Inspection/data/AOI_DL_data_0930/0423818070032/D1_C144.jpg,D1_C144.jpg,"(56, 22, 3)",0423818070032,C144,C,0930
notdefect,/Users/zhangjiawei/Code/Micro-specialization/NVIDIA_CV_Inspection/data/AOI_DL_data_0930/0423818070032/D1_C42.jpg,D1_C42.jpg,"(84, 36, 3)",0423818070032,C42,C,0930
notdefect,/Users/zhangjiawei/Code/Micro-specialization/NVIDIA_CV_Inspection/data/AOI_DL_data_0930/0423818070032/D1_C109.jpg,D1_C109.jpg,"(56, 22, 3)",0423818070032,C109,C,0930
notdefect,/Users/zhangjiawei/Code/Micro-specialization/NVIDIA_CV_Inspection/data/AOI_DL_data_0930/0423818070032/D1_C105.jpg,D1_C105.jpg,"(56, 22, 3)",0423818070032,C105,C,0930
notdefect,/Users/zhangjiawei/Code/Micro-specialization/NVIDIA_CV_Inspection/data/AOI_DL_data_0930/0423818069912/D0_C143.jpg,D0_C143.jpg,"(56, 22, 3)",0423818069912,C143,C,0930
notdefect,/Users/zhangjiawei/Code/Micro-specialization/NVIDIA_CV_Inspection/data/AOI_DL_data_0930/0423818069912/D0_C144.jpg,D0_C144.jpg,"(56, 22, 3)",0423818069912,C144,C,0930
notdefect,/Users/zhangjiawei/Code/Micro-specialization/NVIDIA_CV_Inspection/data/AOI_DL_data_0930/0423818069912/D0_C109.jpg,D0_C109.jpg,"(56, 22, 3)",0423818069912,C109,C,0930
notdefect,/Users/zhangjiawei/Code/Micro-specialization/NVIDIA_CV_Inspection/data/AOI_DL_data_0930/0423818069912/D0_C524.jpg,D0_C524.jpg,"(282, 209, 3)",0423818069912,C524,C,0930
notdefect,/Users/zhangjiawei/Code/Micro-specialization/NVIDIA_CV_Inspection/data/AOI_DL_data_0930/0423818069912/D0_C32.jpg,D0_C32.jpg,"(85, 37, 3)",0423818069912,C32,C,0930
notdefect,/Users/zhangjiawei/Code/Micro-specialization/NVIDIA_CV_Inspection/data/AOI_DL_data_0930/0423818069912/D0_C105.jpg,D0_C105.jpg,"(56, 22, 3)",0423818069912,C105,C,0930
notdefect,/Users/zhangjiawei/Code/Micro-specialization/NVIDIA_CV_Inspection/data/AOI_DL_data_0930/0423818069915/D1_C143.jpg,D1_C143.jpg,"(57, 22, 3)",0423818069915,C143,C,0930
notdefect,/Users/zhangjiawei/Code/Micro-specialization/NVIDIA_CV_Inspection/data/AOI_DL_data_0930/0423818069915/D1_C144.jpg,D1_C144.jpg,"(56, 23, 3)",0423818069915,C144,C,0930
notdefect,/Users/zhangjiawei/Code/Micro-specialization/NVIDIA_CV_Inspection/data/AOI_DL_data_0930/0423818069915/D1_C109.jpg,D1_C109.jpg,"(56, 22, 3)",0423818069915,C109,C,0930
notdefect,/Users/zhangjiawei/Code/Micro-specialization/NVIDIA_CV_Inspection/data/AOI_DL_data_0930/0423818069915/D1_C524.jpg,D1_C524.jpg,"(282, 209, 3)",0423818069915,C524,C,0930
notdefect,/Users/zhangjiawei/Code/Micro-specialization/NVIDIA_CV_Inspection/data/AOI_DL_data_0930/0423818069915/D1_C105.jpg,D1_C105.jpg,"(56, 22, 3)",0423818069915,C105,C,0930
notdefect,/Users/zhangjiawei/Code/Micro-specialization/NVIDIA_CV_Inspection/data/AOI_DL_data_0930/0423818070058/D1_C143.jpg,D1_C143.jpg,"(56, 22, 3)",0423818070058,C143,C,0930
notdefect,/Users/zhangjiawei/Code/Micro-specialization/NVIDIA_CV_Inspection/data/AOI_DL_data_0930/0423818070058/D1_C144.jpg,D1_C144.jpg,"(56, 22, 3)",0423818070058,C144,C,0930
notdefect,/Users/zhangjiawei/Code/Micro-specialization/NVIDIA_CV_Inspection/data/AOI_DL_data_0930/0423818070058/D1_C109.jpg,D1_C109.jpg,"(56, 22, 3)",0423818070058,C109,C,0930
notdefect,/Users/zhangjiawei/Code/Micro-specialization/NVIDIA_CV_Inspection/data/AOI_DL_data_0930/0423818070058/D1_C105.jpg,D1_C105.jpg,"(56, 22, 3)",0423818070058,C105,C,0930
notdefect,/Users/zhangjiawei/Code/Micro-specialization/NVIDIA_CV_Inspection/data/AOI_DL_data_0930/0423818070058/D1_C1085.jpg,D1_C1085.jpg,"(37, 84, 3)",0423818070058,C1085,C,0930
notdefect,/Users/zhangjiawei/Code/Micro-specialization/NVIDIA_CV_Inspection/data/AOI_DL_data_0930/0423818070299/D1_C143.jpg,D1_C143.jpg,"(56, 22, 3)",0423818070299,C143,C,0930
notdefect,/Users/zhangjiawei/Code/Micro-specialization/NVIDIA_CV_Inspection/data/AOI_DL_data_0930/0423818070299/D1_C144.jpg,D1_C144.jpg,"(56, 22, 3)",0423818070299,C144,C,0930
notdefect,/Users/zhangjiawei/Code/Micro-specialization/NVIDIA_CV_Inspection/data/AOI_DL_data_0930/0423818070299/D1_C1088.jpg,D1_C1088.jpg,"(85, 37, 3)",0423818070299,C1088,C,0930
notdefect,/Users/zhangjiawei/Code/Micro-specialization/NVIDIA_CV_Inspection/data/AOI_DL_data_0930/0423818070299/D1_C109.jpg,D1_C109.jpg,"(56, 22, 3)",0423818070299,C109,C,0930
notdefect,/Users/zhangjiawei/Code/Micro-specialization/NVIDIA_CV_Inspection/data/AOI_DL_data_0930/0423818070299/D1_C105.jpg,D1_C105.jpg,"(56, 22, 3)",0423818070299,C105,C,0930
notdefect,/Users/zhangjiawei/Code/Micro-specialization/NVIDIA_CV_Inspection/data/AOI_DL_data_0930/0423818070290/D0_C143.jpg,D0_C143.jpg,"(56, 22, 3)",0423818070290,C143,C,0930
notdefect,/Users/zhangjiawei/Code/Micro-specialization/NVIDIA_CV_Inspection/data/AOI_DL_data_0930/0423818070290/D0_C144.jpg,D0_C144.jpg,"(56, 23, 3)",0423818070290,C144,C,0930
notdefect,/Users/zhangjiawei/Code/Micro-specialization/NVIDIA_CV_Inspection/data/AOI_DL_data_0930/0423818070290/D0_C35.jpg,D0_C35.jpg,"(85, 36, 3)",0423818070290,C35,C,0930
notdefect,/Users/zhangjiawei/Code/Micro-specialization/NVIDIA_CV_Inspection/data/AOI_DL_data_0930/0423818070290/D0_C109.jpg,D0_C109.jpg,"(56, 22, 3)",0423818070290,C109,C,0930
notdefect,/Users/zhangjiawei/Code/Micro-specialization/NVIDIA_CV_Inspection/data/AOI_DL_data_0930/0423818070290/D0_C105.jpg,D0_C105.jpg,"(56, 22, 3)",0423818070290,C105,C,0930
notdefect,/Users/zhangjiawei/Code/Micro-specialization/NVIDIA_CV_Inspection/data/AOI_DL_data_0930/0423818070290/D0_C206.jpg,D0_C206.jpg,"(36, 85, 3)",0423818070290,C206,C,0930
notdefect,/Users/zhangjiawei/Code/Micro-specialization/NVIDIA_CV_Inspection/data/AOI_DL_data_0930/0423818070051/D0_C143.jpg,D0_C143.jpg,"(56, 22, 3)",0423818070051,C143,C,0930
notdefect,/Users/zhangjiawei/Code/Micro-specialization/NVIDIA_CV_Inspection/data/AOI_DL_data_0930/0423818070051/D0_C144.jpg,D0_C144.jpg,"(56, 22, 3)",0423818070051,C144,C,0930
notdefect,/Users/zhangjiawei/Code/Micro-specialization/NVIDIA_CV_Inspection/data/AOI_DL_data_0930/0423818070051/D0_C109.jpg,D0_C109.jpg,"(56, 22, 3)",0423818070051,C109,C,0930
notdefect,/Users/zhangjiawei/Code/Micro-specialization/NVIDIA_CV_Inspection/data/AOI_DL_data_0930/0423818070051/D0_C105.jpg,D0_C105.jpg,"(56, 22, 3)",0423818070051,C105,C,0930
notdefect,/Users/zhangjiawei/Code/Micro-specialization/NVIDIA_CV_Inspection/data/AOI_DL_data_0930/0423818070051/D0_C206.jpg,D0_C206.jpg,"(36, 84, 3)",0423818070051,C206,C,0930
notdefect,/Users/zhangjiawei/Code/Micro-specialization/NVIDIA_CV_Inspection/data/AOI_DL_data_0930/0423818070297/D1_C143.jpg,D1_C143.jpg,"(56, 22, 3)",0423818070297,C143,C,0930
notdefect,/Users/zhangjiawei/Code/Micro-specialization/NVIDIA_CV_Inspection/data/AOI_DL_data_0930/0423818070297/D1_C144.jpg,D1_C144.jpg,"(56, 22, 3)",0423818070297,C144,C,0930
notdefect,/Users/zhangjiawei/Code/Micro-specialization/NVIDIA_CV_Inspection/data/AOI_DL_data_0930/0423818070297/D1_C109.jpg,D1_C109.jpg,"(56, 22, 3)",0423818070297,C109,C,0930
notdefect,/Users/zhangjiawei/Code/Micro-specialization/NVIDIA_CV_Inspection/data/AOI_DL_data_0930/0423818070297/D1_C105.jpg,D1_C105.jpg,"(56, 22, 3)",0423818070297,C105,C,0930
notdefect,/Users/zhangjiawei/Code/Micro-specialization/NVIDIA_CV_Inspection/data/AOI_DL_data_0930/0423818070297/D1_C202.jpg,D1_C202.jpg,"(36, 85, 3)",0423818070297,C202,C,0930
notdefect,/Users/zhangjiawei/Code/Micro-specialization/NVIDIA_CV_Inspection/data/AOI_DL_data_0930/0423818070297/D1_C1087.jpg,D1_C1087.jpg,"(85, 37, 3)",0423818070297,C1087,C,0930
notdefect,/Users/zhangjiawei/Code/Micro-specialization/NVIDIA_CV_Inspection/data/AOI_DL_data_0930/0423818069914/D0_C143.jpg,D0_C143.jpg,"(57, 22, 3)",0423818069914,C143,C,0930
notdefect,/Users/zhangjiawei/Code/Micro-specialization/NVIDIA_CV_Inspection/data/AOI_DL_data_0930/0423818069914/D0_C144.jpg,D0_C144.jpg,"(56, 23, 3)",0423818069914,C144,C,0930
notdefect,/Users/zhangjiawei/Code/Micro-specialization/NVIDIA_CV_Inspection/data/AOI_DL_data_0930/0423818069914/D0_C109.jpg,D0_C109.jpg,"(56, 22, 3)",0423818069914,C109,C,0930
notdefect,/Users/zhangjiawei/Code/Micro-specialization/NVIDIA_CV_Inspection/data/AOI_DL_data_0930/0423818069914/D0_C105.jpg,D0_C105.jpg,"(56, 22, 3)",0423818069914,C105,C,0930
notdefect,/Users/zhangjiawei/Code/Micro-specialization/NVIDIA_CV_Inspection/data/AOI_DL_data_0930/0423818069913/D1_C143.jpg,D1_C143.jpg,"(56, 22, 3)",0423818069913,C143,C,0930
notdefect,/Users/zhangjiawei/Code/Micro-specialization/NVIDIA_CV_Inspection/data/AOI_DL_data_0930/0423818069913/D1_C144.jpg,D1_C144.jpg,"(56, 22, 3)",0423818069913,C144,C,0930
notdefect,/Users/zhangjiawei/Code/Micro-specialization/NVIDIA_CV_Inspection/data/AOI_DL_data_0930/0423818069913/D1_C109.jpg,D1_C109.jpg,"(56, 22, 3)",0423818069913,C109,C,0930
notdefect,/Users/zhangjiawei/Code/Micro-specialization/NVIDIA_CV_Inspection/data/AOI_DL_data_0930/0423818069913/D1_C105.jpg,D1_C105.jpg,"(56, 22, 3)",0423818069913,C105,C,0930
notdefect,/Users/zhangjiawei/Code/Micro-specialization/NVIDIA_CV_Inspection/data/AOI_DL_data_0930/0423818069913/D1_C202.jpg,D1_C202.jpg,"(36, 85, 3)",0423818069913,C202,C,0930
notdefect,/Users/zhangjiawei/Code/Micro-specialization/NVIDIA_CV_Inspection/data/AOI_DL_data_0930/0423818070034/D1_C143.jpg,D1_C143.jpg,"(56, 22, 3)",0423818070034,C143,C,0930
notdefect,/Users/zhangjiawei/Code/Micro-specialization/NVIDIA_CV_Inspection/data/AOI_DL_data_0930/0423818070034/D1_C144.jpg,D1_C144.jpg,"(56, 22, 3)",0423818070034,C144,C,0930
notdefect,/Users/zhangjiawei/Code/Micro-specialization/NVIDIA_CV_Inspection/data/AOI_DL_data_0930/0423818070034/D1_C109.jpg,D1_C109.jpg,"(56, 22, 3)",0423818070034,C109,C,0930
notdefect,/Users/zhangjiawei/Code/Micro-specialization/NVIDIA_CV_Inspection/data/AOI_DL_data_0930/0423818070034/D1_C105.jpg,D1_C105.jpg,"(56, 22, 3)",0423818070034,C105,C,0930
notdefect,/Users/zhangjiawei/Code/Micro-specialization/NVIDIA_CV_Inspection/data/AOI_DL_data_0930/0423818070033/D0_C143.jpg,D0_C143.jpg,"(56, 22, 3)",0423818070033,C143,C,0930
notdefect,/Users/zhangjiawei/Code/Micro-specialization/NVIDIA_CV_Inspection/data/AOI_DL_data_0930/0423818070033/D0_C144.jpg,D0_C144.jpg,"(56, 22, 3)",0423818070033,C144,C,0930
notdefect,/Users/zhangjiawei/Code/Micro-specialization/NVIDIA_CV_Inspection/data/AOI_DL_data_0930/0423818070033/D0_C109.jpg,D0_C109.jpg,"(56, 22, 3)",0423818070033,C109,C,0930
notdefect,/Users/zhangjiawei/Code/Micro-specialization/NVIDIA_CV_Inspection/data/AOI_DL_data_0930/0423818070033/D0_C105.jpg,D0_C105.jpg,"(56, 22, 3)",0423818070033,C105,C,0930
notdefect,/Users/zhangjiawei/Code/Micro-specialization/NVIDIA_CV_Inspection/data/AOI_DL_data_0908/0423318026224/D0_C1090.jpg,D0_C1090.jpg,"(54, 27, 3)",0423318026224,C1090,C,0908
defect,/Users/zhangjiawei/Code/Micro-specialization/NVIDIA_CV_Inspection/data/AOI_DL_data_0908/0423618039275/D1_C517.jpg,D1_C517.jpg,"(387, 171, 3)",0423618039275,C517,C,0908
notdefect,/Users/zhangjiawei/Code/Micro-specialization/NVIDIA_CV_Inspection/data/AOI_DL_data_0908/0423418013936/D1_C1090.jpg,D1_C1090.jpg,"(54, 27, 3)",0423418013936,C1090,C,0908
notdefect,/Users/zhangjiawei/Code/Micro-specialization/NVIDIA_CV_Inspection/data/AOI_DL_data_0908/0423318026215/D1_C1090.jpg,D1_C1090.jpg,"(53, 27, 3)",0423318026215,C1090,C,0908
notdefect,/Users/zhangjiawei/Code/Micro-specialization/NVIDIA_CV_Inspection/data/AOI_DL_data_0908/0423318026212/D0_C1090.jpg,D0_C1090.jpg,"(54, 27, 3)",0423318026212,C1090,C,0908
notdefect,/Users/zhangjiawei/Code/Micro-specialization/NVIDIA_CV_Inspection/data/AOI_DL_data_0908/0423318027358/D1_C1090.jpg,D1_C1090.jpg,"(54, 27, 3)",0423318027358,C1090,C,0908
notdefect,/Users/zhangjiawei/Code/Micro-specialization/NVIDIA_CV_Inspection/data/AOI_DL_data_0908/0423318026277/D0_C1090.jpg,D0_C1090.jpg,"(54, 27, 3)",0423318026277,C1090,C,0908
notdefect,/Users/zhangjiawei/Code/Micro-specialization/NVIDIA_CV_Inspection/data/AOI_DL_data_0908/0423318026283/D0_C1090.jpg,D0_C1090.jpg,"(54, 27, 3)",0423318026283,C1090,C,0908
notdefect,/Users/zhangjiawei/Code/Micro-specialization/NVIDIA_CV_Inspection/data/AOI_DL_data_0908/0423318026284/D1_C1090.jpg,D1_C1090.jpg,"(54, 27, 3)",0423318026284,C1090,C,0908
notdefect,/Users/zhangjiawei/Code/Micro-specialization/NVIDIA_CV_Inspection/data/AOI_DL_data_0908/0423318027356/D1_C1090.jpg,D1_C1090.jpg,"(54, 27, 3)",0423318027356,C1090,C,0908
notdefect,/Users/zhangjiawei/Code/Micro-specialization/NVIDIA_CV_Inspection/data/AOI_DL_data_0908/0423318026270/D0_C1090.jpg,D0_C1090.jpg,"(54, 27, 3)",0423318026270,C1090,C,0908
notdefect,/Users/zhangjiawei/Code/Micro-specialization/NVIDIA_CV_Inspection/data/AOI_DL_data_0908/0423318026213/D1_C1090.jpg,D1_C1090.jpg,"(54, 27, 3)",0423318026213,C1090,C,0908
notdefect,/Users/zhangjiawei/Code/Micro-specialization/NVIDIA_CV_Inspection/data/AOI_DL_data_0908/0423418013901/D0_C1090.jpg,D0_C1090.jpg,"(54, 27, 3)",0423418013901,C1090,C,0908
notdefect,/Users/zhangjiawei/Code/Micro-specialization/NVIDIA_CV_Inspection/data/AOI_DL_data_0908/0423318026214/D0_C1090.jpg,D0_C1090.jpg,"(53, 27, 3)",0423318026214,C1090,C,0908
notdefect,/Users/zhangjiawei/Code/Micro-specialization/NVIDIA_CV_Inspection/data/AOI_DL_data_0908/0423418013930/D1_C1090.jpg,D1_C1090.jpg,"(54, 27, 3)",0423418013930,C1090,C,0908
notdefect,/Users/zhangjiawei/Code/Micro-specialization/NVIDIA_CV_Inspection/data/AOI_DL_data_0908/0423318026285/D1_C1090.jpg,D1_C1090.jpg,"(54, 27, 3)",0423318026285,C1090,C,0908
notdefect,/Users/zhangjiawei/Code/Micro-specialization/NVIDIA_CV_Inspection/data/AOI_DL_data_0908/0423318027350/D1_C1090.jpg,D1_C1090.jpg,"(53, 27, 3)",0423318027350,C1090,C,0908
notdefect,/Users/zhangjiawei/Code/Micro-specialization/NVIDIA_CV_Inspection/data/AOI_DL_data_0908/0423318027350/D1_C48.jpg,D1_C48.jpg,"(95, 175, 3)",0423318027350,C48,C,0908
notdefect,/Users/zhangjiawei/Code/Micro-specialization/NVIDIA_CV_Inspection/data/AOI_DL_data_0908/0423318026278/D1_C1090.jpg,D1_C1090.jpg,"(54, 27, 3)",0423318026278,C1090,C,0908
notdefect,/Users/zhangjiawei/Code/Micro-specialization/NVIDIA_CV_Inspection/data/AOI_DL_data_0908/0423318026335/D1_C1090.jpg,D1_C1090.jpg,"(54, 27, 3)",0423318026335,C1090,C,0908
notdefect,/Users/zhangjiawei/Code/Micro-specialization/NVIDIA_CV_Inspection/data/AOI_DL_data_0908/0423318026769/D0_C1090.jpg,D0_C1090.jpg,"(54, 27, 3)",0423318026769,C1090,C,0908
notdefect,/Users/zhangjiawei/Code/Micro-specialization/NVIDIA_CV_Inspection/data/AOI_DL_data_0908/0423318026303/D0_C1090.jpg,D0_C1090.jpg,"(54, 27, 3)",0423318026303,C1090,C,0908
notdefect,/Users/zhangjiawei/Code/Micro-specialization/NVIDIA_CV_Inspection/data/AOI_DL_data_0908/0423318026303/D0_C48.jpg,D0_C48.jpg,"(94, 175, 3)",0423318026303,C48,C,0908
notdefect,/Users/zhangjiawei/Code/Micro-specialization/NVIDIA_CV_Inspection/data/AOI_DL_data_0908/0423318026539/D1_C1090.jpg,D1_C1090.jpg,"(53, 27, 3)",0423318026539,C1090,C,0908
notdefect,/Users/zhangjiawei/Code/Micro-specialization/NVIDIA_CV_Inspection/data/AOI_DL_data_0908/0423318026350/D0_C1090.jpg,D0_C1090.jpg,"(54, 27, 3)",0423318026350,C1090,C,0908
defect,/Users/zhangjiawei/Code/Micro-specialization/NVIDIA_CV_Inspection/data/AOI_DL_data_0908/0423618039308/D1_C107.jpg,D1_C107.jpg,"(84, 32, 3)",0423618039308,C107,C,0908
notdefect,/Users/zhangjiawei/Code/Micro-specialization/NVIDIA_CV_Inspection/data/AOI_DL_data_0908/0423318026530/D1_C1090.jpg,D1_C1090.jpg,"(54, 27, 3)",0423318026530,C1090,C,0908
notdefect,/Users/zhangjiawei/Code/Micro-specialization/NVIDIA_CV_Inspection/data/AOI_DL_data_0908/0423318026198/D0_C1090.jpg,D0_C1090.jpg,"(54, 27, 3)",0423318026198,C1090,C,0908
notdefect,/Users/zhangjiawei/Code/Micro-specialization/NVIDIA_CV_Inspection/data/AOI_DL_data_0908/0423618041671/D1_C35.jpg,D1_C35.jpg,"(131, 54, 3)",0423618041671,C35,C,0908
notdefect,/Users/zhangjiawei/Code/Micro-specialization/NVIDIA_CV_Inspection/data/AOI_DL_data_0908/0423418013887/D0_C1090.jpg,D0_C1090.jpg,"(54, 27, 3)",0423418013887,C1090,C,0908
notdefect,/Users/zhangjiawei/Code/Micro-specialization/NVIDIA_CV_Inspection/data/AOI_DL_data_0908/0423318026537/D0_C1090.jpg,D0_C1090.jpg,"(54, 27, 3)",0423318026537,C1090,C,0908
notdefect,/Users/zhangjiawei/Code/Micro-specialization/NVIDIA_CV_Inspection/data/AOI_DL_data_0908/0423318026302/D1_C1090.jpg,D1_C1090.jpg,"(53, 27, 3)",0423318026302,C1090,C,0908
notdefect,/Users/zhangjiawei/Code/Micro-specialization/NVIDIA_CV_Inspection/data/AOI_DL_data_0908/0423318026305/D1_C1090.jpg,D1_C1090.jpg,"(54, 27, 3)",0423318026305,C1090,C,0908
notdefect,/Users/zhangjiawei/Code/Micro-specialization/NVIDIA_CV_Inspection/data/AOI_DL_data_0908/0423318026768/D1_C1090.jpg,D1_C1090.jpg,"(54, 27, 3)",0423318026768,C1090,C,0908
notdefect,/Users/zhangjiawei/Code/Micro-specialization/NVIDIA_CV_Inspection/data/AOI_DL_data_0908/0423318026334/D0_C1090.jpg,D0_C1090.jpg,"(54, 27, 3)",0423318026334,C1090,C,0908
notdefect,/Users/zhangjiawei/Code/Micro-specialization/NVIDIA_CV_Inspection/data/AOI_DL_data_0908/0423418013886/D1_C1090.jpg,D1_C1090.jpg,"(54, 27, 3)",0423418013886,C1090,C,0908
notdefect,/Users/zhangjiawei/Code/Micro-specialization/NVIDIA_CV_Inspection/data/AOI_DL_data_0908/0423318026199/D0_C1090.jpg,D0_C1090.jpg,"(54, 27, 3)",0423318026199,C1090,C,0908
notdefect,/Users/zhangjiawei/Code/Micro-specialization/NVIDIA_CV_Inspection/data/AOI_DL_data_0908/0423318026199/D0_C217.jpg,D0_C217.jpg,"(40, 84, 3)",0423318026199,C217,C,0908
notdefect,/Users/zhangjiawei/Code/Micro-specialization/NVIDIA_CV_Inspection/data/AOI_DL_data_0908/0423318026536/D0_C1090.jpg,D0_C1090.jpg,"(54, 27, 3)",0423318026536,C1090,C,0908
notdefect,/Users/zhangjiawei/Code/Micro-specialization/NVIDIA_CV_Inspection/data/AOI_DL_data_0908/0423318026531/D0_C1090.jpg,D0_C1090.jpg,"(54, 27, 3)",0423318026531,C1090,C,0908
notdefect,/Users/zhangjiawei/Code/Micro-specialization/NVIDIA_CV_Inspection/data/AOI_DL_data_0908/0423318026538/D1_C1090.jpg,D1_C1090.jpg,"(54, 27, 3)",0423318026538,C1090,C,0908
notdefect,/Users/zhangjiawei/Code/Micro-specialization/NVIDIA_CV_Inspection/data/AOI_DL_data_0908/0423318026351/D1_C1090.jpg,D1_C1090.jpg,"(54, 27, 3)",0423318026351,C1090,C,0908
notdefect,/Users/zhangjiawei/Code/Micro-specialization/NVIDIA_CV_Inspection/data/AOI_DL_data_0908/0423418013888/D1_C1090.jpg,D1_C1090.jpg,"(54, 27, 3)",0423418013888,C1090,C,0908
notdefect,/Users/zhangjiawei/Code/Micro-specialization/NVIDIA_CV_Inspection/data/AOI_DL_data_0908/0423318026522/D0_C1090.jpg,D0_C1090.jpg,"(54, 27, 3)",0423318026522,C1090,C,0908
notdefect,/Users/zhangjiawei/Code/Micro-specialization/NVIDIA_CV_Inspection/data/AOI_DL_data_0908/0423418013868/D1_C1090.jpg,D1_C1090.jpg,"(54, 27, 3)",0423418013868,C1090,C,0908
notdefect,/Users/zhangjiawei/Code/Micro-specialization/NVIDIA_CV_Inspection/data/AOI_DL_data_0908/0423318026513/D0_C1090.jpg,D0_C1090.jpg,"(54, 27, 3)",0423318026513,C1090,C,0908
notdefect,/Users/zhangjiawei/Code/Micro-specialization/NVIDIA_CV_Inspection/data/AOI_DL_data_0908/0423318026514/D0_C1090.jpg,D0_C1090.jpg,"(54, 27, 3)",0423318026514,C1090,C,0908
notdefect,/Users/zhangjiawei/Code/Micro-specialization/NVIDIA_CV_Inspection/data/AOI_DL_data_0908/0423318027264/D0_C1090.jpg,D0_C1090.jpg,"(54, 27, 3)",0423318027264,C1090,C,0908
notdefect,/Users/zhangjiawei/Code/Micro-specialization/NVIDIA_CV_Inspection/data/AOI_DL_data_0908/0423318026329/D1_C1090.jpg,D1_C1090.jpg,"(54, 27, 3)",0423318026329,C1090,C,0908
notdefect,/Users/zhangjiawei/Code/Micro-specialization/NVIDIA_CV_Inspection/data/AOI_DL_data_0908/0423318026540/D0_C1090.jpg,D0_C1090.jpg,"(54, 27, 3)",0423318026540,C1090,C,0908
notdefect,/Users/zhangjiawei/Code/Micro-specialization/NVIDIA_CV_Inspection/data/AOI_DL_data_0908/0423318026540/D0_C162.jpg,D0_C162.jpg,"(22, 57, 3)",0423318026540,C162,C,0908
notdefect,/Users/zhangjiawei/Code/Micro-specialization/NVIDIA_CV_Inspection/data/AOI_DL_data_0908/0423318026316/D1_C1090.jpg,D1_C1090.jpg,"(53, 27, 3)",0423318026316,C1090,C,0908
notdefect,/Users/zhangjiawei/Code/Micro-specialization/NVIDIA_CV_Inspection/data/AOI_DL_data_0908/0423318026578/D1_C1090.jpg,D1_C1090.jpg,"(54, 27, 3)",0423318026578,C1090,C,0908
notdefect,/Users/zhangjiawei/Code/Micro-specialization/NVIDIA_CV_Inspection/data/AOI_DL_data_0908/0423318026311/D0_C1090.jpg,D0_C1090.jpg,"(54, 27, 3)",0423318026311,C1090,C,0908
notdefect,/Users/zhangjiawei/Code/Micro-specialization/NVIDIA_CV_Inspection/data/AOI_DL_data_0908/0423318026123/D1_C1090.jpg,D1_C1090.jpg,"(54, 27, 3)",0423318026123,C1090,C,0908
notdefect,/Users/zhangjiawei/Code/Micro-specialization/NVIDIA_CV_Inspection/data/AOI_DL_data_0908/0423318026123/D1_C162.jpg,D1_C162.jpg,"(23, 56, 3)",0423318026123,C162,C,0908
notdefect,/Users/zhangjiawei/Code/Micro-specialization/NVIDIA_CV_Inspection/data/AOI_DL_data_0908/0423318026788/D0_C1090.jpg,D0_C1090.jpg,"(54, 27, 3)",0423318026788,C1090,C,0908
notdefect,/Users/zhangjiawei/Code/Micro-specialization/NVIDIA_CV_Inspection/data/AOI_DL_data_0908/0423318026318/D0_C1090.jpg,D0_C1090.jpg,"(54, 27, 3)",0423318026318,C1090,C,0908
notdefect,/Users/zhangjiawei/Code/Micro-specialization/NVIDIA_CV_Inspection/data/AOI_DL_data_0908/0423318026585/D1_C1090.jpg,D1_C1090.jpg,"(54, 27, 3)",0423318026585,C1090,C,0908
notdefect,/Users/zhangjiawei/Code/Micro-specialization/NVIDIA_CV_Inspection/data/AOI_DL_data_0908/0423318026327/D1_C1090.jpg,D1_C1090.jpg,"(54, 27, 3)",0423318026327,C1090,C,0908
notdefect,/Users/zhangjiawei/Code/Micro-specialization/NVIDIA_CV_Inspection/data/AOI_DL_data_0908/0423318026576/D0_C1090.jpg,D0_C1090.jpg,"(54, 27, 3)",0423318026576,C1090,C,0908
notdefect,/Users/zhangjiawei/Code/Micro-specialization/NVIDIA_CV_Inspection/data/AOI_DL_data_0908/0423318026576/D0_C48.jpg,D0_C48.jpg,"(94, 175, 3)",0423318026576,C48,C,0908
notdefect,/Users/zhangjiawei/Code/Micro-specialization/NVIDIA_CV_Inspection/data/AOI_DL_data_0908/0423318026582/D1_C511.jpg,D1_C511.jpg,"(209, 282, 3)",0423318026582,C511,C,0908
notdefect,/Users/zhangjiawei/Code/Micro-specialization/NVIDIA_CV_Inspection/data/AOI_DL_data_0908/0423318026582/D1_C1090.jpg,D1_C1090.jpg,"(54, 27, 3)",0423318026582,C1090,C,0908
notdefect,/Users/zhangjiawei/Code/Micro-specialization/NVIDIA_CV_Inspection/data/AOI_DL_data_0908/0423318027265/D1_C1090.jpg,D1_C1090.jpg,"(54, 27, 3)",0423318027265,C1090,C,0908
notdefect,/Users/zhangjiawei/Code/Micro-specialization/NVIDIA_CV_Inspection/data/AOI_DL_data_0908/0423318026512/D1_C1090.jpg,D1_C1090.jpg,"(53, 27, 3)",0423318026512,C1090,C,0908
notdefect,/Users/zhangjiawei/Code/Micro-specialization/NVIDIA_CV_Inspection/data/AOI_DL_data_0908/0423318026523/D1_C1090.jpg,D1_C1090.jpg,"(54, 27, 3)",0423318026523,C1090,C,0908
notdefect,/Users/zhangjiawei/Code/Micro-specialization/NVIDIA_CV_Inspection/data/AOI_DL_data_0908/0423418013867/D0_C1090.jpg,D0_C1090.jpg,"(54, 27, 3)",0423418013867,C1090,C,0908
notdefect,/Users/zhangjiawei/Code/Micro-specialization/NVIDIA_CV_Inspection/data/AOI_DL_data_0908/0423318026321/D1_C1090.jpg,D1_C1090.jpg,"(53, 27, 3)",0423318026321,C1090,C,0908
notdefect,/Users/zhangjiawei/Code/Micro-specialization/NVIDIA_CV_Inspection/data/AOI_DL_data_0908/0423318026577/D0_C223.jpg,D0_C223.jpg,"(22, 56, 3)",0423318026577,C223,C,0908
notdefect,/Users/zhangjiawei/Code/Micro-specialization/NVIDIA_CV_Inspection/data/AOI_DL_data_0908/0423318026577/D0_C1090.jpg,D0_C1090.jpg,"(54, 27, 3)",0423318026577,C1090,C,0908
notdefect,/Users/zhangjiawei/Code/Micro-specialization/NVIDIA_CV_Inspection/data/AOI_DL_data_0908/0423318026745/D1_C1090.jpg,D1_C1090.jpg,"(54, 27, 3)",0423318026745,C1090,C,0908
notdefect,/Users/zhangjiawei/Code/Micro-specialization/NVIDIA_CV_Inspection/data/AOI_DL_data_0908/0423318026789/D1_C1090.jpg,D1_C1090.jpg,"(53, 27, 3)",0423318026789,C1090,C,0908
notdefect,/Users/zhangjiawei/Code/Micro-specialization/NVIDIA_CV_Inspection/data/AOI_DL_data_0908/0423318026326/D0_C1090.jpg,D0_C1090.jpg,"(54, 27, 3)",0423318026326,C1090,C,0908
notdefect,/Users/zhangjiawei/Code/Micro-specialization/NVIDIA_CV_Inspection/data/AOI_DL_data_0908/0423318026310/D0_C1090.jpg,D0_C1090.jpg,"(54, 27, 3)",0423318026310,C1090,C,0908
notdefect,/Users/zhangjiawei/Code/Micro-specialization/NVIDIA_CV_Inspection/data/AOI_DL_data_0908/0423318026328/D0_C1090.jpg,D0_C1090.jpg,"(54, 27, 3)",0423318026328,C1090,C,0908
notdefect,/Users/zhangjiawei/Code/Micro-specialization/NVIDIA_CV_Inspection/data/AOI_DL_data_0908/0423318026541/D0_C1090.jpg,D0_C1090.jpg,"(54, 27, 3)",0423318026541,C1090,C,0908
notdefect,/Users/zhangjiawei/Code/Micro-specialization/NVIDIA_CV_Inspection/data/AOI_DL_data_0908/0423318026317/D1_C1090.jpg,D1_C1090.jpg,"(53, 27, 3)",0423318026317,C1090,C,0908
notdefect,/Users/zhangjiawei/Code/Micro-specialization/NVIDIA_CV_Inspection/data/AOI_DL_data_0908/0423318026265/D1_C1090.jpg,D1_C1090.jpg,"(54, 27, 3)",0423318026265,C1090,C,0908
notdefect,/Users/zhangjiawei/Code/Micro-specialization/NVIDIA_CV_Inspection/data/AOI_DL_data_0908/0423318026291/D0_C1090.jpg,D0_C1090.jpg,"(54, 27, 3)",0423318026291,C1090,C,0908
notdefect,/Users/zhangjiawei/Code/Micro-specialization/NVIDIA_CV_Inspection/data/AOI_DL_data_0908/0423318027343/D0_C1090.jpg,D0_C1090.jpg,"(54, 27, 3)",0423318027343,C1090,C,0908
notdefect,/Users/zhangjiawei/Code/Micro-specialization/NVIDIA_CV_Inspection/data/AOI_DL_data_0908/0423318026296/D1_C1090.jpg,D1_C1090.jpg,"(54, 27, 3)",0423318026296,C1090,C,0908
notdefect,/Users/zhangjiawei/Code/Micro-specialization/NVIDIA_CV_Inspection/data/AOI_DL_data_0908/0423318026262/D0_C1090.jpg,D0_C1090.jpg,"(54, 27, 3)",0423318026262,C1090,C,0908
notdefect,/Users/zhangjiawei/Code/Micro-specialization/NVIDIA_CV_Inspection/data/AOI_DL_data_0908/0423318026298/D1_C1090.jpg,D1_C1090.jpg,"(54, 27, 3)",0423318026298,C1090,C,0908
notdefect,/Users/zhangjiawei/Code/Micro-specialization/NVIDIA_CV_Inspection/data/AOI_DL_data_0908/0423418013915/D0_C1090.jpg,D0_C1090.jpg,"(54, 27, 3)",0423418013915,C1090,C,0908
notdefect,/Users/zhangjiawei/Code/Micro-specialization/NVIDIA_CV_Inspection/data/AOI_DL_data_0908/0423318026207/D1_C1090.jpg,D1_C1090.jpg,"(54, 27, 3)",0423318026207,C1090,C,0908
notdefect,/Users/zhangjiawei/Code/Micro-specialization/NVIDIA_CV_Inspection/data/AOI_DL_data_0908/0423318026200/D1_C1090.jpg,D1_C1090.jpg,"(53, 27, 3)",0423318026200,C1090,C,0908
notdefect,/Users/zhangjiawei/Code/Micro-specialization/NVIDIA_CV_Inspection/data/AOI_DL_data_0908/0423318026209/D0_C1090.jpg,D0_C1090.jpg,"(54, 27, 3)",0423318026209,C1090,C,0908
notdefect,/Users/zhangjiawei/Code/Micro-specialization/NVIDIA_CV_Inspection/data/AOI_DL_data_0908/0423318026655/D0_C1090.jpg,D0_C1090.jpg,"(54, 27, 3)",0423318026655,C1090,C,0908
notdefect,/Users/zhangjiawei/Code/Micro-specialization/NVIDIA_CV_Inspection/data/AOI_DL_data_0908/0423318026297/D0_C1090.jpg,D0_C1090.jpg,"(54, 27, 3)",0423318026297,C1090,C,0908
notdefect,/Users/zhangjiawei/Code/Micro-specialization/NVIDIA_CV_Inspection/data/AOI_DL_data_0908/0423318027345/D1_C1090.jpg,D1_C1090.jpg,"(54, 27, 3)",0423318027345,C1090,C,0908
notdefect,/Users/zhangjiawei/Code/Micro-specialization/NVIDIA_CV_Inspection/data/AOI_DL_data_0908/0423318027345/D1_C48.jpg,D1_C48.jpg,"(94, 175, 3)",0423318027345,C48,C,0908
notdefect,/Users/zhangjiawei/Code/Micro-specialization/NVIDIA_CV_Inspection/data/AOI_DL_data_0908/0423418013922/D1_C1090.jpg,D1_C1090.jpg,"(54, 27, 3)",0423418013922,C1090,C,0908
notdefect,/Users/zhangjiawei/Code/Micro-specialization/NVIDIA_CV_Inspection/data/AOI_DL_data_0908/0423418013922/D1_C48.jpg,D1_C48.jpg,"(94, 175, 3)",0423418013922,C48,C,0908
notdefect,/Users/zhangjiawei/Code/Micro-specialization/NVIDIA_CV_Inspection/data/AOI_DL_data_0908/0423418013925/D0_C1090.jpg,D0_C1090.jpg,"(54, 27, 3)",0423418013925,C1090,C,0908
notdefect,/Users/zhangjiawei/Code/Micro-specialization/NVIDIA_CV_Inspection/data/AOI_DL_data_0908/0423318026201/D1_C1090.jpg,D1_C1090.jpg,"(54, 27, 3)",0423318026201,C1090,C,0908
notdefect,/Users/zhangjiawei/Code/Micro-specialization/NVIDIA_CV_Inspection/data/AOI_DL_data_0908/0423318026665/D0_C1090.jpg,D0_C1090.jpg,"(54, 27, 3)",0423318026665,C1090,C,0908
notdefect,/Users/zhangjiawei/Code/Micro-specialization/NVIDIA_CV_Inspection/data/AOI_DL_data_0908/0423318026206/D0_C1090.jpg,D0_C1090.jpg,"(54, 27, 3)",0423318026206,C1090,C,0908
notdefect,/Users/zhangjiawei/Code/Micro-specialization/NVIDIA_CV_Inspection/data/AOI_DL_data_0908/0423318027355/D0_C1090.jpg,D0_C1090.jpg,"(54, 27, 3)",0423318027355,C1090,C,0908
notdefect,/Users/zhangjiawei/Code/Micro-specialization/NVIDIA_CV_Inspection/data/AOI_DL_data_0908/0423318026287/D0_C1090.jpg,D0_C1090.jpg,"(54, 27, 3)",0423318026287,C1090,C,0908
notdefect,/Users/zhangjiawei/Code/Micro-specialization/NVIDIA_CV_Inspection/data/AOI_DL_data_0908/0423318026220/D0_C1090.jpg,D0_C1090.jpg,"(54, 27, 3)",0423318026220,C1090,C,0908
notdefect,/Users/zhangjiawei/Code/Micro-specialization/NVIDIA_CV_Inspection/data/AOI_DL_data_0908/0423318026227/D1_C1090.jpg,D1_C1090.jpg,"(53, 27, 3)",0423318026227,C1090,C,0908
notdefect,/Users/zhangjiawei/Code/Micro-specialization/NVIDIA_CV_Inspection/data/AOI_DL_data_0908/0423318026227/D1_C48.jpg,D1_C48.jpg,"(94, 175, 3)",0423318026227,C48,C,0908
notdefect,/Users/zhangjiawei/Code/Micro-specialization/NVIDIA_CV_Inspection/data/AOI_DL_data_0908/0423418013935/D0_C1090.jpg,D0_C1090.jpg,"(54, 27, 3)",0423418013935,C1090,C,0908
notdefect,/Users/zhangjiawei/Code/Micro-specialization/NVIDIA_CV_Inspection/data/AOI_DL_data_0908/0423318026211/D1_C1090.jpg,D1_C1090.jpg,"(53, 27, 3)",0423318026211,C1090,C,0908
notdefect,/Users/zhangjiawei/Code/Micro-specialization/NVIDIA_CV_Inspection/data/AOI_DL_data_0908/0423318026216/D0_C1090.jpg,D0_C1090.jpg,"(54, 27, 3)",0423318026216,C1090,C,0908
defect,/Users/zhangjiawei/Code/Micro-specialization/NVIDIA_CV_Inspection/data/AOI_DL_data_0908/0423418045913/D1_C131.jpg,D1_C131.jpg,"(23, 57, 3)",0423418045913,C131,C,0908
notdefect,/Users/zhangjiawei/Code/Micro-specialization/NVIDIA_CV_Inspection/data/AOI_DL_data_0908/0423418045913/D1_C1090.jpg,D1_C1090.jpg,"(54, 27, 3)",0423418045913,C1090,C,0908
notdefect,/Users/zhangjiawei/Code/Micro-specialization/NVIDIA_CV_Inspection/data/AOI_DL_data_0908/0423318026229/D1_C1090.jpg,D1_C1090.jpg,"(54, 27, 3)",0423318026229,C1090,C,0908
notdefect,/Users/zhangjiawei/Code/Micro-specialization/NVIDIA_CV_Inspection/data/AOI_DL_data_0908/0423618042584/D1_C46.jpg,D1_C46.jpg,"(130, 54, 3)",0423618042584,C46,C,0908
defect,/Users/zhangjiawei/Code/Micro-specialization/NVIDIA_CV_Inspection/data/AOI_DL_data_0908/0423618042584/D1_C28.jpg,D1_C28.jpg,"(95, 209, 3)",0423618042584,C28,C,0908
notdefect,/Users/zhangjiawei/Code/Micro-specialization/NVIDIA_CV_Inspection/data/AOI_DL_data_0908/0423318026281/D0_C1090.jpg,D0_C1090.jpg,"(54, 27, 3)",0423318026281,C1090,C,0908
notdefect,/Users/zhangjiawei/Code/Micro-specialization/NVIDIA_CV_Inspection/data/AOI_DL_data_0908/0423318026286/D0_C1090.jpg,D0_C1090.jpg,"(54, 27, 3)",0423318026286,C1090,C,0908
notdefect,/Users/zhangjiawei/Code/Micro-specialization/NVIDIA_CV_Inspection/data/AOI_DL_data_0908/0423318026217/D1_C1090.jpg,D1_C1090.jpg,"(54, 27, 3)",0423318026217,C1090,C,0908
notdefect,/Users/zhangjiawei/Code/Micro-specialization/NVIDIA_CV_Inspection/data/AOI_DL_data_0908/0423318026228/D0_C1090.jpg,D0_C1090.jpg,"(53, 27, 3)",0423318026228,C1090,C,0908
notdefect,/Users/zhangjiawei/Code/Micro-specialization/NVIDIA_CV_Inspection/data/AOI_DL_data_0908/0423318026210/D0_C1090.jpg,D0_C1090.jpg,"(54, 27, 3)",0423318026210,C1090,C,0908
notdefect,/Users/zhangjiawei/Code/Micro-specialization/NVIDIA_CV_Inspection/data/AOI_DL_data_0908/0423418013902/D1_C1090.jpg,D1_C1090.jpg,"(53, 27, 3)",0423418013902,C1090,C,0908
notdefect,/Users/zhangjiawei/Code/Micro-specialization/NVIDIA_CV_Inspection/data/AOI_DL_data_0908/0423318026226/D0_C1090.jpg,D0_C1090.jpg,"(54, 27, 3)",0423318026226,C1090,C,0908
notdefect,/Users/zhangjiawei/Code/Micro-specialization/NVIDIA_CV_Inspection/data/AOI_DL_data_0908/0423318026221/D1_C1090.jpg,D1_C1090.jpg,"(53, 27, 3)",0423318026221,C1090,C,0908
notdefect,/Users/zhangjiawei/Code/Micro-specialization/NVIDIA_CV_Inspection/data/AOI_DL_data_0908/0423318026353/D0_C1090.jpg,D0_C1090.jpg,"(54, 27, 3)",0423318026353,C1090,C,0908
notdefect,/Users/zhangjiawei/Code/Micro-specialization/NVIDIA_CV_Inspection/data/AOI_DL_data_0908/0423318026353/D0_C48.jpg,D0_C48.jpg,"(94, 175, 3)",0423318026353,C48,C,0908
notdefect,/Users/zhangjiawei/Code/Micro-specialization/NVIDIA_CV_Inspection/data/AOI_DL_data_0908/0423318026161/D1_C1090.jpg,D1_C1090.jpg,"(53, 27, 3)",0423318026161,C1090,C,0908
notdefect,/Users/zhangjiawei/Code/Micro-specialization/NVIDIA_CV_Inspection/data/AOI_DL_data_0908/0423318026159/D1_C1090.jpg,D1_C1090.jpg,"(53, 27, 3)",0423318026159,C1090,C,0908
notdefect,/Users/zhangjiawei/Code/Micro-specialization/NVIDIA_CV_Inspection/data/AOI_DL_data_0908/0423318026166/D1_C1090.jpg,D1_C1090.jpg,"(53, 27, 3)",0423318026166,C1090,C,0908
notdefect,/Users/zhangjiawei/Code/Micro-specialization/NVIDIA_CV_Inspection/data/AOI_DL_data_0908/0423418013884/D1_C1090.jpg,D1_C1090.jpg,"(53, 27, 3)",0423418013884,C1090,C,0908
notdefect,/Users/zhangjiawei/Code/Micro-specialization/NVIDIA_CV_Inspection/data/AOI_DL_data_0908/0423418013884/D1_C162.jpg,D1_C162.jpg,"(22, 57, 3)",0423418013884,C162,C,0908
notdefect,/Users/zhangjiawei/Code/Micro-specialization/NVIDIA_CV_Inspection/data/AOI_DL_data_0908/0423418013883/D0_C1090.jpg,D0_C1090.jpg,"(54, 27, 3)",0423418013883,C1090,C,0908
notdefect,/Users/zhangjiawei/Code/Micro-specialization/NVIDIA_CV_Inspection/data/AOI_DL_data_0908/0423318026533/D0_C1090.jpg,D0_C1090.jpg,"(54, 27, 3)",0423318026533,C1090,C,0908
notdefect,/Users/zhangjiawei/Code/Micro-specialization/NVIDIA_CV_Inspection/data/AOI_DL_data_0908/0423318026331/D1_C1090.jpg,D1_C1090.jpg,"(54, 27, 3)",0423318026331,C1090,C,0908
notdefect,/Users/zhangjiawei/Code/Micro-specialization/NVIDIA_CV_Inspection/data/AOI_DL_data_0908/0423318026309/D1_C1090.jpg,D1_C1090.jpg,"(54, 27, 3)",0423318026309,C1090,C,0908
notdefect,/Users/zhangjiawei/Code/Micro-specialization/NVIDIA_CV_Inspection/data/AOI_DL_data_0908/0423318026790/D0_C1090.jpg,D0_C1090.jpg,"(54, 27, 3)",0423318026790,C1090,C,0908
notdefect,/Users/zhangjiawei/Code/Micro-specialization/NVIDIA_CV_Inspection/data/AOI_DL_data_0908/0423318026300/D0_C1090.jpg,D0_C1090.jpg,"(54, 27, 3)",0423318026300,C1090,C,0908
notdefect,/Users/zhangjiawei/Code/Micro-specialization/NVIDIA_CV_Inspection/data/AOI_DL_data_0908/0423618042253/D1_C530.jpg,D1_C530.jpg,"(310, 407, 3)",0423618042253,C530,C,0908
notdefect,/Users/zhangjiawei/Code/Micro-specialization/NVIDIA_CV_Inspection/data/AOI_DL_data_0908/0423318026307/D0_C1207.jpg,D0_C1207.jpg,"(56, 23, 3)",0423318026307,C1207,C,0908
notdefect,/Users/zhangjiawei/Code/Micro-specialization/NVIDIA_CV_Inspection/data/AOI_DL_data_0908/0423318026307/D0_C1090.jpg,D0_C1090.jpg,"(54, 27, 3)",0423318026307,C1090,C,0908
notdefect,/Users/zhangjiawei/Code/Micro-specialization/NVIDIA_CV_Inspection/data/AOI_DL_data_0908/0423318026338/D0_C1090.jpg,D0_C1090.jpg,"(54, 27, 3)",0423318026338,C1090,C,0908
notdefect,/Users/zhangjiawei/Code/Micro-specialization/NVIDIA_CV_Inspection/data/AOI_DL_data_0908/0423418013885/D0_C1090.jpg,D0_C1090.jpg,"(54, 27, 3)",0423418013885,C1090,C,0908
notdefect,/Users/zhangjiawei/Code/Micro-specialization/NVIDIA_CV_Inspection/data/AOI_DL_data_0908/0423318026535/D1_C1090.jpg,D1_C1090.jpg,"(54, 27, 3)",0423318026535,C1090,C,0908
notdefect,/Users/zhangjiawei/Code/Micro-specialization/NVIDIA_CV_Inspection/data/AOI_DL_data_0908/0423318026158/D0_C1090.jpg,D0_C1090.jpg,"(54, 27, 3)",0423318026158,C1090,C,0908
notdefect,/Users/zhangjiawei/Code/Micro-specialization/NVIDIA_CV_Inspection/data/AOI_DL_data_0908/0423318026355/D1_C1090.jpg,D1_C1090.jpg,"(54, 27, 3)",0423318026355,C1090,C,0908
notdefect,/Users/zhangjiawei/Code/Micro-specialization/NVIDIA_CV_Inspection/data/AOI_DL_data_0908/0423318026167/D0_C223.jpg,D0_C223.jpg,"(22, 57, 3)",0423318026167,C223,C,0908
notdefect,/Users/zhangjiawei/Code/Micro-specialization/NVIDIA_CV_Inspection/data/AOI_DL_data_0908/0423318026167/D0_C1090.jpg,D0_C1090.jpg,"(54, 27, 3)",0423318026167,C1090,C,0908
notdefect,/Users/zhangjiawei/Code/Micro-specialization/NVIDIA_CV_Inspection/data/AOI_DL_data_0908/0423318026160/D0_C1090.jpg,D0_C1090.jpg,"(54, 27, 3)",0423318026160,C1090,C,0908
notdefect,/Users/zhangjiawei/Code/Micro-specialization/NVIDIA_CV_Inspection/data/AOI_DL_data_0908/0423318026352/D1_C1090.jpg,D1_C1090.jpg,"(53, 27, 3)",0423318026352,C1090,C,0908
notdefect,/Users/zhangjiawei/Code/Micro-specialization/NVIDIA_CV_Inspection/data/AOI_DL_data_0908/0423318026306/D0_C1090.jpg,D0_C1090.jpg,"(54, 27, 3)",0423318026306,C1090,C,0908
notdefect,/Users/zhangjiawei/Code/Micro-specialization/NVIDIA_CV_Inspection/data/AOI_DL_data_0908/0423318026339/D1_C1090.jpg,D1_C1090.jpg,"(54, 27, 3)",0423318026339,C1090,C,0908
notdefect,/Users/zhangjiawei/Code/Micro-specialization/NVIDIA_CV_Inspection/data/AOI_DL_data_0908/0423318026301/D0_C1090.jpg,D0_C1090.jpg,"(54, 27, 3)",0423318026301,C1090,C,0908
notdefect,/Users/zhangjiawei/Code/Micro-specialization/NVIDIA_CV_Inspection/data/AOI_DL_data_0908/0423318026301/D0_C48.jpg,D0_C48.jpg,"(94, 175, 3)",0423318026301,C48,C,0908
notdefect,/Users/zhangjiawei/Code/Micro-specialization/NVIDIA_CV_Inspection/data/AOI_DL_data_0908/0423318026791/D1_C1090.jpg,D1_C1090.jpg,"(54, 27, 3)",0423318026791,C1090,C,0908
notdefect,/Users/zhangjiawei/Code/Micro-specialization/NVIDIA_CV_Inspection/data/AOI_DL_data_0908/0423318026595/D0_C1090.jpg,D0_C1090.jpg,"(54, 27, 3)",0423318026595,C1090,C,0908
notdefect,/Users/zhangjiawei/Code/Micro-specialization/NVIDIA_CV_Inspection/data/AOI_DL_data_0908/0423318026308/D1_C1090.jpg,D1_C1090.jpg,"(53, 27, 3)",0423318026308,C1090,C,0908
defect,/Users/zhangjiawei/Code/Micro-specialization/NVIDIA_CV_Inspection/data/AOI_DL_data_0908/0423618040157/D1_C96.jpg,D1_C96.jpg,"(130, 51, 3)",0423618040157,C96,C,0908
notdefect,/Users/zhangjiawei/Code/Micro-specialization/NVIDIA_CV_Inspection/data/AOI_DL_data_0908/0423318026330/D0_C1090.jpg,D0_C1090.jpg,"(53, 27, 3)",0423318026330,C1090,C,0908
notdefect,/Users/zhangjiawei/Code/Micro-specialization/NVIDIA_CV_Inspection/data/AOI_DL_data_0908/0423318026102/D0_C1090.jpg,D0_C1090.jpg,"(54, 27, 3)",0423318026102,C1090,C,0908
notdefect,/Users/zhangjiawei/Code/Micro-specialization/NVIDIA_CV_Inspection/data/AOI_DL_data_0908/0423318026312/D1_C1090.jpg,D1_C1090.jpg,"(53, 27, 3)",0423318026312,C1090,C,0908
notdefect,/Users/zhangjiawei/Code/Micro-specialization/NVIDIA_CV_Inspection/data/AOI_DL_data_0908/0423318026776/D1_C1090.jpg,D1_C1090.jpg,"(54, 27, 3)",0423318026776,C1090,C,0908
notdefect,/Users/zhangjiawei/Code/Micro-specialization/NVIDIA_CV_Inspection/data/AOI_DL_data_0908/0423318026544/D0_C125.jpg,D0_C125.jpg,"(57, 23, 3)",0423318026544,C125,C,0908
notdefect,/Users/zhangjiawei/Code/Micro-specialization/NVIDIA_CV_Inspection/data/AOI_DL_data_0908/0423318026544/D0_C1090.jpg,D0_C1090.jpg,"(54, 27, 3)",0423318026544,C1090,C,0908
notdefect,/Users/zhangjiawei/Code/Micro-specialization/NVIDIA_CV_Inspection/data/AOI_DL_data_0908/0423318026771/D1_C1090.jpg,D1_C1090.jpg,"(54, 27, 3)",0423318026771,C1090,C,0908
notdefect,/Users/zhangjiawei/Code/Micro-specialization/NVIDIA_CV_Inspection/data/AOI_DL_data_0908/0423318026315/D0_C1090.jpg,D0_C1090.jpg,"(54, 27, 3)",0423318026315,C1090,C,0908
notdefect,/Users/zhangjiawei/Code/Micro-specialization/NVIDIA_CV_Inspection/data/AOI_DL_data_0908/0423318026575/D1_C1090.jpg,D1_C1090.jpg,"(54, 27, 3)",0423318026575,C1090,C,0908
notdefect,/Users/zhangjiawei/Code/Micro-specialization/NVIDIA_CV_Inspection/data/AOI_DL_data_0908/0423318026581/D0_C1090.jpg,D0_C1090.jpg,"(53, 27, 3)",0423318026581,C1090,C,0908
notdefect,/Users/zhangjiawei/Code/Micro-specialization/NVIDIA_CV_Inspection/data/AOI_DL_data_0908/0423318026586/D0_C1090.jpg,D0_C1090.jpg,"(54, 27, 3)",0423318026586,C1090,C,0908
notdefect,/Users/zhangjiawei/Code/Micro-specialization/NVIDIA_CV_Inspection/data/AOI_DL_data_0908/0423318026324/D0_C1090.jpg,D0_C1090.jpg,"(54, 27, 3)",0423318026324,C1090,C,0908
notdefect,/Users/zhangjiawei/Code/Micro-specialization/NVIDIA_CV_Inspection/data/AOI_DL_data_0908/0423318026519/D1_C1090.jpg,D1_C1090.jpg,"(54, 27, 3)",0423318026519,C1090,C,0908
notdefect,/Users/zhangjiawei/Code/Micro-specialization/NVIDIA_CV_Inspection/data/AOI_DL_data_0908/0423318026521/D0_C1090.jpg,D0_C1090.jpg,"(54, 27, 3)",0423318026521,C1090,C,0908
notdefect,/Users/zhangjiawei/Code/Micro-specialization/NVIDIA_CV_Inspection/data/AOI_DL_data_0908/0423418013891/D0_C1090.jpg,D0_C1090.jpg,"(54, 27, 3)",0423418013891,C1090,C,0908
notdefect,/Users/zhangjiawei/Code/Micro-specialization/NVIDIA_CV_Inspection/data/AOI_DL_data_0908/0423418013891/D0_C48.jpg,D0_C48.jpg,"(94, 175, 3)",0423418013891,C48,C,0908
notdefect,/Users/zhangjiawei/Code/Micro-specialization/NVIDIA_CV_Inspection/data/AOI_DL_data_0908/0423318026528/D0_C1090.jpg,D0_C1090.jpg,"(53, 27, 3)",0423318026528,C1090,C,0908
notdefect,/Users/zhangjiawei/Code/Micro-specialization/NVIDIA_CV_Inspection/data/AOI_DL_data_0908/0423318026510/D0_C1090.jpg,D0_C1090.jpg,"(54, 27, 3)",0423318026510,C1090,C,0908
notdefect,/Users/zhangjiawei/Code/Micro-specialization/NVIDIA_CV_Inspection/data/AOI_DL_data_0908/0423318026325/D1_C1090.jpg,D1_C1090.jpg,"(54, 27, 3)",0423318026325,C1090,C,0908
notdefect,/Users/zhangjiawei/Code/Micro-specialization/NVIDIA_CV_Inspection/data/AOI_DL_data_0908/0423318026580/D0_C1090.jpg,D0_C1090.jpg,"(54, 27, 3)",0423318026580,C1090,C,0908
notdefect,/Users/zhangjiawei/Code/Micro-specialization/NVIDIA_CV_Inspection/data/AOI_DL_data_0908/0423318026322/D0_C1090.jpg,D0_C1090.jpg,"(54, 27, 3)",0423318026322,C1090,C,0908
notdefect,/Users/zhangjiawei/Code/Micro-specialization/NVIDIA_CV_Inspection/data/AOI_DL_data_0908/0423318026574/D1_C1090.jpg,D1_C1090.jpg,"(54, 27, 3)",0423318026574,C1090,C,0908
notdefect,/Users/zhangjiawei/Code/Micro-specialization/NVIDIA_CV_Inspection/data/AOI_DL_data_0908/0423318026770/D0_C1090.jpg,D0_C1090.jpg,"(54, 27, 3)",0423318026770,C1090,C,0908
notdefect,/Users/zhangjiawei/Code/Micro-specialization/NVIDIA_CV_Inspection/data/AOI_DL_data_0908/0423318026542/D1_C1090.jpg,D1_C1090.jpg,"(54, 27, 3)",0423318026542,C1090,C,0908
notdefect,/Users/zhangjiawei/Code/Micro-specialization/NVIDIA_CV_Inspection/data/AOI_DL_data_0908/0423318026314/D0_C1090.jpg,D0_C1090.jpg,"(53, 27, 3)",0423318026314,C1090,C,0908
notdefect,/Users/zhangjiawei/Code/Micro-specialization/NVIDIA_CV_Inspection/data/AOI_DL_data_0908/0423318026313/D1_C1090.jpg,D1_C1090.jpg,"(53, 27, 3)",0423318026313,C1090,C,0908
notdefect,/Users/zhangjiawei/Code/Micro-specialization/NVIDIA_CV_Inspection/data/AOI_DL_data_0908/0423318026777/D0_C1090.jpg,D0_C1090.jpg,"(54, 27, 3)",0423318026777,C1090,C,0908
notdefect,/Users/zhangjiawei/Code/Micro-specialization/NVIDIA_CV_Inspection/data/AOI_DL_data_0908/0423318026511/D1_C1090.jpg,D1_C1090.jpg,"(54, 27, 3)",0423318026511,C1090,C,0908
notdefect,/Users/zhangjiawei/Code/Micro-specialization/NVIDIA_CV_Inspection/data/AOI_DL_data_0908/0423318026529/D1_C1090.jpg,D1_C1090.jpg,"(53, 27, 3)",0423318026529,C1090,C,0908
notdefect,/Users/zhangjiawei/Code/Micro-specialization/NVIDIA_CV_Inspection/data/AOI_DL_data_0908/0423318026520/D1_C1090.jpg,D1_C1090.jpg,"(54, 27, 3)",0423318026520,C1090,C,0908
notdefect,/Users/zhangjiawei/Code/Micro-specialization/NVIDIA_CV_Inspection/data/AOI_DL_data_0908/0423318026518/D0_C1090.jpg,D0_C1090.jpg,"(54, 27, 3)",0423318026518,C1090,C,0908
notdefect,/Users/zhangjiawei/Code/Micro-specialization/NVIDIA_CV_Inspection/data/AOI_DL_data_0908/0423318026203/D1_C1090.jpg,D1_C1090.jpg,"(54, 27, 3)",0423318026203,C1090,C,0908
notdefect,/Users/zhangjiawei/Code/Micro-specialization/NVIDIA_CV_Inspection/data/AOI_DL_data_0908/0423418013916/D1_C1090.jpg,D1_C1090.jpg,"(54, 27, 3)",0423418013916,C1090,C,0908
notdefect,/Users/zhangjiawei/Code/Micro-specialization/NVIDIA_CV_Inspection/data/AOI_DL_data_0908/0423418013929/D0_C1090.jpg,D0_C1090.jpg,"(54, 27, 3)",0423418013929,C1090,C,0908
notdefect,/Users/zhangjiawei/Code/Micro-specialization/NVIDIA_CV_Inspection/data/AOI_DL_data_0908/0423318026656/D1_C1090.jpg,D1_C1090.jpg,"(54, 27, 3)",0423318026656,C1090,C,0908
notdefect,/Users/zhangjiawei/Code/Micro-specialization/NVIDIA_CV_Inspection/data/AOI_DL_data_0908/0423418013927/D0_C1090.jpg,D0_C1090.jpg,"(54, 27, 3)",0423418013927,C1090,C,0908
notdefect,/Users/zhangjiawei/Code/Micro-specialization/NVIDIA_CV_Inspection/data/AOI_DL_data_0908/0423318026295/D0_C1090.jpg,D0_C1090.jpg,"(54, 27, 3)",0423318026295,C1090,C,0908
notdefect,/Users/zhangjiawei/Code/Micro-specialization/NVIDIA_CV_Inspection/data/AOI_DL_data_0908/0423318026266/D0_C1090.jpg,D0_C1090.jpg,"(54, 27, 3)",0423318026266,C1090,C,0908
notdefect,/Users/zhangjiawei/Code/Micro-specialization/NVIDIA_CV_Inspection/data/AOI_DL_data_0908/0423318026292/D1_C1090.jpg,D1_C1090.jpg,"(54, 27, 3)",0423318026292,C1090,C,0908
notdefect,/Users/zhangjiawei/Code/Micro-specialization/NVIDIA_CV_Inspection/data/AOI_DL_data_0908/0423318026634/D0_C1090.jpg,D0_C1090.jpg,"(54, 27, 3)",0423318026634,C1090,C,0908
notdefect,/Users/zhangjiawei/Code/Micro-specialization/NVIDIA_CV_Inspection/data/AOI_DL_data_0908/0423318026406/D1_C1090.jpg,D1_C1090.jpg,"(54, 27, 3)",0423318026406,C1090,C,0908
notdefect,/Users/zhangjiawei/Code/Micro-specialization/NVIDIA_CV_Inspection/data/AOI_DL_data_0908/0423318027349/D0_C1090.jpg,D0_C1090.jpg,"(53, 27, 3)",0423318027349,C1090,C,0908
notdefect,/Users/zhangjiawei/Code/Micro-specialization/NVIDIA_CV_Inspection/data/AOI_DL_data_0908/0423318026633/D0_C1090.jpg,D0_C1090.jpg,"(54, 27, 3)",0423318026633,C1090,C,0908
notdefect,/Users/zhangjiawei/Code/Micro-specialization/NVIDIA_CV_Inspection/data/AOI_DL_data_0908/0423418013926/D1_C1090.jpg,D1_C1090.jpg,"(54, 27, 3)",0423418013926,C1090,C,0908
notdefect,/Users/zhangjiawei/Code/Micro-specialization/NVIDIA_CV_Inspection/data/AOI_DL_data_0908/0423318026234/D0_C1090.jpg,D0_C1090.jpg,"(54, 27, 3)",0423318026234,C1090,C,0908
notdefect,/Users/zhangjiawei/Code/Micro-specialization/NVIDIA_CV_Inspection/data/AOI_DL_data_0908/0423418013928/D1_C1090.jpg,D1_C1090.jpg,"(54, 27, 3)",0423418013928,C1090,C,0908
notdefect,/Users/zhangjiawei/Code/Micro-specialization/NVIDIA_CV_Inspection/data/AOI_DL_data_0908/0423418013928/D1_C48.jpg,D1_C48.jpg,"(94, 175, 3)",0423418013928,C48,C,0908
notdefect,/Users/zhangjiawei/Code/Micro-specialization/NVIDIA_CV_Inspection/data/AOI_DL_data_0908/0423318026202/D0_C1090.jpg,D0_C1090.jpg,"(54, 27, 3)",0423318026202,C1090,C,0908
notdefect,/Users/zhangjiawei/Code/Micro-specialization/NVIDIA_CV_Inspection/data/AOI_DL_data_0908/0423318026666/D1_C1090.jpg,D1_C1090.jpg,"(54, 27, 3)",0423318026666,C1090,C,0908
notdefect,/Users/zhangjiawei/Code/Micro-specialization/NVIDIA_CV_Inspection/data/AOI_DL_data_0908/0423318026632/D1_C1090.jpg,D1_C1090.jpg,"(54, 27, 3)",0423318026632,C1090,C,0908
notdefect,/Users/zhangjiawei/Code/Micro-specialization/NVIDIA_CV_Inspection/data/AOI_DL_data_0908/0423318026269/D1_C1090.jpg,D1_C1090.jpg,"(54, 27, 3)",0423318026269,C1090,C,0908
notdefect,/Users/zhangjiawei/Code/Micro-specialization/NVIDIA_CV_Inspection/data/AOI_DL_data_0908/0423318026635/D1_C1090.jpg,D1_C1090.jpg,"(54, 27, 3)",0423318026635,C1090,C,0908
notdefect,/Users/zhangjiawei/Code/Micro-specialization/NVIDIA_CV_Inspection/data/AOI_DL_data_0908/0423418013943/D0_C1090.jpg,D0_C1090.jpg,"(53, 27, 3)",0423418013943,C1090,C,0908
notdefect,/Users/zhangjiawei/Code/Micro-specialization/NVIDIA_CV_Inspection/data/AOI_DL_data_0908/0423318026293/D1_C1090.jpg,D1_C1090.jpg,"(54, 27, 3)",0423318026293,C1090,C,0908
notdefect,/Users/zhangjiawei/Code/Micro-specialization/NVIDIA_CV_Inspection/data/AOI_DL_data_0908/0423318027346/D0_C1090.jpg,D0_C1090.jpg,"(54, 27, 3)",0423318027346,C1090,C,0908
notdefect,/Users/zhangjiawei/Code/Micro-specialization/NVIDIA_CV_Inspection/data/AOI_DL_data_0908/0423318026294/D0_C1090.jpg,D0_C1090.jpg,"(54, 27, 3)",0423318026294,C1090,C,0908
notdefect,/Users/zhangjiawei/Code/Micro-specialization/NVIDIA_CV_Inspection/data/AOI_DL_data_0820/0422918036540/D1_C1087.jpg,D1_C1087.jpg,"(131, 53, 3)",0422918036540,C1087,C,0820
notdefect,/Users/zhangjiawei/Code/Micro-specialization/NVIDIA_CV_Inspection/data/AOI_DL_data_0820/0422918036547/D0_C206.jpg,D0_C206.jpg,"(54, 130, 3)",0422918036547,C206,C,0820
notdefect,/Users/zhangjiawei/Code/Micro-specialization/NVIDIA_CV_Inspection/data/AOI_DL_data_0820/0422918036717/D0_C202.jpg,D0_C202.jpg,"(53, 130, 3)",0422918036717,C202,C,0820
notdefect,/Users/zhangjiawei/Code/Micro-specialization/NVIDIA_CV_Inspection/data/AOI_DL_data_0820/0422918036546/D1_C42.jpg,D1_C42.jpg,"(130, 54, 3)",0422918036546,C42,C,0820
notdefect,/Users/zhangjiawei/Code/Micro-specialization/NVIDIA_CV_Inspection/data/AOI_DL_data_0820/0422918036541/D0_C220.jpg,D0_C220.jpg,"(58, 120, 3)",0422918036541,C220,C,0820
notdefect,/Users/zhangjiawei/Code/Micro-specialization/NVIDIA_CV_Inspection/data/AOI_DL_data_0820/0423318026615/D1_C50.jpg,D1_C50.jpg,"(87, 35, 3)",0423318026615,C50,C,0820
defect,/Users/zhangjiawei/Code/Micro-specialization/NVIDIA_CV_Inspection/data/AOI_DL_data_0820/0423318026615/D1_C21.jpg,D1_C21.jpg,"(140, 65, 3)",0423318026615,C21,C,0820
defect,/Users/zhangjiawei/Code/Micro-specialization/NVIDIA_CV_Inspection/data/AOI_DL_data_0820/0423318026615/D1_C16.jpg,D1_C16.jpg,"(140, 65, 3)",0423318026615,C16,C,0820
notdefect,/Users/zhangjiawei/Code/Micro-specialization/NVIDIA_CV_Inspection/data/AOI_DL_data_0820/0423318026615/D1_C1090.jpg,D1_C1090.jpg,"(54, 27, 3)",0423318026615,C1090,C,0820
defect,/Users/zhangjiawei/Code/Micro-specialization/NVIDIA_CV_Inspection/data/AOI_DL_data_0820/0423318026615/D1_C5.jpg,D1_C5.jpg,"(140, 65, 3)",0423318026615,C5,C,0820
notdefect,/Users/zhangjiawei/Code/Micro-specialization/NVIDIA_CV_Inspection/data/AOI_DL_data_0820/0423318028916/D1_C517.jpg,D1_C517.jpg,"(258, 115, 3)",0423318028916,C517,C,0820
defect,/Users/zhangjiawei/Code/Micro-specialization/NVIDIA_CV_Inspection/data/AOI_DL_data_0820/0423318028916/D0_C830.jpg,D0_C830.jpg,"(55, 136, 3)",0423318028916,C830,C,0820
notdefect,/Users/zhangjiawei/Code/Micro-specialization/NVIDIA_CV_Inspection/data/AOI_DL_data_0820/0422918036699/D1_C206.jpg,D1_C206.jpg,"(54, 131, 3)",0422918036699,C206,C,0820
notdefect,/Users/zhangjiawei/Code/Micro-specialization/NVIDIA_CV_Inspection/data/AOI_DL_data_0820/0423118036781/D0_C511.jpg,D0_C511.jpg,"(312, 421, 3)",0423118036781,C511,C,0820
notdefect,/Users/zhangjiawei/Code/Micro-specialization/NVIDIA_CV_Inspection/data/AOI_DL_data_0820/0422918036800/D1_C198.jpg,D1_C198.jpg,"(57, 119, 3)",0422918036800,C198,C,0820
notdefect,/Users/zhangjiawei/Code/Micro-specialization/NVIDIA_CV_Inspection/data/AOI_DL_data_0820/0422918036697/D1_C206.jpg,D1_C206.jpg,"(54, 131, 3)",0422918036697,C206,C,0820
notdefect,/Users/zhangjiawei/Code/Micro-specialization/NVIDIA_CV_Inspection/data/AOI_DL_data_0820/0422918036402/D1_C210.jpg,D1_C210.jpg,"(58, 119, 3)",0422918036402,C210,C,0820
defect,/Users/zhangjiawei/Code/Micro-specialization/NVIDIA_CV_Inspection/data/AOI_DL_data_0820/0422918037718/D1_C97.jpg,D1_C97.jpg,"(50, 130, 3)",0422918037718,C97,C,0820
notdefect,/Users/zhangjiawei/Code/Micro-specialization/NVIDIA_CV_Inspection/data/AOI_DL_data_0820/0422918036662/D0_C1085.jpg,D0_C1085.jpg,"(54, 130, 3)",0422918036662,C1085,C,0820
notdefect,/Users/zhangjiawei/Code/Micro-specialization/NVIDIA_CV_Inspection/data/AOI_DL_data_0820/0422918036801/D0_C1087.jpg,D0_C1087.jpg,"(131, 53, 3)",0422918036801,C1087,C,0820
notdefect,/Users/zhangjiawei/Code/Micro-specialization/NVIDIA_CV_Inspection/data/AOI_DL_data_0820/0422918036801/D0_C39.jpg,D0_C39.jpg,"(130, 54, 3)",0422918036801,C39,C,0820
notdefect,/Users/zhangjiawei/Code/Micro-specialization/NVIDIA_CV_Inspection/data/AOI_DL_data_0820/0422918036466/D0_C42.jpg,D0_C42.jpg,"(131, 53, 3)",0422918036466,C42,C,0820
notdefect,/Users/zhangjiawei/Code/Micro-specialization/NVIDIA_CV_Inspection/data/AOI_DL_data_0820/0422918036600/D0_C206.jpg,D0_C206.jpg,"(54, 131, 3)",0422918036600,C206,C,0820
notdefect,/Users/zhangjiawei/Code/Micro-specialization/NVIDIA_CV_Inspection/data/AOI_DL_data_0820/0422918036403/D0_C206.jpg,D0_C206.jpg,"(53, 131, 3)",0422918036403,C206,C,0820
notdefect,/Users/zhangjiawei/Code/Micro-specialization/NVIDIA_CV_Inspection/data/AOI_DL_data_0820/0422918036421/D1_C32.jpg,D1_C32.jpg,"(131, 53, 3)",0422918036421,C32,C,0820
notdefect,/Users/zhangjiawei/Code/Micro-specialization/NVIDIA_CV_Inspection/data/AOI_DL_data_0820/0422918036841/D0_C1087.jpg,D0_C1087.jpg,"(131, 53, 3)",0422918036841,C1087,C,0820
notdefect,/Users/zhangjiawei/Code/Micro-specialization/NVIDIA_CV_Inspection/data/AOI_DL_data_0820/0422918036417/D1_C202.jpg,D1_C202.jpg,"(53, 130, 3)",0422918036417,C202,C,0820
notdefect,/Users/zhangjiawei/Code/Micro-specialization/NVIDIA_CV_Inspection/data/AOI_DL_data_0820/0422918036443/D1_C42.jpg,D1_C42.jpg,"(131, 53, 3)",0422918036443,C42,C,0820
notdefect,/Users/zhangjiawei/Code/Micro-specialization/NVIDIA_CV_Inspection/data/AOI_DL_data_0820/0422918036443/D1_C32.jpg,D1_C32.jpg,"(131, 54, 3)",0422918036443,C32,C,0820
notdefect,/Users/zhangjiawei/Code/Micro-specialization/NVIDIA_CV_Inspection/data/AOI_DL_data_0820/0422918036444/D0_C35.jpg,D0_C35.jpg,"(131, 53, 3)",0422918036444,C35,C,0820
notdefect,/Users/zhangjiawei/Code/Micro-specialization/NVIDIA_CV_Inspection/data/AOI_DL_data_0820/0422918036682/D0_C35.jpg,D0_C35.jpg,"(130, 54, 3)",0422918036682,C35,C,0820
notdefect,/Users/zhangjiawei/Code/Micro-specialization/NVIDIA_CV_Inspection/data/AOI_DL_data_0820/0422918036682/D0_C39.jpg,D0_C39.jpg,"(130, 54, 3)",0422918036682,C39,C,0820
notdefect,/Users/zhangjiawei/Code/Micro-specialization/NVIDIA_CV_Inspection/data/AOI_DL_data_0820/0422918036429/D1_C35.jpg,D1_C35.jpg,"(131, 53, 3)",0422918036429,C35,C,0820
notdefect,/Users/zhangjiawei/Code/Micro-specialization/NVIDIA_CV_Inspection/data/AOI_DL_data_0820/0422918036840/D1_C1085.jpg,D1_C1085.jpg,"(54, 130, 3)",0422918036840,C1085,C,0820
notdefect,/Users/zhangjiawei/Code/Micro-specialization/NVIDIA_CV_Inspection/data/AOI_DL_data_0820/0422918036427/D1_C32.jpg,D1_C32.jpg,"(131, 54, 3)",0422918036427,C32,C,0820
notdefect,/Users/zhangjiawei/Code/Micro-specialization/NVIDIA_CV_Inspection/data/AOI_DL_data_0820/0422918036427/D1_C1085.jpg,D1_C1085.jpg,"(54, 130, 3)",0422918036427,C1085,C,0820
notdefect,/Users/zhangjiawei/Code/Micro-specialization/NVIDIA_CV_Inspection/data/AOI_DL_data_0820/0422918036420/D0_C206.jpg,D0_C206.jpg,"(54, 130, 3)",0422918036420,C206,C,0820
notdefect,/Users/zhangjiawei/Code/Micro-specialization/NVIDIA_CV_Inspection/data/AOI_DL_data_0820/0422918036683/D1_C198.jpg,D1_C198.jpg,"(57, 120, 3)",0422918036683,C198,C,0820
notdefect,/Users/zhangjiawei/Code/Micro-specialization/NVIDIA_CV_Inspection/data/AOI_DL_data_0820/0422918036442/D0_C42.jpg,D0_C42.jpg,"(131, 54, 3)",0422918036442,C42,C,0820
notdefect,/Users/zhangjiawei/Code/Micro-specialization/NVIDIA_CV_Inspection/data/AOI_DL_data_0820/0422918036684/D0_C32.jpg,D0_C32.jpg,"(131, 53, 3)",0422918036684,C32,C,0820
notdefect,/Users/zhangjiawei/Code/Micro-specialization/NVIDIA_CV_Inspection/data/AOI_DL_data_0820/0422918036684/D0_C1085.jpg,D0_C1085.jpg,"(54, 130, 3)",0422918036684,C1085,C,0820
notdefect,/Users/zhangjiawei/Code/Micro-specialization/NVIDIA_CV_Inspection/data/AOI_DL_data_0820/0422918036684/D0_C206.jpg,D0_C206.jpg,"(54, 131, 3)",0422918036684,C206,C,0820
notdefect,/Users/zhangjiawei/Code/Micro-specialization/NVIDIA_CV_Inspection/data/AOI_DL_data_0820/0422918036530/D1_C1085.jpg,D1_C1085.jpg,"(54, 130, 3)",0422918036530,C1085,C,0820
notdefect,/Users/zhangjiawei/Code/Micro-specialization/NVIDIA_CV_Inspection/data/AOI_DL_data_0820/0422918036530/D1_C206.jpg,D1_C206.jpg,"(54, 130, 3)",0422918036530,C206,C,0820
notdefect,/Users/zhangjiawei/Code/Micro-specialization/NVIDIA_CV_Inspection/data/AOI_DL_data_0820/0422918036760/D1_C35.jpg,D1_C35.jpg,"(131, 54, 3)",0422918036760,C35,C,0820
notdefect,/Users/zhangjiawei/Code/Micro-specialization/NVIDIA_CV_Inspection/data/AOI_DL_data_0820/0423318026451/D1_C1090.jpg,D1_C1090.jpg,"(54, 27, 3)",0423318026451,C1090,C,0820
notdefect,/Users/zhangjiawei/Code/Micro-specialization/NVIDIA_CV_Inspection/data/AOI_DL_data_0820/0422918036751/D0_C42.jpg,D0_C42.jpg,"(130, 54, 3)",0422918036751,C42,C,0820
notdefect,/Users/zhangjiawei/Code/Micro-specialization/NVIDIA_CV_Inspection/data/AOI_DL_data_0820/0422918036751/D0_C206.jpg,D0_C206.jpg,"(54, 130, 3)",0422918036751,C206,C,0820
notdefect,/Users/zhangjiawei/Code/Micro-specialization/NVIDIA_CV_Inspection/data/AOI_DL_data_0820/0422918036597/D0_C201.jpg,D0_C201.jpg,"(57, 120, 3)",0422918036597,C201,C,0820
notdefect,/Users/zhangjiawei/Code/Micro-specialization/NVIDIA_CV_Inspection/data/AOI_DL_data_0820/0422918036597/D0_C211.jpg,D0_C211.jpg,"(58, 119, 3)",0422918036597,C211,C,0820
notdefect,/Users/zhangjiawei/Code/Micro-specialization/NVIDIA_CV_Inspection/data/AOI_DL_data_0820/0422918036590/D1_C32.jpg,D1_C32.jpg,"(130, 54, 3)",0422918036590,C32,C,0820
notdefect,/Users/zhangjiawei/Code/Micro-specialization/NVIDIA_CV_Inspection/data/AOI_DL_data_0820/0422918036531/D0_C1090.jpg,D0_C1090.jpg,"(80, 37, 3)",0422918036531,C1090,C,0820
notdefect,/Users/zhangjiawei/Code/Micro-specialization/NVIDIA_CV_Inspection/data/AOI_DL_data_0820/0422918036591/D0_C205.jpg,D0_C205.jpg,"(57, 120, 3)",0422918036591,C205,C,0820
notdefect,/Users/zhangjiawei/Code/Micro-specialization/NVIDIA_CV_Inspection/data/AOI_DL_data_0820/0422918036596/D1_C42.jpg,D1_C42.jpg,"(130, 54, 3)",0422918036596,C42,C,0820
notdefect,/Users/zhangjiawei/Code/Micro-specialization/NVIDIA_CV_Inspection/data/AOI_DL_data_0820/0423118036648/D1_C514.jpg,D1_C514.jpg,"(51, 130, 3)",0423118036648,C514,C,0820
notdefect,/Users/zhangjiawei/Code/Micro-specialization/NVIDIA_CV_Inspection/data/AOI_DL_data_0820/0422918036553/D0_C42.jpg,D0_C42.jpg,"(131, 54, 3)",0422918036553,C42,C,0820
notdefect,/Users/zhangjiawei/Code/Micro-specialization/NVIDIA_CV_Inspection/data/AOI_DL_data_0820/0422918036553/D0_C39.jpg,D0_C39.jpg,"(131, 54, 3)",0422918036553,C39,C,0820
notdefect,/Users/zhangjiawei/Code/Micro-specialization/NVIDIA_CV_Inspection/data/AOI_DL_data_0820/0422918036598/D1_C206.jpg,D1_C206.jpg,"(54, 131, 3)",0422918036598,C206,C,0820
notdefect,/Users/zhangjiawei/Code/Micro-specialization/NVIDIA_CV_Inspection/data/AOI_DL_data_0820/0422918039560/D0_C46.jpg,D0_C46.jpg,"(130, 54, 3)",0422918039560,C46,C,0820
notdefect,/Users/zhangjiawei/Code/Micro-specialization/NVIDIA_CV_Inspection/data/AOI_DL_data_0820/0422918039560/D0_C1085.jpg,D0_C1085.jpg,"(54, 130, 3)",0422918039560,C1085,C,0820
notdefect,/Users/zhangjiawei/Code/Micro-specialization/NVIDIA_CV_Inspection/data/AOI_DL_data_0820/0422918036528/D1_C39.jpg,D1_C39.jpg,"(130, 54, 3)",0422918036528,C39,C,0820
notdefect,/Users/zhangjiawei/Code/Micro-specialization/NVIDIA_CV_Inspection/data/AOI_DL_data_0820/0422918036528/D1_C1085.jpg,D1_C1085.jpg,"(54, 130, 3)",0422918036528,C1085,C,0820
notdefect,/Users/zhangjiawei/Code/Micro-specialization/NVIDIA_CV_Inspection/data/AOI_DL_data_0820/0422918036714/D1_C42.jpg,D1_C42.jpg,"(130, 54, 3)",0422918036714,C42,C,0820
notdefect,/Users/zhangjiawei/Code/Micro-specialization/NVIDIA_CV_Inspection/data/AOI_DL_data_0820/0422918036713/D0_C42.jpg,D0_C42.jpg,"(130, 54, 3)",0422918036713,C42,C,0820
notdefect,/Users/zhangjiawei/Code/Micro-specialization/NVIDIA_CV_Inspection/data/AOI_DL_data_0820/0423118036439/D1_C13.jpg,D1_C13.jpg,"(209, 101, 3)",0423118036439,C13,C,0820
notdefect,/Users/zhangjiawei/Code/Micro-specialization/NVIDIA_CV_Inspection/data/AOI_DL_data_0820/0422918036575/D0_C197.jpg,D0_C197.jpg,"(119, 57, 3)",0422918036575,C197,C,0820
notdefect,/Users/zhangjiawei/Code/Micro-specialization/NVIDIA_CV_Inspection/data/AOI_DL_data_0820/0423118036669/D0_C204.jpg,D0_C204.jpg,"(57, 120, 3)",0423118036669,C204,C,0820
notdefect,/Users/zhangjiawei/Code/Micro-specialization/NVIDIA_CV_Inspection/data/AOI_DL_data_0820/0422918036715/D0_C212.jpg,D0_C212.jpg,"(57, 119, 3)",0422918036715,C212,C,0820
notdefect,/Users/zhangjiawei/Code/Micro-specialization/NVIDIA_CV_Inspection/data/AOI_DL_data_0820/0422918036529/D0_C1085.jpg,D0_C1085.jpg,"(54, 130, 3)",0422918036529,C1085,C,0820
defect,/Users/zhangjiawei/Code/Micro-specialization/NVIDIA_CV_Inspection/data/AOI_DL_data_0820/0423318026627/D0_C7.jpg,D0_C7.jpg,"(140, 66, 3)",0423318026627,C7,C,0820
notdefect,/Users/zhangjiawei/Code/Micro-specialization/NVIDIA_CV_Inspection/data/AOI_DL_data_0820/0423318026627/D0_C1090.jpg,D0_C1090.jpg,"(54, 27, 3)",0423318026627,C1090,C,0820
defect,/Users/zhangjiawei/Code/Micro-specialization/NVIDIA_CV_Inspection/data/AOI_DL_data_0820/0423318026627/D0_C13.jpg,D0_C13.jpg,"(140, 66, 3)",0423318026627,C13,C,0820
notdefect,/Users/zhangjiawei/Code/Micro-specialization/NVIDIA_CV_Inspection/data/AOI_DL_data_0820/0422918036589/D0_C1087.jpg,D0_C1087.jpg,"(131, 53, 3)",0422918036589,C1087,C,0820
notdefect,/Users/zhangjiawei/Code/Micro-specialization/NVIDIA_CV_Inspection/data/AOI_DL_data_0820/0423118036491/D1_C514.jpg,D1_C514.jpg,"(50, 130, 3)",0423118036491,C514,C,0820
notdefect,/Users/zhangjiawei/Code/Micro-specialization/NVIDIA_CV_Inspection/data/AOI_DL_data_0820/0422918036542/D1_C42.jpg,D1_C42.jpg,"(130, 54, 3)",0422918036542,C42,C,0820
notdefect,/Users/zhangjiawei/Code/Micro-specialization/NVIDIA_CV_Inspection/data/AOI_DL_data_0820/0422918036542/D1_C1085.jpg,D1_C1085.jpg,"(54, 130, 3)",0422918036542,C1085,C,0820
notdefect,/Users/zhangjiawei/Code/Micro-specialization/NVIDIA_CV_Inspection/data/AOI_DL_data_0820/0422918036573/D0_C42.jpg,D0_C42.jpg,"(131, 54, 3)",0422918036573,C42,C,0820
notdefect,/Users/zhangjiawei/Code/Micro-specialization/NVIDIA_CV_Inspection/data/AOI_DL_data_0820/0422918036574/D1_C197.jpg,D1_C197.jpg,"(119, 57, 3)",0422918036574,C197,C,0820
notdefect,/Users/zhangjiawei/Code/Micro-specialization/NVIDIA_CV_Inspection/data/AOI_DL_data_0820/0422918036406/D1_C1085.jpg,D1_C1085.jpg,"(54, 130, 3)",0422918036406,C1085,C,0820
notdefect,/Users/zhangjiawei/Code/Micro-specialization/NVIDIA_CV_Inspection/data/AOI_DL_data_0820/0422918036401/D0_C35.jpg,D0_C35.jpg,"(130, 54, 3)",0422918036401,C35,C,0820
notdefect,/Users/zhangjiawei/Code/Micro-specialization/NVIDIA_CV_Inspection/data/AOI_DL_data_0820/0422918036401/D0_C1085.jpg,D0_C1085.jpg,"(54, 131, 3)",0422918036401,C1085,C,0820
notdefect,/Users/zhangjiawei/Code/Micro-specialization/NVIDIA_CV_Inspection/data/AOI_DL_data_0820/0422918036437/D1_C202.jpg,D1_C202.jpg,"(54, 131, 3)",0422918036437,C202,C,0820
notdefect,/Users/zhangjiawei/Code/Micro-specialization/NVIDIA_CV_Inspection/data/AOI_DL_data_0820/0422918036408/D1_C1085.jpg,D1_C1085.jpg,"(54, 130, 3)",0422918036408,C1085,C,0820
notdefect,/Users/zhangjiawei/Code/Micro-specialization/NVIDIA_CV_Inspection/data/AOI_DL_data_0820/0422918036408/D1_C202.jpg,D1_C202.jpg,"(53, 130, 3)",0422918036408,C202,C,0820
notdefect,/Users/zhangjiawei/Code/Micro-specialization/NVIDIA_CV_Inspection/data/AOI_DL_data_0820/0422918036430/D0_C42.jpg,D0_C42.jpg,"(131, 54, 3)",0422918036430,C42,C,0820
notdefect,/Users/zhangjiawei/Code/Micro-specialization/NVIDIA_CV_Inspection/data/AOI_DL_data_0820/0422918036430/D0_C32.jpg,D0_C32.jpg,"(131, 54, 3)",0422918036430,C32,C,0820
defect,/Users/zhangjiawei/Code/Micro-specialization/NVIDIA_CV_Inspection/data/AOI_DL_data_0820/0423318027415/D0_C157.jpg,D0_C157.jpg,"(22, 57, 3)",0423318027415,C157,C,0820
defect,/Users/zhangjiawei/Code/Micro-specialization/NVIDIA_CV_Inspection/data/AOI_DL_data_0820/0423318027415/D0_C135.jpg,D0_C135.jpg,"(57, 22, 3)",0423318027415,C135,C,0820
notdefect,/Users/zhangjiawei/Code/Micro-specialization/NVIDIA_CV_Inspection/data/AOI_DL_data_0820/0423318027415/D0_C1090.jpg,D0_C1090.jpg,"(54, 27, 3)",0423318027415,C1090,C,0820
defect,/Users/zhangjiawei/Code/Micro-specialization/NVIDIA_CV_Inspection/data/AOI_DL_data_0820/0423318027415/D0_C139.jpg,D0_C139.jpg,"(22, 57, 3)",0423318027415,C139,C,0820
notdefect,/Users/zhangjiawei/Code/Micro-specialization/NVIDIA_CV_Inspection/data/AOI_DL_data_0820/0422918036803/D0_C202.jpg,D0_C202.jpg,"(53, 131, 3)",0422918036803,C202,C,0820
notdefect,/Users/zhangjiawei/Code/Micro-specialization/NVIDIA_CV_Inspection/data/AOI_DL_data_0820/0422918036669/D1_C42.jpg,D1_C42.jpg,"(131, 54, 3)",0422918036669,C42,C,0820
notdefect,/Users/zhangjiawei/Code/Micro-specialization/NVIDIA_CV_Inspection/data/AOI_DL_data_0820/0422918036669/D1_C200.jpg,D1_C200.jpg,"(57, 119, 3)",0422918036669,C200,C,0820
notdefect,/Users/zhangjiawei/Code/Micro-specialization/NVIDIA_CV_Inspection/data/AOI_DL_data_0820/0422918036804/D1_C35.jpg,D1_C35.jpg,"(131, 53, 3)",0422918036804,C35,C,0820
notdefect,/Users/zhangjiawei/Code/Micro-specialization/NVIDIA_CV_Inspection/data/AOI_DL_data_0820/0422918036463/D1_C204.jpg,D1_C204.jpg,"(57, 120, 3)",0422918036463,C204,C,0820
notdefect,/Users/zhangjiawei/Code/Micro-specialization/NVIDIA_CV_Inspection/data/AOI_DL_data_0820/0422918036604/D1_C206.jpg,D1_C206.jpg,"(54, 130, 3)",0422918036604,C206,C,0820
notdefect,/Users/zhangjiawei/Code/Micro-specialization/NVIDIA_CV_Inspection/data/AOI_DL_data_0820/0422918036453/D1_C39.jpg,D1_C39.jpg,"(131, 54, 3)",0422918036453,C39,C,0820
notdefect,/Users/zhangjiawei/Code/Micro-specialization/NVIDIA_CV_Inspection/data/AOI_DL_data_0820/0423118036574/D0_C10.jpg,D0_C10.jpg,"(102, 208, 3)",0423118036574,C10,C,0820
notdefect,/Users/zhangjiawei/Code/Micro-specialization/NVIDIA_CV_Inspection/data/AOI_DL_data_0820/0422918036666/D0_C220.jpg,D0_C220.jpg,"(58, 119, 3)",0422918036666,C220,C,0820
notdefect,/Users/zhangjiawei/Code/Micro-specialization/NVIDIA_CV_Inspection/data/AOI_DL_data_0820/0422918036462/D0_C202.jpg,D0_C202.jpg,"(53, 130, 3)",0422918036462,C202,C,0820
notdefect,/Users/zhangjiawei/Code/Micro-specialization/NVIDIA_CV_Inspection/data/AOI_DL_data_0820/0422918036465/D1_C1085.jpg,D1_C1085.jpg,"(54, 130, 3)",0422918036465,C1085,C,0820
notdefect,/Users/zhangjiawei/Code/Micro-specialization/NVIDIA_CV_Inspection/data/AOI_DL_data_0820/0422918036465/D1_C206.jpg,D1_C206.jpg,"(53, 131, 3)",0422918036465,C206,C,0820
notdefect,/Users/zhangjiawei/Code/Micro-specialization/NVIDIA_CV_Inspection/data/AOI_DL_data_0820/0422918036440/D0_C1090.jpg,D0_C1090.jpg,"(79, 37, 3)",0422918036440,C1090,C,0820
notdefect,/Users/zhangjiawei/Code/Micro-specialization/NVIDIA_CV_Inspection/data/AOI_DL_data_0820/0422918036818/D1_C32.jpg,D1_C32.jpg,"(130, 54, 3)",0422918036818,C32,C,0820
notdefect,/Users/zhangjiawei/Code/Micro-specialization/NVIDIA_CV_Inspection/data/AOI_DL_data_0820/0422918036471/D1_C1085.jpg,D1_C1085.jpg,"(54, 130, 3)",0422918036471,C1085,C,0820
notdefect,/Users/zhangjiawei/Code/Micro-specialization/NVIDIA_CV_Inspection/data/AOI_DL_data_0820/0422918036471/D1_C205.jpg,D1_C205.jpg,"(57, 119, 3)",0422918036471,C205,C,0820
notdefect,/Users/zhangjiawei/Code/Micro-specialization/NVIDIA_CV_Inspection/data/AOI_DL_data_0820/0422918036816/D1_C206.jpg,D1_C206.jpg,"(53, 131, 3)",0422918036816,C206,C,0820
notdefect,/Users/zhangjiawei/Code/Micro-specialization/NVIDIA_CV_Inspection/data/AOI_DL_data_0820/0422918036842/D1_C42.jpg,D1_C42.jpg,"(131, 53, 3)",0422918036842,C42,C,0820
notdefect,/Users/zhangjiawei/Code/Micro-specialization/NVIDIA_CV_Inspection/data/AOI_DL_data_0820/0422918036842/D1_C35.jpg,D1_C35.jpg,"(131, 54, 3)",0422918036842,C35,C,0820
notdefect,/Users/zhangjiawei/Code/Micro-specialization/NVIDIA_CV_Inspection/data/AOI_DL_data_0820/0422918036425/D1_C206.jpg,D1_C206.jpg,"(54, 130, 3)",0422918036425,C206,C,0820
notdefect,/Users/zhangjiawei/Code/Micro-specialization/NVIDIA_CV_Inspection/data/AOI_DL_data_0820/0423318025705/D1_C113.jpg,D1_C113.jpg,"(57, 22, 3)",0423318025705,C113,C,0820
notdefect,/Users/zhangjiawei/Code/Micro-specialization/NVIDIA_CV_Inspection/data/AOI_DL_data_0820/0423318026346/D0_C1090.jpg,D0_C1090.jpg,"(54, 27, 3)",0423318026346,C1090,C,0820
notdefect,/Users/zhangjiawei/Code/Micro-specialization/NVIDIA_CV_Inspection/data/AOI_DL_data_0820/0422918036441/D1_C1085.jpg,D1_C1085.jpg,"(54, 130, 3)",0422918036441,C1085,C,0820
defect,/Users/zhangjiawei/Code/Micro-specialization/NVIDIA_CV_Inspection/data/AOI_DL_data_0820/0422918038948/D1_C208.jpg,D1_C208.jpg,"(130, 53, 3)",0422918038948,C208,C,0820
notdefect,/Users/zhangjiawei/Code/Micro-specialization/NVIDIA_CV_Inspection/data/AOI_DL_data_0820/0422918036446/D0_C35.jpg,D0_C35.jpg,"(131, 53, 3)",0422918036446,C35,C,0820
notdefect,/Users/zhangjiawei/Code/Micro-specialization/NVIDIA_CV_Inspection/data/AOI_DL_data_0820/0422918036446/D0_C1087.jpg,D0_C1087.jpg,"(131, 53, 3)",0422918036446,C1087,C,0820
notdefect,/Users/zhangjiawei/Code/Micro-specialization/NVIDIA_CV_Inspection/data/AOI_DL_data_0820/0422918036415/D1_C32.jpg,D1_C32.jpg,"(130, 54, 3)",0422918036415,C32,C,0820
notdefect,/Users/zhangjiawei/Code/Micro-specialization/NVIDIA_CV_Inspection/data/AOI_DL_data_0820/0422918036415/D1_C200.jpg,D1_C200.jpg,"(57, 120, 3)",0422918036415,C200,C,0820
defect,/Users/zhangjiawei/Code/Micro-specialization/NVIDIA_CV_Inspection/data/AOI_DL_data_0820/0423318021368/D0_C157.jpg,D0_C157.jpg,"(23, 57, 3)",0423318021368,C157,C,0820
notdefect,/Users/zhangjiawei/Code/Micro-specialization/NVIDIA_CV_Inspection/data/AOI_DL_data_0820/0422918036551/D0_C1087.jpg,D0_C1087.jpg,"(131, 53, 3)",0422918036551,C1087,C,0820
notdefect,/Users/zhangjiawei/Code/Micro-specialization/NVIDIA_CV_Inspection/data/AOI_DL_data_0820/0422918036752/D1_C35.jpg,D1_C35.jpg,"(130, 54, 3)",0422918036752,C35,C,0820
notdefect,/Users/zhangjiawei/Code/Micro-specialization/NVIDIA_CV_Inspection/data/AOI_DL_data_0820/0423118036447/D1_C214.jpg,D1_C214.jpg,"(58, 119, 3)",0423118036447,C214,C,0820
notdefect,/Users/zhangjiawei/Code/Micro-specialization/NVIDIA_CV_Inspection/data/AOI_DL_data_0820/0422918036594/D1_C35.jpg,D1_C35.jpg,"(130, 54, 3)",0422918036594,C35,C,0820
notdefect,/Users/zhangjiawei/Code/Micro-specialization/NVIDIA_CV_Inspection/data/AOI_DL_data_0820/0422918036594/D1_C1085.jpg,D1_C1085.jpg,"(54, 130, 3)",0422918036594,C1085,C,0820
notdefect,/Users/zhangjiawei/Code/Micro-specialization/NVIDIA_CV_Inspection/data/AOI_DL_data_0820/0423118036873/D1_C530.jpg,D1_C530.jpg,"(310, 407, 3)",0423118036873,C530,C,0820
notdefect,/Users/zhangjiawei/Code/Micro-specialization/NVIDIA_CV_Inspection/data/AOI_DL_data_0820/0422918036398/D1_C218.jpg,D1_C218.jpg,"(58, 120, 3)",0422918036398,C218,C,0820
notdefect,/Users/zhangjiawei/Code/Micro-specialization/NVIDIA_CV_Inspection/data/AOI_DL_data_0820/0422918036398/D1_C1087.jpg,D1_C1087.jpg,"(131, 53, 3)",0422918036398,C1087,C,0820
notdefect,/Users/zhangjiawei/Code/Micro-specialization/NVIDIA_CV_Inspection/data/AOI_DL_data_0820/0422918036595/D0_C32.jpg,D0_C32.jpg,"(131, 54, 3)",0422918036595,C32,C,0820
notdefect,/Users/zhangjiawei/Code/Micro-specialization/NVIDIA_CV_Inspection/data/AOI_DL_data_0820/0422918036595/D0_C205.jpg,D0_C205.jpg,"(57, 119, 3)",0422918036595,C205,C,0820
notdefect,/Users/zhangjiawei/Code/Micro-specialization/NVIDIA_CV_Inspection/data/AOI_DL_data_0820/0422918036753/D0_C35.jpg,D0_C35.jpg,"(131, 53, 3)",0422918036753,C35,C,0820
notdefect,/Users/zhangjiawei/Code/Micro-specialization/NVIDIA_CV_Inspection/data/AOI_DL_data_0820/0423318027312/D0_C1090.jpg,D0_C1090.jpg,"(54, 27, 3)",0423318027312,C1090,C,0820
notdefect,/Users/zhangjiawei/Code/Micro-specialization/NVIDIA_CV_Inspection/data/AOI_DL_data_0820/0423318027312/D1_C1090.jpg,D1_C1090.jpg,"(54, 27, 3)",0423318027312,C1090,C,0820
notdefect,/Users/zhangjiawei/Code/Micro-specialization/NVIDIA_CV_Inspection/data/AOI_DL_data_0820/0423118036441/D1_C6.jpg,D1_C6.jpg,"(209, 101, 3)",0423118036441,C6,C,0820
notdefect,/Users/zhangjiawei/Code/Micro-specialization/NVIDIA_CV_Inspection/data/AOI_DL_data_0820/0422918036550/D1_C42.jpg,D1_C42.jpg,"(131, 54, 3)",0422918036550,C42,C,0820
notdefect,/Users/zhangjiawei/Code/Micro-specialization/NVIDIA_CV_Inspection/data/AOI_DL_data_0820/0422918036399/D0_C197.jpg,D0_C197.jpg,"(120, 57, 3)",0422918036399,C197,C,0820
notdefect,/Users/zhangjiawei/Code/Micro-specialization/NVIDIA_CV_Inspection/data/AOI_DL_data_0820/0422918036532/D1_C202.jpg,D1_C202.jpg,"(53, 130, 3)",0422918036532,C202,C,0820
notdefect,/Users/zhangjiawei/Code/Micro-specialization/NVIDIA_CV_Inspection/data/AOI_DL_data_0811/0422918037468/D0_C46.jpg,D0_C46.jpg,"(130, 54, 3)",0422918037468,C46,C,0811
notdefect,/Users/zhangjiawei/Code/Micro-specialization/NVIDIA_CV_Inspection/data/AOI_DL_data_0811/0422918037468/D0_C1087.jpg,D0_C1087.jpg,"(131, 53, 3)",0422918037468,C1087,C,0811
notdefect,/Users/zhangjiawei/Code/Micro-specialization/NVIDIA_CV_Inspection/data/AOI_DL_data_0811/0422918037468/D0_C206.jpg,D0_C206.jpg,"(54, 131, 3)",0422918037468,C206,C,0811
notdefect,/Users/zhangjiawei/Code/Micro-specialization/NVIDIA_CV_Inspection/data/AOI_DL_data_0811/0422918037450/D1_C42.jpg,D1_C42.jpg,"(130, 54, 3)",0422918037450,C42,C,0811
notdefect,/Users/zhangjiawei/Code/Micro-specialization/NVIDIA_CV_Inspection/data/AOI_DL_data_0811/0422918037459/D1_C42.jpg,D1_C42.jpg,"(131, 54, 3)",0422918037459,C42,C,0811
notdefect,/Users/zhangjiawei/Code/Micro-specialization/NVIDIA_CV_Inspection/data/AOI_DL_data_0811/0422918037459/D1_C35.jpg,D1_C35.jpg,"(131, 53, 3)",0422918037459,C35,C,0811
notdefect,/Users/zhangjiawei/Code/Micro-specialization/NVIDIA_CV_Inspection/data/AOI_DL_data_0811/0422918037459/D1_C206.jpg,D1_C206.jpg,"(54, 131, 3)",0422918037459,C206,C,0811
notdefect,/Users/zhangjiawei/Code/Micro-specialization/NVIDIA_CV_Inspection/data/AOI_DL_data_0811/0422918037466/D0_C35.jpg,D0_C35.jpg,"(131, 53, 3)",0422918037466,C35,C,0811
notdefect,/Users/zhangjiawei/Code/Micro-specialization/NVIDIA_CV_Inspection/data/AOI_DL_data_0811/0422918037466/D0_C32.jpg,D0_C32.jpg,"(131, 53, 3)",0422918037466,C32,C,0811
notdefect,/Users/zhangjiawei/Code/Micro-specialization/NVIDIA_CV_Inspection/data/AOI_DL_data_0811/0422718064751/D0_C208.jpg,D0_C208.jpg,"(130, 51, 3)",0422718064751,C208,C,0811
notdefect,/Users/zhangjiawei/Code/Micro-specialization/NVIDIA_CV_Inspection/data/AOI_DL_data_0811/0422718064751/D0_C209.jpg,D0_C209.jpg,"(130, 51, 3)",0422718064751,C209,C,0811
notdefect,/Users/zhangjiawei/Code/Micro-specialization/NVIDIA_CV_Inspection/data/AOI_DL_data_0811/0422918037461/D0_C1085.jpg,D0_C1085.jpg,"(54, 130, 3)",0422918037461,C1085,C,0811
notdefect,/Users/zhangjiawei/Code/Micro-specialization/NVIDIA_CV_Inspection/data/AOI_DL_data_0811/0422918037435/D1_C202.jpg,D1_C202.jpg,"(53, 130, 3)",0422918037435,C202,C,0811
notdefect,/Users/zhangjiawei/Code/Micro-specialization/NVIDIA_CV_Inspection/data/AOI_DL_data_0811/0422918037435/D1_C1087.jpg,D1_C1087.jpg,"(131, 53, 3)",0422918037435,C1087,C,0811
notdefect,/Users/zhangjiawei/Code/Micro-specialization/NVIDIA_CV_Inspection/data/AOI_DL_data_0811/0422918037432/D0_C42.jpg,D0_C42.jpg,"(131, 54, 3)",0422918037432,C42,C,0811
notdefect,/Users/zhangjiawei/Code/Micro-specialization/NVIDIA_CV_Inspection/data/AOI_DL_data_0811/0422918037432/D0_C35.jpg,D0_C35.jpg,"(131, 54, 3)",0422918037432,C35,C,0811
notdefect,/Users/zhangjiawei/Code/Micro-specialization/NVIDIA_CV_Inspection/data/AOI_DL_data_0811/0422918037404/D0_C1087.jpg,D0_C1087.jpg,"(131, 53, 3)",0422918037404,C1087,C,0811
notdefect,/Users/zhangjiawei/Code/Micro-specialization/NVIDIA_CV_Inspection/data/AOI_DL_data_0811/0422718064733/D0_C208.jpg,D0_C208.jpg,"(130, 51, 3)",0422718064733,C208,C,0811
notdefect,/Users/zhangjiawei/Code/Micro-specialization/NVIDIA_CV_Inspection/data/AOI_DL_data_0811/0422718064733/D0_C209.jpg,D0_C209.jpg,"(130, 51, 3)",0422718064733,C209,C,0811
notdefect,/Users/zhangjiawei/Code/Micro-specialization/NVIDIA_CV_Inspection/data/AOI_DL_data_0811/0422718064734/D1_C208.jpg,D1_C208.jpg,"(130, 51, 3)",0422718064734,C208,C,0811
notdefect,/Users/zhangjiawei/Code/Micro-specialization/NVIDIA_CV_Inspection/data/AOI_DL_data_0811/0422718064734/D1_C209.jpg,D1_C209.jpg,"(130, 51, 3)",0422718064734,C209,C,0811
notdefect,/Users/zhangjiawei/Code/Micro-specialization/NVIDIA_CV_Inspection/data/AOI_DL_data_0811/0422918037403/D1_C39.jpg,D1_C39.jpg,"(130, 54, 3)",0422918037403,C39,C,0811
notdefect,/Users/zhangjiawei/Code/Micro-specialization/NVIDIA_CV_Inspection/data/AOI_DL_data_0811/0422918037460/D1_C42.jpg,D1_C42.jpg,"(131, 54, 3)",0422918037460,C42,C,0811
notdefect,/Users/zhangjiawei/Code/Micro-specialization/NVIDIA_CV_Inspection/data/AOI_DL_data_0811/0422918037460/D1_C1087.jpg,D1_C1087.jpg,"(131, 53, 3)",0422918037460,C1087,C,0811
notdefect,/Users/zhangjiawei/Code/Micro-specialization/NVIDIA_CV_Inspection/data/AOI_DL_data_0811/0422918037458/D0_C42.jpg,D0_C42.jpg,"(130, 54, 3)",0422918037458,C42,C,0811
notdefect,/Users/zhangjiawei/Code/Micro-specialization/NVIDIA_CV_Inspection/data/AOI_DL_data_0811/0422718064750/D1_C208.jpg,D1_C208.jpg,"(130, 51, 3)",0422718064750,C208,C,0811
notdefect,/Users/zhangjiawei/Code/Micro-specialization/NVIDIA_CV_Inspection/data/AOI_DL_data_0811/0422718064750/D1_C209.jpg,D1_C209.jpg,"(130, 51, 3)",0422718064750,C209,C,0811
notdefect,/Users/zhangjiawei/Code/Micro-specialization/NVIDIA_CV_Inspection/data/AOI_DL_data_0811/0422918037467/D1_C42.jpg,D1_C42.jpg,"(131, 53, 3)",0422918037467,C42,C,0811
notdefect,/Users/zhangjiawei/Code/Micro-specialization/NVIDIA_CV_Inspection/data/AOI_DL_data_0811/0422918037467/D1_C1088.jpg,D1_C1088.jpg,"(131, 53, 3)",0422918037467,C1088,C,0811
notdefect,/Users/zhangjiawei/Code/Micro-specialization/NVIDIA_CV_Inspection/data/AOI_DL_data_0811/0422918037467/D1_C39.jpg,D1_C39.jpg,"(131, 53, 3)",0422918037467,C39,C,0811
notdefect,/Users/zhangjiawei/Code/Micro-specialization/NVIDIA_CV_Inspection/data/AOI_DL_data_0811/0422918037467/D1_C1085.jpg,D1_C1085.jpg,"(54, 130, 3)",0422918037467,C1085,C,0811
notdefect,/Users/zhangjiawei/Code/Micro-specialization/NVIDIA_CV_Inspection/data/AOI_DL_data_0811/0422918037451/D0_C35.jpg,D0_C35.jpg,"(131, 54, 3)",0422918037451,C35,C,0811
notdefect,/Users/zhangjiawei/Code/Micro-specialization/NVIDIA_CV_Inspection/data/AOI_DL_data_0811/0422918037451/D0_C206.jpg,D0_C206.jpg,"(54, 131, 3)",0422918037451,C206,C,0811
notdefect,/Users/zhangjiawei/Code/Micro-specialization/NVIDIA_CV_Inspection/data/AOI_DL_data_0811/0423118025629/D0_C208.jpg,D0_C208.jpg,"(130, 53, 3)",0423118025629,C208,C,0811
notdefect,/Users/zhangjiawei/Code/Micro-specialization/NVIDIA_CV_Inspection/data/AOI_DL_data_0811/0422918037469/D0_C35.jpg,D0_C35.jpg,"(131, 54, 3)",0422918037469,C35,C,0811
notdefect,/Users/zhangjiawei/Code/Micro-specialization/NVIDIA_CV_Inspection/data/AOI_DL_data_0811/0422918037469/D0_C32.jpg,D0_C32.jpg,"(131, 53, 3)",0422918037469,C32,C,0811
notdefect,/Users/zhangjiawei/Code/Micro-specialization/NVIDIA_CV_Inspection/data/AOI_DL_data_0811/0422918037456/D0_C1085.jpg,D0_C1085.jpg,"(54, 130, 3)",0422918037456,C1085,C,0811
notdefect,/Users/zhangjiawei/Code/Micro-specialization/NVIDIA_CV_Inspection/data/AOI_DL_data_0811/0422918037456/D0_C206.jpg,D0_C206.jpg,"(54, 131, 3)",0422918037456,C206,C,0811
notdefect,/Users/zhangjiawei/Code/Micro-specialization/NVIDIA_CV_Inspection/data/AOI_DL_data_0811/0422718064676/D1_C527.jpg,D1_C527.jpg,"(129, 51, 3)",0422718064676,C527,C,0811
notdefect,/Users/zhangjiawei/Code/Micro-specialization/NVIDIA_CV_Inspection/data/AOI_DL_data_0811/0422918037375/D1_C32.jpg,D1_C32.jpg,"(131, 53, 3)",0422918037375,C32,C,0811
notdefect,/Users/zhangjiawei/Code/Micro-specialization/NVIDIA_CV_Inspection/data/AOI_DL_data_0811/0422918037388/D0_C531.jpg,D0_C531.jpg,"(407, 309, 3)",0422918037388,C531,C,0811
notdefect,/Users/zhangjiawei/Code/Micro-specialization/NVIDIA_CV_Inspection/data/AOI_DL_data_0811/0422918037380/D0_C197.jpg,D0_C197.jpg,"(119, 57, 3)",0422918037380,C197,C,0811
notdefect,/Users/zhangjiawei/Code/Micro-specialization/NVIDIA_CV_Inspection/data/AOI_DL_data_0811/0422918037373/D0_C1085.jpg,D0_C1085.jpg,"(54, 130, 3)",0422918037373,C1085,C,0811
notdefect,/Users/zhangjiawei/Code/Micro-specialization/NVIDIA_CV_Inspection/data/AOI_DL_data_0811/0422918037393/D0_C197.jpg,D0_C197.jpg,"(120, 57, 3)",0422918037393,C197,C,0811
notdefect,/Users/zhangjiawei/Code/Micro-specialization/NVIDIA_CV_Inspection/data/AOI_DL_data_0811/0422918037393/D0_C206.jpg,D0_C206.jpg,"(54, 131, 3)",0422918037393,C206,C,0811
notdefect,/Users/zhangjiawei/Code/Micro-specialization/NVIDIA_CV_Inspection/data/AOI_DL_data_0811/0422718064697/D1_C531.jpg,D1_C531.jpg,"(407, 309, 3)",0422718064697,C531,C,0811
notdefect,/Users/zhangjiawei/Code/Micro-specialization/NVIDIA_CV_Inspection/data/AOI_DL_data_0811/0422918037392/D1_C197.jpg,D1_C197.jpg,"(119, 57, 3)",0422918037392,C197,C,0811
notdefect,/Users/zhangjiawei/Code/Micro-specialization/NVIDIA_CV_Inspection/data/AOI_DL_data_0811/0422918037392/D1_C35.jpg,D1_C35.jpg,"(131, 54, 3)",0422918037392,C35,C,0811
notdefect,/Users/zhangjiawei/Code/Micro-specialization/NVIDIA_CV_Inspection/data/AOI_DL_data_0811/0422918037395/D0_C202.jpg,D0_C202.jpg,"(53, 130, 3)",0422918037395,C202,C,0811
notdefect,/Users/zhangjiawei/Code/Micro-specialization/NVIDIA_CV_Inspection/data/AOI_DL_data_0811/0422918037429/D1_C197.jpg,D1_C197.jpg,"(120, 57, 3)",0422918037429,C197,C,0811
notdefect,/Users/zhangjiawei/Code/Micro-specialization/NVIDIA_CV_Inspection/data/AOI_DL_data_0811/0422918037429/D1_C206.jpg,D1_C206.jpg,"(54, 130, 3)",0422918037429,C206,C,0811
notdefect,/Users/zhangjiawei/Code/Micro-specialization/NVIDIA_CV_Inspection/data/AOI_DL_data_0811/0422918037416/D1_C1087.jpg,D1_C1087.jpg,"(131, 53, 3)",0422918037416,C1087,C,0811
notdefect,/Users/zhangjiawei/Code/Micro-specialization/NVIDIA_CV_Inspection/data/AOI_DL_data_0811/0422918037418/D1_C206.jpg,D1_C206.jpg,"(53, 131, 3)",0422918037418,C206,C,0811
notdefect,/Users/zhangjiawei/Code/Micro-specialization/NVIDIA_CV_Inspection/data/AOI_DL_data_0811/0422718064772/D1_C208.jpg,D1_C208.jpg,"(130, 51, 3)",0422718064772,C208,C,0811
notdefect,/Users/zhangjiawei/Code/Micro-specialization/NVIDIA_CV_Inspection/data/AOI_DL_data_0811/0422718064772/D1_C209.jpg,D1_C209.jpg,"(131, 51, 3)",0422718064772,C209,C,0811
notdefect,/Users/zhangjiawei/Code/Micro-specialization/NVIDIA_CV_Inspection/data/AOI_DL_data_0811/0422918037421/D0_C197.jpg,D0_C197.jpg,"(119, 57, 3)",0422918037421,C197,C,0811
notdefect,/Users/zhangjiawei/Code/Micro-specialization/NVIDIA_CV_Inspection/data/AOI_DL_data_0811/0422918037421/D0_C1087.jpg,D0_C1087.jpg,"(131, 53, 3)",0422918037421,C1087,C,0811
notdefect,/Users/zhangjiawei/Code/Micro-specialization/NVIDIA_CV_Inspection/data/AOI_DL_data_0811/0422918037419/D0_C206.jpg,D0_C206.jpg,"(54, 131, 3)",0422918037419,C206,C,0811
notdefect,/Users/zhangjiawei/Code/Micro-specialization/NVIDIA_CV_Inspection/data/AOI_DL_data_0811/0422918037410/D1_C206.jpg,D1_C206.jpg,"(54, 130, 3)",0422918037410,C206,C,0811
notdefect,/Users/zhangjiawei/Code/Micro-specialization/NVIDIA_CV_Inspection/data/AOI_DL_data_0811/0422918037428/D0_C32.jpg,D0_C32.jpg,"(130, 54, 3)",0422918037428,C32,C,0811
notdefect,/Users/zhangjiawei/Code/Micro-specialization/NVIDIA_CV_Inspection/data/AOI_DL_data_0811/0422918037443/D1_C202.jpg,D1_C202.jpg,"(53, 131, 3)",0422918037443,C202,C,0811
notdefect,/Users/zhangjiawei/Code/Micro-specialization/NVIDIA_CV_Inspection/data/AOI_DL_data_0811/0422718064773/D0_C208.jpg,D0_C208.jpg,"(131, 51, 3)",0422718064773,C208,C,0811
notdefect,/Users/zhangjiawei/Code/Micro-specialization/NVIDIA_CV_Inspection/data/AOI_DL_data_0811/0422718064773/D0_C209.jpg,D0_C209.jpg,"(130, 51, 3)",0422718064773,C209,C,0811
notdefect,/Users/zhangjiawei/Code/Micro-specialization/NVIDIA_CV_Inspection/data/AOI_DL_data_0811/0422918037431/D1_C35.jpg,D1_C35.jpg,"(131, 54, 3)",0422918037431,C35,C,0811
notdefect,/Users/zhangjiawei/Code/Micro-specialization/NVIDIA_CV_Inspection/data/AOI_DL_data_0811/0422918037436/D0_C42.jpg,D0_C42.jpg,"(131, 53, 3)",0422918037436,C42,C,0811
notdefect,/Users/zhangjiawei/Code/Micro-specialization/NVIDIA_CV_Inspection/data/AOI_DL_data_0811/0422918037436/D0_C1085.jpg,D0_C1085.jpg,"(54, 130, 3)",0422918037436,C1085,C,0811
notdefect,/Users/zhangjiawei/Code/Micro-specialization/NVIDIA_CV_Inspection/data/AOI_DL_data_0811/0422918037407/D1_C46.jpg,D1_C46.jpg,"(130, 54, 3)",0422918037407,C46,C,0811
notdefect,/Users/zhangjiawei/Code/Micro-specialization/NVIDIA_CV_Inspection/data/AOI_DL_data_0811/0422918037438/D1_C39.jpg,D1_C39.jpg,"(131, 53, 3)",0422918037438,C39,C,0811
notdefect,/Users/zhangjiawei/Code/Micro-specialization/NVIDIA_CV_Inspection/data/AOI_DL_data_0811/0422918037454/D0_C220.jpg,D0_C220.jpg,"(58, 119, 3)",0422918037454,C220,C,0811
notdefect,/Users/zhangjiawei/Code/Micro-specialization/NVIDIA_CV_Inspection/data/AOI_DL_data_0811/0422918037465/D0_C42.jpg,D0_C42.jpg,"(130, 54, 3)",0422918037465,C42,C,0811
notdefect,/Users/zhangjiawei/Code/Micro-specialization/NVIDIA_CV_Inspection/data/AOI_DL_data_0811/0422918037465/D0_C32.jpg,D0_C32.jpg,"(130, 54, 3)",0422918037465,C32,C,0811
notdefect,/Users/zhangjiawei/Code/Micro-specialization/NVIDIA_CV_Inspection/data/AOI_DL_data_0811/0422918037465/D0_C206.jpg,D0_C206.jpg,"(54, 131, 3)",0422918037465,C206,C,0811
notdefect,/Users/zhangjiawei/Code/Micro-specialization/NVIDIA_CV_Inspection/data/AOI_DL_data_0811/0422718064752/D1_C208.jpg,D1_C208.jpg,"(130, 51, 3)",0422718064752,C208,C,0811
notdefect,/Users/zhangjiawei/Code/Micro-specialization/NVIDIA_CV_Inspection/data/AOI_DL_data_0811/0422718064752/D1_C209.jpg,D1_C209.jpg,"(130, 51, 3)",0422718064752,C209,C,0811
notdefect,/Users/zhangjiawei/Code/Micro-specialization/NVIDIA_CV_Inspection/data/AOI_DL_data_0811/0422918037406/D0_C206.jpg,D0_C206.jpg,"(54, 130, 3)",0422918037406,C206,C,0811
notdefect,/Users/zhangjiawei/Code/Micro-specialization/NVIDIA_CV_Inspection/data/AOI_DL_data_0811/0422918037437/D1_C1085.jpg,D1_C1085.jpg,"(54, 130, 3)",0422918037437,C1085,C,0811
notdefect,/Users/zhangjiawei/Code/Micro-specialization/NVIDIA_CV_Inspection/data/AOI_DL_data_0811/0422918037408/D0_C197.jpg,D0_C197.jpg,"(119, 57, 3)",0422918037408,C197,C,0811
notdefect,/Users/zhangjiawei/Code/Micro-specialization/NVIDIA_CV_Inspection/data/AOI_DL_data_0811/0422718064753/D0_C208.jpg,D0_C208.jpg,"(130, 51, 3)",0422718064753,C208,C,0811
notdefect,/Users/zhangjiawei/Code/Micro-specialization/NVIDIA_CV_Inspection/data/AOI_DL_data_0811/0422718064753/D0_C209.jpg,D0_C209.jpg,"(130, 51, 3)",0422718064753,C209,C,0811
notdefect,/Users/zhangjiawei/Code/Micro-specialization/NVIDIA_CV_Inspection/data/AOI_DL_data_0811/0422918037464/D1_C1087.jpg,D1_C1087.jpg,"(131, 53, 3)",0422918037464,C1087,C,0811
notdefect,/Users/zhangjiawei/Code/Micro-specialization/NVIDIA_CV_Inspection/data/AOI_DL_data_0811/0422918037463/D0_C42.jpg,D0_C42.jpg,"(130, 54, 3)",0422918037463,C42,C,0811
notdefect,/Users/zhangjiawei/Code/Micro-specialization/NVIDIA_CV_Inspection/data/AOI_DL_data_0811/0422918037463/D0_C212.jpg,D0_C212.jpg,"(57, 119, 3)",0422918037463,C212,C,0811
notdefect,/Users/zhangjiawei/Code/Micro-specialization/NVIDIA_CV_Inspection/data/AOI_DL_data_0811/0422918037452/D1_C32.jpg,D1_C32.jpg,"(131, 54, 3)",0422918037452,C32,C,0811
notdefect,/Users/zhangjiawei/Code/Micro-specialization/NVIDIA_CV_Inspection/data/AOI_DL_data_0811/0422918037382/D1_C39.jpg,D1_C39.jpg,"(130, 54, 3)",0422918037382,C39,C,0811
notdefect,/Users/zhangjiawei/Code/Micro-specialization/NVIDIA_CV_Inspection/data/AOI_DL_data_0811/0422918037385/D1_C206.jpg,D1_C206.jpg,"(54, 131, 3)",0422918037385,C206,C,0811
notdefect,/Users/zhangjiawei/Code/Micro-specialization/NVIDIA_CV_Inspection/data/AOI_DL_data_0811/0422718064686/D0_C531.jpg,D0_C531.jpg,"(407, 309, 3)",0422718064686,C531,C,0811
notdefect,/Users/zhangjiawei/Code/Micro-specialization/NVIDIA_CV_Inspection/data/AOI_DL_data_0811/0422918037379/D1_C203.jpg,D1_C203.jpg,"(58, 119, 3)",0422918037379,C203,C,0811
notdefect,/Users/zhangjiawei/Code/Micro-specialization/NVIDIA_CV_Inspection/data/AOI_DL_data_0811/0422918037379/D1_C1087.jpg,D1_C1087.jpg,"(131, 53, 3)",0422918037379,C1087,C,0811
notdefect,/Users/zhangjiawei/Code/Micro-specialization/NVIDIA_CV_Inspection/data/AOI_DL_data_0811/0423118025704/D1_C1090.jpg,D1_C1090.jpg,"(79, 37, 3)",0423118025704,C1090,C,0811
notdefect,/Users/zhangjiawei/Code/Micro-specialization/NVIDIA_CV_Inspection/data/AOI_DL_data_0811/0422718064669/D0_C208.jpg,D0_C208.jpg,"(130, 53, 3)",0422718064669,C208,C,0811
notdefect,/Users/zhangjiawei/Code/Micro-specialization/NVIDIA_CV_Inspection/data/AOI_DL_data_0811/0422918037397/D0_C514.jpg,D0_C514.jpg,"(51, 130, 3)",0422918037397,C514,C,0811
notdefect,/Users/zhangjiawei/Code/Micro-specialization/NVIDIA_CV_Inspection/data/AOI_DL_data_0811/0422918037398/D0_C32.jpg,D0_C32.jpg,"(131, 53, 3)",0422918037398,C32,C,0811
notdefect,/Users/zhangjiawei/Code/Micro-specialization/NVIDIA_CV_Inspection/data/AOI_DL_data_0811/0422918037398/D0_C202.jpg,D0_C202.jpg,"(54, 131, 3)",0422918037398,C202,C,0811
notdefect,/Users/zhangjiawei/Code/Micro-specialization/NVIDIA_CV_Inspection/data/AOI_DL_data_0811/0422918037448/D1_C197.jpg,D1_C197.jpg,"(119, 57, 3)",0422918037448,C197,C,0811
notdefect,/Users/zhangjiawei/Code/Micro-specialization/NVIDIA_CV_Inspection/data/AOI_DL_data_0811/0422718064749/D0_C208.jpg,D0_C208.jpg,"(130, 51, 3)",0422718064749,C208,C,0811
notdefect,/Users/zhangjiawei/Code/Micro-specialization/NVIDIA_CV_Inspection/data/AOI_DL_data_0811/0422718064749/D0_C209.jpg,D0_C209.jpg,"(130, 51, 3)",0422718064749,C209,C,0811
notdefect,/Users/zhangjiawei/Code/Micro-specialization/NVIDIA_CV_Inspection/data/AOI_DL_data_0811/0422718064785/D0_C209.jpg,D0_C209.jpg,"(130, 53, 3)",0422718064785,C209,C,0811
notdefect,/Users/zhangjiawei/Code/Micro-specialization/NVIDIA_CV_Inspection/data/AOI_DL_data_0811/0422918037415/D1_C531.jpg,D1_C531.jpg,"(407, 309, 3)",0422918037415,C531,C,0811
notdefect,/Users/zhangjiawei/Code/Micro-specialization/NVIDIA_CV_Inspection/data/AOI_DL_data_0811/0423118024917/D0_C1214.jpg,D0_C1214.jpg,"(312, 421, 3)",0423118024917,C1214,C,0811
notdefect,/Users/zhangjiawei/Code/Micro-specialization/NVIDIA_CV_Inspection/data/AOI_DL_data_0811/0422918037424/D0_C1087.jpg,D0_C1087.jpg,"(130, 54, 3)",0422918037424,C1087,C,0811
notdefect,/Users/zhangjiawei/Code/Micro-specialization/NVIDIA_CV_Inspection/data/AOI_DL_data_0811/0422918037447/D0_C1085.jpg,D0_C1085.jpg,"(54, 130, 3)",0422918037447,C1085,C,0811
notdefect,/Users/zhangjiawei/Code/Micro-specialization/NVIDIA_CV_Inspection/data/AOI_DL_data_0811/0422918037447/D0_C206.jpg,D0_C206.jpg,"(54, 131, 3)",0422918037447,C206,C,0811
notdefect,/Users/zhangjiawei/Code/Micro-specialization/NVIDIA_CV_Inspection/data/AOI_DL_data_0811/0422718064784/D1_C209.jpg,D1_C209.jpg,"(130, 53, 3)",0422718064784,C209,C,0811
notdefect,/Users/zhangjiawei/Code/Micro-specialization/NVIDIA_CV_Inspection/data/AOI_DL_data_0811/0422718064770/D1_C208.jpg,D1_C208.jpg,"(130, 51, 3)",0422718064770,C208,C,0811
notdefect,/Users/zhangjiawei/Code/Micro-specialization/NVIDIA_CV_Inspection/data/AOI_DL_data_0811/0422718064770/D1_C209.jpg,D1_C209.jpg,"(130, 51, 3)",0422718064770,C209,C,0811
notdefect,/Users/zhangjiawei/Code/Micro-specialization/NVIDIA_CV_Inspection/data/AOI_DL_data_0811/0422918037440/D1_C206.jpg,D1_C206.jpg,"(54, 130, 3)",0422918037440,C206,C,0811
notdefect,/Users/zhangjiawei/Code/Micro-specialization/NVIDIA_CV_Inspection/data/AOI_DL_data_0811/0422918037425/D1_C1087.jpg,D1_C1087.jpg,"(131, 53, 3)",0422918037425,C1087,C,0811
notdefect,/Users/zhangjiawei/Code/Micro-specialization/NVIDIA_CV_Inspection/data/AOI_DL_data_0811/0422918037422/D0_C42.jpg,D0_C42.jpg,"(131, 54, 3)",0422918037422,C42,C,0811
notdefect,/Users/zhangjiawei/Code/Micro-specialization/NVIDIA_CV_Inspection/data/AOI_DL_data_0811/0422918037414/D0_C32.jpg,D0_C32.jpg,"(130, 54, 3)",0422918037414,C32,C,0811
notdefect,/Users/zhangjiawei/Code/Micro-specialization/NVIDIA_CV_Inspection/data/AOI_DL_data_0811/0423218000677/D1_C206.jpg,D1_C206.jpg,"(54, 130, 3)",0423218000677,C206,C,0811
notdefect,/Users/zhangjiawei/Code/Micro-specialization/NVIDIA_CV_Inspection/data/AOI_DL_data_0811/0422918037413/D1_C39.jpg,D1_C39.jpg,"(130, 54, 3)",0422918037413,C39,C,0811
notdefect,/Users/zhangjiawei/Code/Micro-specialization/NVIDIA_CV_Inspection/data/AOI_DL_data_0811/0422918037413/D1_C1087.jpg,D1_C1087.jpg,"(131, 53, 3)",0422918037413,C1087,C,0811
notdefect,/Users/zhangjiawei/Code/Micro-specialization/NVIDIA_CV_Inspection/data/AOI_DL_data_1104/0424018037682/D0_C202.jpg,D0_C202.jpg,"(54, 131, 3)",0424018037682,C202,C,1104
notdefect,/Users/zhangjiawei/Code/Micro-specialization/NVIDIA_CV_Inspection/data/AOI_DL_data_1104/0424018037443/D1_C532.jpg,D1_C532.jpg,"(408, 310, 3)",0424018037443,C532,C,1104
notdefect,/Users/zhangjiawei/Code/Micro-specialization/NVIDIA_CV_Inspection/data/AOI_DL_data_1104/0424018036277/D0_C517.jpg,D0_C517.jpg,"(387, 171, 3)",0424018036277,C517,C,1104
notdefect,/Users/zhangjiawei/Code/Micro-specialization/NVIDIA_CV_Inspection/data/AOI_DL_data_1104/0424018038185/D1_C144.jpg,D1_C144.jpg,"(83, 34, 3)",0424018038185,C144,C,1104
notdefect,/Users/zhangjiawei/Code/Micro-specialization/NVIDIA_CV_Inspection/data/AOI_DL_data_1104/0424018037184/D0_C530.jpg,D0_C530.jpg,"(310, 408, 3)",0424018037184,C530,C,1104
notdefect,/Users/zhangjiawei/Code/Micro-specialization/NVIDIA_CV_Inspection/data/AOI_DL_data_1104/0424018019613/D0_C206.jpg,D0_C206.jpg,"(54, 131, 3)",0424018019613,C206,C,1104
notdefect,/Users/zhangjiawei/Code/Micro-specialization/NVIDIA_CV_Inspection/data/AOI_DL_data_1104/0424018035449/D0_C527.jpg,D0_C527.jpg,"(129, 51, 3)",0424018035449,C527,C,1104
notdefect,/Users/zhangjiawei/Code/Micro-specialization/NVIDIA_CV_Inspection/data/AOI_DL_data_1104/0424018037800/D0_C208.jpg,D0_C208.jpg,"(130, 53, 3)",0424018037800,C208,C,1104
notdefect,/Users/zhangjiawei/Code/Micro-specialization/NVIDIA_CV_Inspection/data/AOI_DL_data_1104/0424018037829/D0_C46.jpg,D0_C46.jpg,"(131, 54, 3)",0424018037829,C46,C,1104
notdefect,/Users/zhangjiawei/Code/Micro-specialization/NVIDIA_CV_Inspection/data/AOI_DL_data_1104/0424018021345/D1_C208.jpg,D1_C208.jpg,"(130, 53, 3)",0424018021345,C208,C,1104
notdefect,/Users/zhangjiawei/Code/Micro-specialization/NVIDIA_CV_Inspection/data/AOI_DL_data_1104/0424018037819/D1_C143.jpg,D1_C143.jpg,"(83, 34, 3)",0424018037819,C143,C,1104
notdefect,/Users/zhangjiawei/Code/Micro-specialization/NVIDIA_CV_Inspection/data/AOI_DL_data_1104/0424018037799/D1_C42.jpg,D1_C42.jpg,"(131, 54, 3)",0424018037799,C42,C,1104
notdefect,/Users/zhangjiawei/Code/Micro-specialization/NVIDIA_CV_Inspection/data/AOI_DL_data_1104/0424018037370/D1_C533.jpg,D1_C533.jpg,"(407, 309, 3)",0424018037370,C533,C,1104
notdefect,/Users/zhangjiawei/Code/Micro-specialization/NVIDIA_CV_Inspection/data/AOI_DL_data_1104/0424118105640/D1_C32.jpg,D1_C32.jpg,"(131, 54, 3)",0424118105640,C32,C,1104
notdefect,/Users/zhangjiawei/Code/Micro-specialization/NVIDIA_CV_Inspection/data/AOI_DL_data_1104/0424018037724/D1_C533.jpg,D1_C533.jpg,"(407, 309, 3)",0424018037724,C533,C,1104
notdefect,/Users/zhangjiawei/Code/Micro-specialization/NVIDIA_CV_Inspection/data/AOI_DL_data_1104/0424018037371/D0_C31.jpg,D0_C31.jpg,"(34, 83, 3)",0424018037371,C31,C,1104
notdefect,/Users/zhangjiawei/Code/Micro-specialization/NVIDIA_CV_Inspection/data/AOI_DL_data_0826/0423318026486/D1_C1090.jpg,D1_C1090.jpg,"(53, 27, 3)",0423318026486,C1090,C,0826
notdefect,/Users/zhangjiawei/Code/Micro-specialization/NVIDIA_CV_Inspection/data/AOI_DL_data_0826/0423318026472/D0_C1090.jpg,D0_C1090.jpg,"(54, 27, 3)",0423318026472,C1090,C,0826
notdefect,/Users/zhangjiawei/Code/Micro-specialization/NVIDIA_CV_Inspection/data/AOI_DL_data_0826/0423318026475/D1_C1090.jpg,D1_C1090.jpg,"(54, 27, 3)",0423318026475,C1090,C,0826
notdefect,/Users/zhangjiawei/Code/Micro-specialization/NVIDIA_CV_Inspection/data/AOI_DL_data_0826/0423318026481/D0_C1090.jpg,D0_C1090.jpg,"(54, 27, 3)",0423318026481,C1090,C,0826
notdefect,/Users/zhangjiawei/Code/Micro-specialization/NVIDIA_CV_Inspection/data/AOI_DL_data_0826/0423318026678/D1_C1090.jpg,D1_C1090.jpg,"(54, 27, 3)",0423318026678,C1090,C,0826
defect,/Users/zhangjiawei/Code/Micro-specialization/NVIDIA_CV_Inspection/data/AOI_DL_data_0826/0423418015035/D0_C126.jpg,D0_C126.jpg,"(22, 57, 3)",0423418015035,C126,C,0826
notdefect,/Users/zhangjiawei/Code/Micro-specialization/NVIDIA_CV_Inspection/data/AOI_DL_data_0826/0423418015035/D0_C1090.jpg,D0_C1090.jpg,"(53, 27, 3)",0423418015035,C1090,C,0826
notdefect,/Users/zhangjiawei/Code/Micro-specialization/NVIDIA_CV_Inspection/data/AOI_DL_data_0826/0423318026443/D0_C1090.jpg,D0_C1090.jpg,"(53, 27, 3)",0423318026443,C1090,C,0826
notdefect,/Users/zhangjiawei/Code/Micro-specialization/NVIDIA_CV_Inspection/data/AOI_DL_data_0826/0423318026671/D0_C1090.jpg,D0_C1090.jpg,"(54, 27, 3)",0423318026671,C1090,C,0826
notdefect,/Users/zhangjiawei/Code/Micro-specialization/NVIDIA_CV_Inspection/data/AOI_DL_data_0826/0423318026685/D0_C1090.jpg,D0_C1090.jpg,"(54, 27, 3)",0423318026685,C1090,C,0826
notdefect,/Users/zhangjiawei/Code/Micro-specialization/NVIDIA_CV_Inspection/data/AOI_DL_data_0826/0423318026682/D1_C1090.jpg,D1_C1090.jpg,"(54, 27, 3)",0423318026682,C1090,C,0826
notdefect,/Users/zhangjiawei/Code/Micro-specialization/NVIDIA_CV_Inspection/data/AOI_DL_data_0826/0423418015092/D1_C1090.jpg,D1_C1090.jpg,"(53, 27, 3)",0423418015092,C1090,C,0826
notdefect,/Users/zhangjiawei/Code/Micro-specialization/NVIDIA_CV_Inspection/data/AOI_DL_data_0826/0423318026428/D1_C1090.jpg,D1_C1090.jpg,"(53, 27, 3)",0423318026428,C1090,C,0826
notdefect,/Users/zhangjiawei/Code/Micro-specialization/NVIDIA_CV_Inspection/data/AOI_DL_data_0826/0423318027393/D1_C524.jpg,D1_C524.jpg,"(282, 208, 3)",0423318027393,C524,C,0826
notdefect,/Users/zhangjiawei/Code/Micro-specialization/NVIDIA_CV_Inspection/data/AOI_DL_data_0826/0423318026625/D1_C1090.jpg,D1_C1090.jpg,"(54, 27, 3)",0423318026625,C1090,C,0826
notdefect,/Users/zhangjiawei/Code/Micro-specialization/NVIDIA_CV_Inspection/data/AOI_DL_data_0826/0423318026613/D1_C1090.jpg,D1_C1090.jpg,"(53, 27, 3)",0423318026613,C1090,C,0826
notdefect,/Users/zhangjiawei/Code/Micro-specialization/NVIDIA_CV_Inspection/data/AOI_DL_data_0826/0423318025406/D1_C1090.jpg,D1_C1090.jpg,"(53, 27, 3)",0423318025406,C1090,C,0826
notdefect,/Users/zhangjiawei/Code/Micro-specialization/NVIDIA_CV_Inspection/data/AOI_DL_data_0826/0423318025406/D1_C48.jpg,D1_C48.jpg,"(94, 175, 3)",0423318025406,C48,C,0826
notdefect,/Users/zhangjiawei/Code/Micro-specialization/NVIDIA_CV_Inspection/data/AOI_DL_data_0826/0423318026419/D0_C1090.jpg,D0_C1090.jpg,"(53, 27, 3)",0423318026419,C1090,C,0826
notdefect,/Users/zhangjiawei/Code/Micro-specialization/NVIDIA_CV_Inspection/data/AOI_DL_data_0826/0423318026677/D0_C1090.jpg,D0_C1090.jpg,"(54, 27, 3)",0423318026677,C1090,C,0826
notdefect,/Users/zhangjiawei/Code/Micro-specialization/NVIDIA_CV_Inspection/data/AOI_DL_data_0826/0423318026683/D0_C1090.jpg,D0_C1090.jpg,"(54, 27, 3)",0423318026683,C1090,C,0826
notdefect,/Users/zhangjiawei/Code/Micro-specialization/NVIDIA_CV_Inspection/data/AOI_DL_data_0826/0423318026670/D1_C1090.jpg,D1_C1090.jpg,"(54, 27, 3)",0423318026670,C1090,C,0826
notdefect,/Users/zhangjiawei/Code/Micro-specialization/NVIDIA_CV_Inspection/data/AOI_DL_data_0826/0423318026480/D0_C1090.jpg,D0_C1090.jpg,"(54, 27, 3)",0423318026480,C1090,C,0826
notdefect,/Users/zhangjiawei/Code/Micro-specialization/NVIDIA_CV_Inspection/data/AOI_DL_data_0826/0423318026473/D0_C1090.jpg,D0_C1090.jpg,"(54, 27, 3)",0423318026473,C1090,C,0826
notdefect,/Users/zhangjiawei/Code/Micro-specialization/NVIDIA_CV_Inspection/data/AOI_DL_data_0826/0423318026418/D1_C1090.jpg,D1_C1090.jpg,"(53, 27, 3)",0423318026418,C1090,C,0826
notdefect,/Users/zhangjiawei/Code/Micro-specialization/NVIDIA_CV_Inspection/data/AOI_DL_data_0826/0423318026427/D0_C1090.jpg,D0_C1090.jpg,"(53, 27, 3)",0423318026427,C1090,C,0826
notdefect,/Users/zhangjiawei/Code/Micro-specialization/NVIDIA_CV_Inspection/data/AOI_DL_data_0826/0423318026612/D0_C1090.jpg,D0_C1090.jpg,"(54, 27, 3)",0423318026612,C1090,C,0826
notdefect,/Users/zhangjiawei/Code/Micro-specialization/NVIDIA_CV_Inspection/data/AOI_DL_data_0826/0423318026429/D0_C1090.jpg,D0_C1090.jpg,"(54, 27, 3)",0423318026429,C1090,C,0826
notdefect,/Users/zhangjiawei/Code/Micro-specialization/NVIDIA_CV_Inspection/data/AOI_DL_data_0826/0423318026624/D0_C1090.jpg,D0_C1090.jpg,"(54, 27, 3)",0423318026624,C1090,C,0826
notdefect,/Users/zhangjiawei/Code/Micro-specialization/NVIDIA_CV_Inspection/data/AOI_DL_data_0826/0423318026411/D0_C1090.jpg,D0_C1090.jpg,"(54, 27, 3)",0423318026411,C1090,C,0826
notdefect,/Users/zhangjiawei/Code/Micro-specialization/NVIDIA_CV_Inspection/data/AOI_DL_data_0826/0423318027418/D1_C1090.jpg,D1_C1090.jpg,"(53, 27, 3)",0423318027418,C1090,C,0826
notdefect,/Users/zhangjiawei/Code/Micro-specialization/NVIDIA_CV_Inspection/data/AOI_DL_data_0826/0423318026368/D0_C1090.jpg,D0_C1090.jpg,"(54, 27, 3)",0423318026368,C1090,C,0826
notdefect,/Users/zhangjiawei/Code/Micro-specialization/NVIDIA_CV_Inspection/data/AOI_DL_data_0826/0423318024256/D1_C1090.jpg,D1_C1090.jpg,"(53, 27, 3)",0423318024256,C1090,C,0826
notdefect,/Users/zhangjiawei/Code/Micro-specialization/NVIDIA_CV_Inspection/data/AOI_DL_data_0826/0423318026733/D1_C1090.jpg,D1_C1090.jpg,"(54, 27, 3)",0423318026733,C1090,C,0826
notdefect,/Users/zhangjiawei/Code/Micro-specialization/NVIDIA_CV_Inspection/data/AOI_DL_data_0826/0423318026734/D0_C1090.jpg,D0_C1090.jpg,"(54, 27, 3)",0423318026734,C1090,C,0826
notdefect,/Users/zhangjiawei/Code/Micro-specialization/NVIDIA_CV_Inspection/data/AOI_DL_data_0826/0423318028653/D0_C48.jpg,D0_C48.jpg,"(94, 175, 3)",0423318028653,C48,C,0826
notdefect,/Users/zhangjiawei/Code/Micro-specialization/NVIDIA_CV_Inspection/data/AOI_DL_data_0826/0423318026702/D0_C1090.jpg,D0_C1090.jpg,"(54, 27, 3)",0423318026702,C1090,C,0826
notdefect,/Users/zhangjiawei/Code/Micro-specialization/NVIDIA_CV_Inspection/data/AOI_DL_data_0826/0423318026366/D0_C1090.jpg,D0_C1090.jpg,"(54, 27, 3)",0423318026366,C1090,C,0826
notdefect,/Users/zhangjiawei/Code/Micro-specialization/NVIDIA_CV_Inspection/data/AOI_DL_data_0826/0423318028654/D1_C1090.jpg,D1_C1090.jpg,"(53, 27, 3)",0423318028654,C1090,C,0826
notdefect,/Users/zhangjiawei/Code/Micro-specialization/NVIDIA_CV_Inspection/data/AOI_DL_data_0826/0423318026705/D1_C136.jpg,D1_C136.jpg,"(23, 56, 3)",0423318026705,C136,C,0826
notdefect,/Users/zhangjiawei/Code/Micro-specialization/NVIDIA_CV_Inspection/data/AOI_DL_data_0826/0423318026705/D1_C1090.jpg,D1_C1090.jpg,"(54, 27, 3)",0423318026705,C1090,C,0826
notdefect,/Users/zhangjiawei/Code/Micro-specialization/NVIDIA_CV_Inspection/data/AOI_DL_data_0826/0423318026553/D1_C219.jpg,D1_C219.jpg,"(39, 84, 3)",0423318026553,C219,C,0826
notdefect,/Users/zhangjiawei/Code/Micro-specialization/NVIDIA_CV_Inspection/data/AOI_DL_data_0826/0423318028655/D0_C157.jpg,D0_C157.jpg,"(23, 57, 3)",0423318028655,C157,C,0826
notdefect,/Users/zhangjiawei/Code/Micro-specialization/NVIDIA_CV_Inspection/data/AOI_DL_data_0826/0423318028655/D0_C153.jpg,D0_C153.jpg,"(23, 57, 3)",0423318028655,C153,C,0826
notdefect,/Users/zhangjiawei/Code/Micro-specialization/NVIDIA_CV_Inspection/data/AOI_DL_data_0826/0423318028655/D0_C147.jpg,D0_C147.jpg,"(22, 57, 3)",0423318028655,C147,C,0826
notdefect,/Users/zhangjiawei/Code/Micro-specialization/NVIDIA_CV_Inspection/data/AOI_DL_data_0826/0423318028655/D0_C131.jpg,D0_C131.jpg,"(23, 57, 3)",0423318028655,C131,C,0826
notdefect,/Users/zhangjiawei/Code/Micro-specialization/NVIDIA_CV_Inspection/data/AOI_DL_data_0826/0423318028655/D0_C117.jpg,D0_C117.jpg,"(23, 57, 3)",0423318028655,C117,C,0826
notdefect,/Users/zhangjiawei/Code/Micro-specialization/NVIDIA_CV_Inspection/data/AOI_DL_data_0826/0423318028655/D0_C1090.jpg,D0_C1090.jpg,"(54, 27, 3)",0423318028655,C1090,C,0826
notdefect,/Users/zhangjiawei/Code/Micro-specialization/NVIDIA_CV_Inspection/data/AOI_DL_data_0826/0423318028655/D0_C138.jpg,D0_C138.jpg,"(23, 57, 3)",0423318028655,C138,C,0826
notdefect,/Users/zhangjiawei/Code/Micro-specialization/NVIDIA_CV_Inspection/data/AOI_DL_data_0826/0423318028655/D0_C148.jpg,D0_C148.jpg,"(23, 57, 3)",0423318028655,C148,C,0826
notdefect,/Users/zhangjiawei/Code/Micro-specialization/NVIDIA_CV_Inspection/data/AOI_DL_data_0826/0423318026360/D0_C1090.jpg,D0_C1090.jpg,"(54, 27, 3)",0423318026360,C1090,C,0826
notdefect,/Users/zhangjiawei/Code/Micro-specialization/NVIDIA_CV_Inspection/data/AOI_DL_data_0826/0423318026367/D1_C1090.jpg,D1_C1090.jpg,"(53, 27, 3)",0423318026367,C1090,C,0826
notdefect,/Users/zhangjiawei/Code/Micro-specialization/NVIDIA_CV_Inspection/data/AOI_DL_data_0826/0423318026367/D1_C48.jpg,D1_C48.jpg,"(94, 175, 3)",0423318026367,C48,C,0826
notdefect,/Users/zhangjiawei/Code/Micro-specialization/NVIDIA_CV_Inspection/data/AOI_DL_data_0826/0423318027087/D0_C1166.jpg,D0_C1166.jpg,"(551, 294, 3)",0423318027087,C1166,C,0826
notdefect,/Users/zhangjiawei/Code/Micro-specialization/NVIDIA_CV_Inspection/data/AOI_DL_data_0826/0423318027087/D0_C1090.jpg,D0_C1090.jpg,"(54, 27, 3)",0423318027087,C1090,C,0826
notdefect,/Users/zhangjiawei/Code/Micro-specialization/NVIDIA_CV_Inspection/data/AOI_DL_data_0826/0423318026735/D1_C1090.jpg,D1_C1090.jpg,"(54, 27, 3)",0423318026735,C1090,C,0826
notdefect,/Users/zhangjiawei/Code/Micro-specialization/NVIDIA_CV_Inspection/data/AOI_DL_data_0826/0423318026369/D1_C1090.jpg,D1_C1090.jpg,"(54, 27, 3)",0423318026369,C1090,C,0826
notdefect,/Users/zhangjiawei/Code/Micro-specialization/NVIDIA_CV_Inspection/data/AOI_DL_data_0826/0423318027419/D0_C1090.jpg,D0_C1090.jpg,"(53, 27, 3)",0423318027419,C1090,C,0826
notdefect,/Users/zhangjiawei/Code/Micro-specialization/NVIDIA_CV_Inspection/data/AOI_DL_data_0826/0423318026732/D0_C530.jpg,D0_C530.jpg,"(207, 272, 3)",0423318026732,C530,C,0826
notdefect,/Users/zhangjiawei/Code/Micro-specialization/NVIDIA_CV_Inspection/data/AOI_DL_data_0826/0423318026732/D0_C1090.jpg,D0_C1090.jpg,"(54, 27, 3)",0423318026732,C1090,C,0826
notdefect,/Users/zhangjiawei/Code/Micro-specialization/NVIDIA_CV_Inspection/data/AOI_DL_data_0826/0423318026374/D0_C1215.jpg,D0_C1215.jpg,"(209, 281, 3)",0423318026374,C1215,C,0826
notdefect,/Users/zhangjiawei/Code/Micro-specialization/NVIDIA_CV_Inspection/data/AOI_DL_data_0826/0423318026374/D0_C1090.jpg,D0_C1090.jpg,"(54, 27, 3)",0423318026374,C1090,C,0826
notdefect,/Users/zhangjiawei/Code/Micro-specialization/NVIDIA_CV_Inspection/data/AOI_DL_data_0826/0423318026374/D0_C511.jpg,D0_C511.jpg,"(209, 281, 3)",0423318026374,C511,C,0826
notdefect,/Users/zhangjiawei/Code/Micro-specialization/NVIDIA_CV_Inspection/data/AOI_DL_data_0826/0423318026710/D0_C1090.jpg,D0_C1090.jpg,"(54, 27, 3)",0423318026710,C1090,C,0826
notdefect,/Users/zhangjiawei/Code/Micro-specialization/NVIDIA_CV_Inspection/data/AOI_DL_data_0826/0423318026717/D1_C1090.jpg,D1_C1090.jpg,"(54, 27, 3)",0423318026717,C1090,C,0826
notdefect,/Users/zhangjiawei/Code/Micro-specialization/NVIDIA_CV_Inspection/data/AOI_DL_data_0826/0423318026373/D1_C1090.jpg,D1_C1090.jpg,"(54, 27, 3)",0423318026373,C1090,C,0826
notdefect,/Users/zhangjiawei/Code/Micro-specialization/NVIDIA_CV_Inspection/data/AOI_DL_data_0826/0423318028646/D1_C1090.jpg,D1_C1090.jpg,"(53, 27, 3)",0423318028646,C1090,C,0826
notdefect,/Users/zhangjiawei/Code/Micro-specialization/NVIDIA_CV_Inspection/data/AOI_DL_data_0826/0423318026728/D0_C1090.jpg,D0_C1090.jpg,"(54, 27, 3)",0423318026728,C1090,C,0826
defect,/Users/zhangjiawei/Code/Micro-specialization/NVIDIA_CV_Inspection/data/AOI_DL_data_0826/0423418014840/D1_C131.jpg,D1_C131.jpg,"(23, 57, 3)",0423418014840,C131,C,0826
notdefect,/Users/zhangjiawei/Code/Micro-specialization/NVIDIA_CV_Inspection/data/AOI_DL_data_0826/0423418014840/D1_C1090.jpg,D1_C1090.jpg,"(54, 27, 3)",0423418014840,C1090,C,0826
notdefect,/Users/zhangjiawei/Code/Micro-specialization/NVIDIA_CV_Inspection/data/AOI_DL_data_0826/0423318026726/D0_C1090.jpg,D0_C1090.jpg,"(54, 27, 3)",0423318026726,C1090,C,0826
notdefect,/Users/zhangjiawei/Code/Micro-specialization/NVIDIA_CV_Inspection/data/AOI_DL_data_0826/0423318024415/D1_C1090.jpg,D1_C1090.jpg,"(54, 27, 3)",0423318024415,C1090,C,0826
notdefect,/Users/zhangjiawei/Code/Micro-specialization/NVIDIA_CV_Inspection/data/AOI_DL_data_0826/0423318024415/D1_C48.jpg,D1_C48.jpg,"(95, 174, 3)",0423318024415,C48,C,0826
notdefect,/Users/zhangjiawei/Code/Micro-specialization/NVIDIA_CV_Inspection/data/AOI_DL_data_0826/0423318025157/D0_C50.jpg,D0_C50.jpg,"(87, 35, 3)",0423318025157,C50,C,0826
notdefect,/Users/zhangjiawei/Code/Micro-specialization/NVIDIA_CV_Inspection/data/AOI_DL_data_0826/0423418015552/D0_C1090.jpg,D0_C1090.jpg,"(53, 27, 3)",0423418015552,C1090,C,0826
defect,/Users/zhangjiawei/Code/Micro-specialization/NVIDIA_CV_Inspection/data/AOI_DL_data_0826/0423418015552/D0_C148.jpg,D0_C148.jpg,"(23, 57, 3)",0423418015552,C148,C,0826
notdefect,/Users/zhangjiawei/Code/Micro-specialization/NVIDIA_CV_Inspection/data/AOI_DL_data_0826/0423318027806/D1_C1090.jpg,D1_C1090.jpg,"(54, 27, 3)",0423318027806,C1090,C,0826
notdefect,/Users/zhangjiawei/Code/Micro-specialization/NVIDIA_CV_Inspection/data/AOI_DL_data_0826/0423318026727/D1_C1090.jpg,D1_C1090.jpg,"(54, 27, 3)",0423318026727,C1090,C,0826
notdefect,/Users/zhangjiawei/Code/Micro-specialization/NVIDIA_CV_Inspection/data/AOI_DL_data_0826/0423318026388/D0_C1090.jpg,D0_C1090.jpg,"(53, 27, 3)",0423318026388,C1090,C,0826
notdefect,/Users/zhangjiawei/Code/Micro-specialization/NVIDIA_CV_Inspection/data/AOI_DL_data_0826/0423318026720/D0_C524.jpg,D0_C524.jpg,"(281, 209, 3)",0423318026720,C524,C,0826
notdefect,/Users/zhangjiawei/Code/Micro-specialization/NVIDIA_CV_Inspection/data/AOI_DL_data_0826/0423318026716/D0_C1090.jpg,D0_C1090.jpg,"(54, 27, 3)",0423318026716,C1090,C,0826
notdefect,/Users/zhangjiawei/Code/Micro-specialization/NVIDIA_CV_Inspection/data/AOI_DL_data_0826/0423318026372/D0_C1090.jpg,D0_C1090.jpg,"(54, 27, 3)",0423318026372,C1090,C,0826
notdefect,/Users/zhangjiawei/Code/Micro-specialization/NVIDIA_CV_Inspection/data/AOI_DL_data_0826/0423318026386/D0_C219.jpg,D0_C219.jpg,"(39, 84, 3)",0423318026386,C219,C,0826
notdefect,/Users/zhangjiawei/Code/Micro-specialization/NVIDIA_CV_Inspection/data/AOI_DL_data_0826/0423318026386/D0_C1090.jpg,D0_C1090.jpg,"(54, 27, 3)",0423318026386,C1090,C,0826
notdefect,/Users/zhangjiawei/Code/Micro-specialization/NVIDIA_CV_Inspection/data/AOI_DL_data_0826/0423318026375/D1_C524.jpg,D1_C524.jpg,"(281, 209, 3)",0423318026375,C524,C,0826
notdefect,/Users/zhangjiawei/Code/Micro-specialization/NVIDIA_CV_Inspection/data/AOI_DL_data_0826/0423318026375/D1_C1214.jpg,D1_C1214.jpg,"(209, 281, 3)",0423318026375,C1214,C,0826
notdefect,/Users/zhangjiawei/Code/Micro-specialization/NVIDIA_CV_Inspection/data/AOI_DL_data_0826/0423318026375/D1_C1215.jpg,D1_C1215.jpg,"(209, 281, 3)",0423318026375,C1215,C,0826
notdefect,/Users/zhangjiawei/Code/Micro-specialization/NVIDIA_CV_Inspection/data/AOI_DL_data_0826/0423318026375/D1_C1090.jpg,D1_C1090.jpg,"(54, 27, 3)",0423318026375,C1090,C,0826
notdefect,/Users/zhangjiawei/Code/Micro-specialization/NVIDIA_CV_Inspection/data/AOI_DL_data_0826/0423318028419/D0_C137.jpg,D0_C137.jpg,"(23, 57, 3)",0423318028419,C137,C,0826
notdefect,/Users/zhangjiawei/Code/Micro-specialization/NVIDIA_CV_Inspection/data/AOI_DL_data_0826/0423318026433/D0_C1214.jpg,D0_C1214.jpg,"(209, 282, 3)",0423318026433,C1214,C,0826
notdefect,/Users/zhangjiawei/Code/Micro-specialization/NVIDIA_CV_Inspection/data/AOI_DL_data_0826/0423318026433/D0_C1090.jpg,D0_C1090.jpg,"(53, 27, 3)",0423318026433,C1090,C,0826
notdefect,/Users/zhangjiawei/Code/Micro-specialization/NVIDIA_CV_Inspection/data/AOI_DL_data_0826/0423318027388/D0_C1090.jpg,D0_C1090.jpg,"(54, 27, 3)",0423318027388,C1090,C,0826
notdefect,/Users/zhangjiawei/Code/Micro-specialization/NVIDIA_CV_Inspection/data/AOI_DL_data_0826/0423318027388/D0_C48.jpg,D0_C48.jpg,"(94, 175, 3)",0423318027388,C48,C,0826
notdefect,/Users/zhangjiawei/Code/Micro-specialization/NVIDIA_CV_Inspection/data/AOI_DL_data_0826/0423318026434/D1_C1090.jpg,D1_C1090.jpg,"(53, 27, 3)",0423318026434,C1090,C,0826
notdefect,/Users/zhangjiawei/Code/Micro-specialization/NVIDIA_CV_Inspection/data/AOI_DL_data_0826/0423318027386/D0_C1090.jpg,D0_C1090.jpg,"(53, 27, 3)",0423318027386,C1090,C,0826
notdefect,/Users/zhangjiawei/Code/Micro-specialization/NVIDIA_CV_Inspection/data/AOI_DL_data_0826/0423318027381/D1_C1090.jpg,D1_C1090.jpg,"(53, 27, 3)",0423318027381,C1090,C,0826
notdefect,/Users/zhangjiawei/Code/Micro-specialization/NVIDIA_CV_Inspection/data/AOI_DL_data_0826/0423318026608/D0_C1090.jpg,D0_C1090.jpg,"(54, 27, 3)",0423318026608,C1090,C,0826
notdefect,/Users/zhangjiawei/Code/Micro-specialization/NVIDIA_CV_Inspection/data/AOI_DL_data_0826/0423318026690/D0_C1090.jpg,D0_C1090.jpg,"(54, 27, 3)",0423318026690,C1090,C,0826
notdefect,/Users/zhangjiawei/Code/Micro-specialization/NVIDIA_CV_Inspection/data/AOI_DL_data_0826/0423318026699/D1_C1090.jpg,D1_C1090.jpg,"(53, 27, 3)",0423318026699,C1090,C,0826
notdefect,/Users/zhangjiawei/Code/Micro-specialization/NVIDIA_CV_Inspection/data/AOI_DL_data_0826/0423318026460/D1_C1090.jpg,D1_C1090.jpg,"(54, 27, 3)",0423318026460,C1090,C,0826
notdefect,/Users/zhangjiawei/Code/Micro-specialization/NVIDIA_CV_Inspection/data/AOI_DL_data_0826/0423318026460/D1_C48.jpg,D1_C48.jpg,"(94, 175, 3)",0423318026460,C48,C,0826
notdefect,/Users/zhangjiawei/Code/Micro-specialization/NVIDIA_CV_Inspection/data/AOI_DL_data_0826/0423318024105/D1_C1090.jpg,D1_C1090.jpg,"(53, 27, 3)",0423318024105,C1090,C,0826
notdefect,/Users/zhangjiawei/Code/Micro-specialization/NVIDIA_CV_Inspection/data/AOI_DL_data_0826/0423318026458/D0_C1090.jpg,D0_C1090.jpg,"(54, 27, 3)",0423318026458,C1090,C,0826
notdefect,/Users/zhangjiawei/Code/Micro-specialization/NVIDIA_CV_Inspection/data/AOI_DL_data_0826/0423318026467/D0_C1090.jpg,D0_C1090.jpg,"(54, 27, 3)",0423318026467,C1090,C,0826
notdefect,/Users/zhangjiawei/Code/Micro-specialization/NVIDIA_CV_Inspection/data/AOI_DL_data_0826/0423318027380/D0_C1090.jpg,D0_C1090.jpg,"(54, 27, 3)",0423318027380,C1090,C,0826
notdefect,/Users/zhangjiawei/Code/Micro-specialization/NVIDIA_CV_Inspection/data/AOI_DL_data_0826/0423318026609/D1_C211.jpg,D1_C211.jpg,"(39, 84, 3)",0423318026609,C211,C,0826
notdefect,/Users/zhangjiawei/Code/Micro-specialization/NVIDIA_CV_Inspection/data/AOI_DL_data_0826/0423318027387/D1_C162.jpg,D1_C162.jpg,"(22, 57, 3)",0423318027387,C162,C,0826
notdefect,/Users/zhangjiawei/Code/Micro-specialization/NVIDIA_CV_Inspection/data/AOI_DL_data_0826/0423318026403/D0_C1090.jpg,D0_C1090.jpg,"(54, 27, 3)",0423318026403,C1090,C,0826
notdefect,/Users/zhangjiawei/Code/Micro-specialization/NVIDIA_CV_Inspection/data/AOI_DL_data_0826/0423318026435/D0_C1214.jpg,D0_C1214.jpg,"(208, 282, 3)",0423318026435,C1214,C,0826
notdefect,/Users/zhangjiawei/Code/Micro-specialization/NVIDIA_CV_Inspection/data/AOI_DL_data_0826/0423318026435/D0_C1215.jpg,D0_C1215.jpg,"(208, 281, 3)",0423318026435,C1215,C,0826
notdefect,/Users/zhangjiawei/Code/Micro-specialization/NVIDIA_CV_Inspection/data/AOI_DL_data_0826/0423318026435/D0_C524.jpg,D0_C524.jpg,"(282, 208, 3)",0423318026435,C524,C,0826
notdefect,/Users/zhangjiawei/Code/Micro-specialization/NVIDIA_CV_Inspection/data/AOI_DL_data_0826/0423318026435/D0_C1090.jpg,D0_C1090.jpg,"(54, 27, 3)",0423318026435,C1090,C,0826
notdefect,/Users/zhangjiawei/Code/Micro-specialization/NVIDIA_CV_Inspection/data/AOI_DL_data_0826/0423318026435/D0_C511.jpg,D0_C511.jpg,"(209, 281, 3)",0423318026435,C511,C,0826
notdefect,/Users/zhangjiawei/Code/Micro-specialization/NVIDIA_CV_Inspection/data/AOI_DL_data_0826/0423318027389/D1_C1090.jpg,D1_C1090.jpg,"(54, 27, 3)",0423318027389,C1090,C,0826
notdefect,/Users/zhangjiawei/Code/Micro-specialization/NVIDIA_CV_Inspection/data/AOI_DL_data_0826/0423318026459/D0_C1090.jpg,D0_C1090.jpg,"(54, 27, 3)",0423318026459,C1090,C,0826
notdefect,/Users/zhangjiawei/Code/Micro-specialization/NVIDIA_CV_Inspection/data/AOI_DL_data_0826/0423318026466/D0_C1090.jpg,D0_C1090.jpg,"(54, 27, 3)",0423318026466,C1090,C,0826
notdefect,/Users/zhangjiawei/Code/Micro-specialization/NVIDIA_CV_Inspection/data/AOI_DL_data_0826/0423318028392/D1_C136.jpg,D1_C136.jpg,"(22, 56, 3)",0423318028392,C136,C,0826
notdefect,/Users/zhangjiawei/Code/Micro-specialization/NVIDIA_CV_Inspection/data/AOI_DL_data_0826/0423318028392/D1_C1090.jpg,D1_C1090.jpg,"(53, 27, 3)",0423318028392,C1090,C,0826
notdefect,/Users/zhangjiawei/Code/Micro-specialization/NVIDIA_CV_Inspection/data/AOI_DL_data_0826/0423318026698/D0_C1090.jpg,D0_C1090.jpg,"(53, 27, 3)",0423318026698,C1090,C,0826
notdefect,/Users/zhangjiawei/Code/Micro-specialization/NVIDIA_CV_Inspection/data/AOI_DL_data_0826/0423318028366/D1_C1090.jpg,D1_C1090.jpg,"(53, 27, 3)",0423318028366,C1090,C,0826
notdefect,/Users/zhangjiawei/Code/Micro-specialization/NVIDIA_CV_Inspection/data/AOI_DL_data_0826/0423318026461/D1_C1090.jpg,D1_C1090.jpg,"(53, 27, 3)",0423318026461,C1090,C,0826
notdefect,/Users/zhangjiawei/Code/Micro-specialization/NVIDIA_CV_Inspection/data/AOI_DL_data_0826/0423318026495/D1_C1090.jpg,D1_C1090.jpg,"(53, 27, 3)",0423318026495,C1090,C,0826
notdefect,/Users/zhangjiawei/Code/Micro-specialization/NVIDIA_CV_Inspection/data/AOI_DL_data_0826/0423318026495/D1_C215.jpg,D1_C215.jpg,"(39, 84, 3)",0423318026495,C215,C,0826
notdefect,/Users/zhangjiawei/Code/Micro-specialization/NVIDIA_CV_Inspection/data/AOI_DL_data_0826/0423318026468/D1_C1090.jpg,D1_C1090.jpg,"(54, 27, 3)",0423318026468,C1090,C,0826
notdefect,/Users/zhangjiawei/Code/Micro-specialization/NVIDIA_CV_Inspection/data/AOI_DL_data_0826/0423318026457/D1_C1090.jpg,D1_C1090.jpg,"(53, 27, 3)",0423318026457,C1090,C,0826
notdefect,/Users/zhangjiawei/Code/Micro-specialization/NVIDIA_CV_Inspection/data/AOI_DL_data_0826/0423318026691/D1_C1090.jpg,D1_C1090.jpg,"(54, 27, 3)",0423318026691,C1090,C,0826
notdefect,/Users/zhangjiawei/Code/Micro-specialization/NVIDIA_CV_Inspection/data/AOI_DL_data_0826/0423318028368/D1_C1090.jpg,D1_C1090.jpg,"(54, 27, 3)",0423318028368,C1090,C,0826
notdefect,/Users/zhangjiawei/Code/Micro-specialization/NVIDIA_CV_Inspection/data/AOI_DL_data_0826/0423318027390/D0_C1090.jpg,D0_C1090.jpg,"(54, 27, 3)",0423318027390,C1090,C,0826
notdefect,/Users/zhangjiawei/Code/Micro-specialization/NVIDIA_CV_Inspection/data/AOI_DL_data_0826/0423318026414/D1_C1090.jpg,D1_C1090.jpg,"(53, 27, 3)",0423318026414,C1090,C,0826
notdefect,/Users/zhangjiawei/Code/Micro-specialization/NVIDIA_CV_Inspection/data/AOI_DL_data_0826/0423318026621/D0_C1090.jpg,D0_C1090.jpg,"(54, 27, 3)",0423318026621,C1090,C,0826
notdefect,/Users/zhangjiawei/Code/Micro-specialization/NVIDIA_CV_Inspection/data/AOI_DL_data_0826/0423318026628/D0_C1090.jpg,D0_C1090.jpg,"(54, 27, 3)",0423318026628,C1090,C,0826
notdefect,/Users/zhangjiawei/Code/Micro-specialization/NVIDIA_CV_Inspection/data/AOI_DL_data_0826/0423318026617/D0_C1090.jpg,D0_C1090.jpg,"(54, 27, 3)",0423318026617,C1090,C,0826
notdefect,/Users/zhangjiawei/Code/Micro-specialization/NVIDIA_CV_Inspection/data/AOI_DL_data_0826/0423318026476/D0_C1090.jpg,D0_C1090.jpg,"(54, 27, 3)",0423318026476,C1090,C,0826
notdefect,/Users/zhangjiawei/Code/Micro-specialization/NVIDIA_CV_Inspection/data/AOI_DL_data_0826/0423318026449/D0_C1090.jpg,D0_C1090.jpg,"(53, 27, 3)",0423318026449,C1090,C,0826
notdefect,/Users/zhangjiawei/Code/Micro-specialization/NVIDIA_CV_Inspection/data/AOI_DL_data_0826/0423318026449/D0_C164.jpg,D0_C164.jpg,"(23, 56, 3)",0423318026449,C164,C,0826
notdefect,/Users/zhangjiawei/Code/Micro-specialization/NVIDIA_CV_Inspection/data/AOI_DL_data_0826/0423318026485/D0_C1090.jpg,D0_C1090.jpg,"(54, 27, 3)",0423318026485,C1090,C,0826
notdefect,/Users/zhangjiawei/Code/Micro-specialization/NVIDIA_CV_Inspection/data/AOI_DL_data_0826/0423318028376/D1_C1090.jpg,D1_C1090.jpg,"(53, 27, 3)",0423318028376,C1090,C,0826
notdefect,/Users/zhangjiawei/Code/Micro-specialization/NVIDIA_CV_Inspection/data/AOI_DL_data_0826/0423318026688/D0_C1090.jpg,D0_C1090.jpg,"(53, 27, 3)",0423318026688,C1090,C,0826
notdefect,/Users/zhangjiawei/Code/Micro-specialization/NVIDIA_CV_Inspection/data/AOI_DL_data_0826/0423318026681/D0_C1090.jpg,D0_C1090.jpg,"(54, 27, 3)",0423318026681,C1090,C,0826
notdefect,/Users/zhangjiawei/Code/Micro-specialization/NVIDIA_CV_Inspection/data/AOI_DL_data_0826/0423318026447/D0_C1090.jpg,D0_C1090.jpg,"(54, 27, 3)",0423318026447,C1090,C,0826
notdefect,/Users/zhangjiawei/Code/Micro-specialization/NVIDIA_CV_Inspection/data/AOI_DL_data_0826/0423318026675/D0_C1090.jpg,D0_C1090.jpg,"(54, 27, 3)",0423318026675,C1090,C,0826
notdefect,/Users/zhangjiawei/Code/Micro-specialization/NVIDIA_CV_Inspection/data/AOI_DL_data_0826/0423318026478/D1_C1090.jpg,D1_C1090.jpg,"(54, 27, 3)",0423318026478,C1090,C,0826
notdefect,/Users/zhangjiawei/Code/Micro-specialization/NVIDIA_CV_Inspection/data/AOI_DL_data_0826/0423318026686/D1_C1090.jpg,D1_C1090.jpg,"(54, 27, 3)",0423318026686,C1090,C,0826
notdefect,/Users/zhangjiawei/Code/Micro-specialization/NVIDIA_CV_Inspection/data/AOI_DL_data_0826/0423318028378/D1_C1090.jpg,D1_C1090.jpg,"(54, 27, 3)",0423318028378,C1090,C,0826
notdefect,/Users/zhangjiawei/Code/Micro-specialization/NVIDIA_CV_Inspection/data/AOI_DL_data_0826/0423318027398/D1_C1090.jpg,D1_C1090.jpg,"(54, 27, 3)",0423318027398,C1090,C,0826
notdefect,/Users/zhangjiawei/Code/Micro-specialization/NVIDIA_CV_Inspection/data/AOI_DL_data_0826/0423318024945/D1_C136.jpg,D1_C136.jpg,"(23, 57, 3)",0423318024945,C136,C,0826
defect,/Users/zhangjiawei/Code/Micro-specialization/NVIDIA_CV_Inspection/data/AOI_DL_data_0826/0423418014187/D0_C147.jpg,D0_C147.jpg,"(23, 57, 3)",0423418014187,C147,C,0826
notdefect,/Users/zhangjiawei/Code/Micro-specialization/NVIDIA_CV_Inspection/data/AOI_DL_data_0826/0423418014187/D0_C1090.jpg,D0_C1090.jpg,"(54, 27, 3)",0423418014187,C1090,C,0826
notdefect,/Users/zhangjiawei/Code/Micro-specialization/NVIDIA_CV_Inspection/data/AOI_DL_data_0826/0423318026629/D1_C1090.jpg,D1_C1090.jpg,"(54, 27, 3)",0423318026629,C1090,C,0826
notdefect,/Users/zhangjiawei/Code/Micro-specialization/NVIDIA_CV_Inspection/data/AOI_DL_data_0826/0423318026616/D1_C1090.jpg,D1_C1090.jpg,"(54, 27, 3)",0423318026616,C1090,C,0826
defect,/Users/zhangjiawei/Code/Micro-specialization/NVIDIA_CV_Inspection/data/AOI_DL_data_0826/0423418017357/D1_C139.jpg,D1_C139.jpg,"(22, 57, 3)",0423418017357,C139,C,0826
notdefect,/Users/zhangjiawei/Code/Micro-specialization/NVIDIA_CV_Inspection/data/AOI_DL_data_0826/0423418017357/D1_C1090.jpg,D1_C1090.jpg,"(53, 27, 3)",0423418017357,C1090,C,0826
notdefect,/Users/zhangjiawei/Code/Micro-specialization/NVIDIA_CV_Inspection/data/AOI_DL_data_0826/0423318026415/D0_C1090.jpg,D0_C1090.jpg,"(54, 27, 3)",0423318026415,C1090,C,0826
notdefect,/Users/zhangjiawei/Code/Micro-specialization/NVIDIA_CV_Inspection/data/AOI_DL_data_0826/0423318026687/D1_C1090.jpg,D1_C1090.jpg,"(53, 27, 3)",0423318026687,C1090,C,0826
notdefect,/Users/zhangjiawei/Code/Micro-specialization/NVIDIA_CV_Inspection/data/AOI_DL_data_0826/0423318026673/D1_C1090.jpg,D1_C1090.jpg,"(53, 27, 3)",0423318026673,C1090,C,0826
notdefect,/Users/zhangjiawei/Code/Micro-specialization/NVIDIA_CV_Inspection/data/AOI_DL_data_0826/0423318026673/D1_C162.jpg,D1_C162.jpg,"(22, 57, 3)",0423318026673,C162,C,0826
notdefect,/Users/zhangjiawei/Code/Micro-specialization/NVIDIA_CV_Inspection/data/AOI_DL_data_0826/0423318026674/D0_C1090.jpg,D0_C1090.jpg,"(54, 27, 3)",0423318026674,C1090,C,0826
notdefect,/Users/zhangjiawei/Code/Micro-specialization/NVIDIA_CV_Inspection/data/AOI_DL_data_0826/0423318026446/D1_C1090.jpg,D1_C1090.jpg,"(54, 27, 3)",0423318026446,C1090,C,0826
notdefect,/Users/zhangjiawei/Code/Micro-specialization/NVIDIA_CV_Inspection/data/AOI_DL_data_0826/0423318026479/D1_C1090.jpg,D1_C1090.jpg,"(54, 27, 3)",0423318026479,C1090,C,0826
notdefect,/Users/zhangjiawei/Code/Micro-specialization/NVIDIA_CV_Inspection/data/AOI_DL_data_0826/0423318026484/D0_C1090.jpg,D0_C1090.jpg,"(53, 27, 3)",0423318026484,C1090,C,0826
notdefect,/Users/zhangjiawei/Code/Micro-specialization/NVIDIA_CV_Inspection/data/AOI_DL_data_0826/0423318026689/D0_C1090.jpg,D0_C1090.jpg,"(54, 27, 3)",0423318026689,C1090,C,0826
notdefect,/Users/zhangjiawei/Code/Micro-specialization/NVIDIA_CV_Inspection/data/AOI_DL_data_0826/0423318026483/D1_C1090.jpg,D1_C1090.jpg,"(53, 27, 3)",0423318026483,C1090,C,0826
notdefect,/Users/zhangjiawei/Code/Micro-specialization/NVIDIA_CV_Inspection/data/AOI_DL_data_0826/0423318026477/D0_C1090.jpg,D0_C1090.jpg,"(54, 27, 3)",0423318026477,C1090,C,0826
notdefect,/Users/zhangjiawei/Code/Micro-specialization/NVIDIA_CV_Inspection/data/AOI_DL_data_0826/0423318026448/D1_C1090.jpg,D1_C1090.jpg,"(54, 27, 3)",0423318026448,C1090,C,0826
notdefect,/Users/zhangjiawei/Code/Micro-specialization/NVIDIA_CV_Inspection/data/AOI_DL_data_0826/0423318026448/D1_C162.jpg,D1_C162.jpg,"(23, 57, 3)",0423318026448,C162,C,0826
notdefect,/Users/zhangjiawei/Code/Micro-specialization/NVIDIA_CV_Inspection/data/AOI_DL_data_0826/0423318026708/D0_C1090.jpg,D0_C1090.jpg,"(54, 27, 3)",0423318026708,C1090,C,0826
notdefect,/Users/zhangjiawei/Code/Micro-specialization/NVIDIA_CV_Inspection/data/AOI_DL_data_0826/0423318026730/D0_C1090.jpg,D0_C1090.jpg,"(54, 27, 3)",0423318026730,C1090,C,0826
notdefect,/Users/zhangjiawei/Code/Micro-specialization/NVIDIA_CV_Inspection/data/AOI_DL_data_0826/0423318027412/D1_C524.jpg,D1_C524.jpg,"(281, 209, 3)",0423318027412,C524,C,0826
notdefect,/Users/zhangjiawei/Code/Micro-specialization/NVIDIA_CV_Inspection/data/AOI_DL_data_0826/0423318027412/D1_C1090.jpg,D1_C1090.jpg,"(53, 27, 3)",0423318027412,C1090,C,0826
notdefect,/Users/zhangjiawei/Code/Micro-specialization/NVIDIA_CV_Inspection/data/AOI_DL_data_0826/0423318027412/D1_C48.jpg,D1_C48.jpg,"(95, 175, 3)",0423318027412,C48,C,0826
notdefect,/Users/zhangjiawei/Code/Micro-specialization/NVIDIA_CV_Inspection/data/AOI_DL_data_0826/0423318026362/D0_C1090.jpg,D0_C1090.jpg,"(54, 27, 3)",0423318026362,C1090,C,0826
notdefect,/Users/zhangjiawei/Code/Micro-specialization/NVIDIA_CV_Inspection/data/AOI_DL_data_0826/0423318026706/D0_C1090.jpg,D0_C1090.jpg,"(53, 27, 3)",0423318026706,C1090,C,0826
notdefect,/Users/zhangjiawei/Code/Micro-specialization/NVIDIA_CV_Inspection/data/AOI_DL_data_0826/0423318026365/D1_C1090.jpg,D1_C1090.jpg,"(54, 27, 3)",0423318026365,C1090,C,0826
notdefect,/Users/zhangjiawei/Code/Micro-specialization/NVIDIA_CV_Inspection/data/AOI_DL_data_0826/0423318026700/D0_C1090.jpg,D0_C1090.jpg,"(53, 27, 3)",0423318026700,C1090,C,0826
notdefect,/Users/zhangjiawei/Code/Micro-specialization/NVIDIA_CV_Inspection/data/AOI_DL_data_0826/0423318026364/D0_C1090.jpg,D0_C1090.jpg,"(54, 27, 3)",0423318026364,C1090,C,0826
notdefect,/Users/zhangjiawei/Code/Micro-specialization/NVIDIA_CV_Inspection/data/AOI_DL_data_0826/0423318026363/D1_C1090.jpg,D1_C1090.jpg,"(54, 27, 3)",0423318026363,C1090,C,0826
defect,/Users/zhangjiawei/Code/Micro-specialization/NVIDIA_CV_Inspection/data/AOI_DL_data_0826/0423418015143/D0_C153.jpg,D0_C153.jpg,"(23, 57, 3)",0423418015143,C153,C,0826
notdefect,/Users/zhangjiawei/Code/Micro-specialization/NVIDIA_CV_Inspection/data/AOI_DL_data_0826/0423418015143/D0_C1090.jpg,D0_C1090.jpg,"(54, 27, 3)",0423418015143,C1090,C,0826
notdefect,/Users/zhangjiawei/Code/Micro-specialization/NVIDIA_CV_Inspection/data/AOI_DL_data_0826/0423318026731/D1_C1090.jpg,D1_C1090.jpg,"(53, 27, 3)",0423318026731,C1090,C,0826
notdefect,/Users/zhangjiawei/Code/Micro-specialization/NVIDIA_CV_Inspection/data/AOI_DL_data_0826/0423318026709/D1_C1090.jpg,D1_C1090.jpg,"(54, 27, 3)",0423318026709,C1090,C,0826
notdefect,/Users/zhangjiawei/Code/Micro-specialization/NVIDIA_CV_Inspection/data/AOI_DL_data_0826/0423318026384/D0_C1090.jpg,D0_C1090.jpg,"(54, 27, 3)",0423318026384,C1090,C,0826
notdefect,/Users/zhangjiawei/Code/Micro-specialization/NVIDIA_CV_Inspection/data/AOI_DL_data_0826/0423318026384/D0_C48.jpg,D0_C48.jpg,"(94, 175, 3)",0423318026384,C48,C,0826
notdefect,/Users/zhangjiawei/Code/Micro-specialization/NVIDIA_CV_Inspection/data/AOI_DL_data_0826/0423318026714/D0_C1090.jpg,D0_C1090.jpg,"(53, 27, 3)",0423318026714,C1090,C,0826
notdefect,/Users/zhangjiawei/Code/Micro-specialization/NVIDIA_CV_Inspection/data/AOI_DL_data_0826/0423318026713/D1_C1090.jpg,D1_C1090.jpg,"(54, 27, 3)",0423318026713,C1090,C,0826
notdefect,/Users/zhangjiawei/Code/Micro-specialization/NVIDIA_CV_Inspection/data/AOI_DL_data_0826/0423318028446/D1_C1090.jpg,D1_C1090.jpg,"(53, 27, 3)",0423318028446,C1090,C,0826
notdefect,/Users/zhangjiawei/Code/Micro-specialization/NVIDIA_CV_Inspection/data/AOI_DL_data_0826/0423318026722/D0_C1090.jpg,D0_C1090.jpg,"(54, 27, 3)",0423318026722,C1090,C,0826
notdefect,/Users/zhangjiawei/Code/Micro-specialization/NVIDIA_CV_Inspection/data/AOI_DL_data_0826/0423318026723/D1_C1090.jpg,D1_C1090.jpg,"(53, 27, 3)",0423318026723,C1090,C,0826
notdefect,/Users/zhangjiawei/Code/Micro-specialization/NVIDIA_CV_Inspection/data/AOI_DL_data_0826/0423318026376/D0_C1090.jpg,D0_C1090.jpg,"(54, 27, 3)",0423318026376,C1090,C,0826
notdefect,/Users/zhangjiawei/Code/Micro-specialization/NVIDIA_CV_Inspection/data/AOI_DL_data_0826/0423318026712/D0_C1090.jpg,D0_C1090.jpg,"(54, 27, 3)",0423318026712,C1090,C,0826
notdefect,/Users/zhangjiawei/Code/Micro-specialization/NVIDIA_CV_Inspection/data/AOI_DL_data_0826/0423318026712/D0_C48.jpg,D0_C48.jpg,"(94, 175, 3)",0423318026712,C48,C,0826
notdefect,/Users/zhangjiawei/Code/Micro-specialization/NVIDIA_CV_Inspection/data/AOI_DL_data_0826/0423318026385/D1_C1090.jpg,D1_C1090.jpg,"(54, 27, 3)",0423318026385,C1090,C,0826
notdefect,/Users/zhangjiawei/Code/Micro-specialization/NVIDIA_CV_Inspection/data/AOI_DL_data_0826/0423318026693/D1_C1090.jpg,D1_C1090.jpg,"(54, 27, 3)",0423318026693,C1090,C,0826
notdefect,/Users/zhangjiawei/Code/Micro-specialization/NVIDIA_CV_Inspection/data/AOI_DL_data_0826/0423318026669/D0_C1090.jpg,D0_C1090.jpg,"(54, 27, 3)",0423318026669,C1090,C,0826
notdefect,/Users/zhangjiawei/Code/Micro-specialization/NVIDIA_CV_Inspection/data/AOI_DL_data_0826/0423318026490/D0_C1090.jpg,D0_C1090.jpg,"(54, 27, 3)",0423318026490,C1090,C,0826
notdefect,/Users/zhangjiawei/Code/Micro-specialization/NVIDIA_CV_Inspection/data/AOI_DL_data_0826/0423318026463/D0_C1090.jpg,D0_C1090.jpg,"(54, 27, 3)",0423318026463,C1090,C,0826
notdefect,/Users/zhangjiawei/Code/Micro-specialization/NVIDIA_CV_Inspection/data/AOI_DL_data_0826/0423318027378/D0_C1090.jpg,D0_C1090.jpg,"(54, 27, 3)",0423318027378,C1090,C,0826
notdefect,/Users/zhangjiawei/Code/Micro-specialization/NVIDIA_CV_Inspection/data/AOI_DL_data_0826/0423318026408/D1_C1090.jpg,D1_C1090.jpg,"(53, 27, 3)",0423318026408,C1090,C,0826
notdefect,/Users/zhangjiawei/Code/Micro-specialization/NVIDIA_CV_Inspection/data/AOI_DL_data_0826/0423318026602/D0_C1090.jpg,D0_C1090.jpg,"(53, 27, 3)",0423318026602,C1090,C,0826
notdefect,/Users/zhangjiawei/Code/Micro-specialization/NVIDIA_CV_Inspection/data/AOI_DL_data_0826/0423318027382/D0_C1090.jpg,D0_C1090.jpg,"(54, 27, 3)",0423318027382,C1090,C,0826
notdefect,/Users/zhangjiawei/Code/Micro-specialization/NVIDIA_CV_Inspection/data/AOI_DL_data_0826/0423318027382/D0_C48.jpg,D0_C48.jpg,"(94, 175, 3)",0423318027382,C48,C,0826
notdefect,/Users/zhangjiawei/Code/Micro-specialization/NVIDIA_CV_Inspection/data/AOI_DL_data_0826/0423318026439/D0_C1090.jpg,D0_C1090.jpg,"(54, 27, 3)",0423318026439,C1090,C,0826
notdefect,/Users/zhangjiawei/Code/Micro-specialization/NVIDIA_CV_Inspection/data/AOI_DL_data_0826/0423318026462/D0_C1090.jpg,D0_C1090.jpg,"(54, 27, 3)",0423318026462,C1090,C,0826
notdefect,/Users/zhangjiawei/Code/Micro-specialization/NVIDIA_CV_Inspection/data/AOI_DL_data_0826/0423318026462/D0_C162.jpg,D0_C162.jpg,"(22, 57, 3)",0423318026462,C162,C,0826
notdefect,/Users/zhangjiawei/Code/Micro-specialization/NVIDIA_CV_Inspection/data/AOI_DL_data_0826/0423318026496/D0_C1090.jpg,D0_C1090.jpg,"(53, 27, 3)",0423318026496,C1090,C,0826
notdefect,/Users/zhangjiawei/Code/Micro-specialization/NVIDIA_CV_Inspection/data/AOI_DL_data_0826/0423318028362/D1_C1090.jpg,D1_C1090.jpg,"(54, 27, 3)",0423318028362,C1090,C,0826
notdefect,/Users/zhangjiawei/Code/Micro-specialization/NVIDIA_CV_Inspection/data/AOI_DL_data_0826/0423318026465/D1_C1090.jpg,D1_C1090.jpg,"(54, 27, 3)",0423318026465,C1090,C,0826
notdefect,/Users/zhangjiawei/Code/Micro-specialization/NVIDIA_CV_Inspection/data/AOI_DL_data_0826/0423318026453/D0_C1090.jpg,D0_C1090.jpg,"(53, 27, 3)",0423318026453,C1090,C,0826
notdefect,/Users/zhangjiawei/Code/Micro-specialization/NVIDIA_CV_Inspection/data/AOI_DL_data_0826/0423418014907/D0_C524.jpg,D0_C524.jpg,"(281, 209, 3)",0423418014907,C524,C,0826
notdefect,/Users/zhangjiawei/Code/Micro-specialization/NVIDIA_CV_Inspection/data/AOI_DL_data_0826/0423318024303/D0_C511.jpg,D0_C511.jpg,"(209, 282, 3)",0423318024303,C511,C,0826
notdefect,/Users/zhangjiawei/Code/Micro-specialization/NVIDIA_CV_Inspection/data/AOI_DL_data_0826/0423318024303/D1_C1090.jpg,D1_C1090.jpg,"(54, 27, 3)",0423318024303,C1090,C,0826
notdefect,/Users/zhangjiawei/Code/Micro-specialization/NVIDIA_CV_Inspection/data/AOI_DL_data_0826/0423318027384/D0_C1090.jpg,D0_C1090.jpg,"(54, 27, 3)",0423318027384,C1090,C,0826
notdefect,/Users/zhangjiawei/Code/Micro-specialization/NVIDIA_CV_Inspection/data/AOI_DL_data_0826/0423318027377/D1_C1090.jpg,D1_C1090.jpg,"(53, 27, 3)",0423318027377,C1090,C,0826
notdefect,/Users/zhangjiawei/Code/Micro-specialization/NVIDIA_CV_Inspection/data/AOI_DL_data_0826/0423318027383/D1_C1090.jpg,D1_C1090.jpg,"(53, 27, 3)",0423318027383,C1090,C,0826
notdefect,/Users/zhangjiawei/Code/Micro-specialization/NVIDIA_CV_Inspection/data/AOI_DL_data_0826/0423318026438/D1_C1090.jpg,D1_C1090.jpg,"(54, 27, 3)",0423318026438,C1090,C,0826
notdefect,/Users/zhangjiawei/Code/Micro-specialization/NVIDIA_CV_Inspection/data/AOI_DL_data_0826/0423318026603/D1_C511.jpg,D1_C511.jpg,"(209, 281, 3)",0423318026603,C511,C,0826
notdefect,/Users/zhangjiawei/Code/Micro-specialization/NVIDIA_CV_Inspection/data/AOI_DL_data_0826/0423318026603/D1_C1090.jpg,D1_C1090.jpg,"(53, 27, 3)",0423318026603,C1090,C,0826
notdefect,/Users/zhangjiawei/Code/Micro-specialization/NVIDIA_CV_Inspection/data/AOI_DL_data_0826/0423318026604/D0_C1090.jpg,D0_C1090.jpg,"(53, 27, 3)",0423318026604,C1090,C,0826
notdefect,/Users/zhangjiawei/Code/Micro-specialization/NVIDIA_CV_Inspection/data/AOI_DL_data_0826/0423318026409/D0_C1090.jpg,D0_C1090.jpg,"(54, 27, 3)",0423318026409,C1090,C,0826
notdefect,/Users/zhangjiawei/Code/Micro-specialization/NVIDIA_CV_Inspection/data/AOI_DL_data_1111/0424518036544/D0_C830.jpg,D0_C830.jpg,"(82, 205, 3)",0424518036544,C830,C,1111
notdefect,/Users/zhangjiawei/Code/Micro-specialization/NVIDIA_CV_Inspection/data/AOI_DL_data_1111/0424518036323/D1_C524.jpg,D1_C524.jpg,"(422, 313, 3)",0424518036323,C524,C,1111
notdefect,/Users/zhangjiawei/Code/Micro-specialization/NVIDIA_CV_Inspection/data/AOI_DL_data_1111/0424218056386/D1_C208.jpg,D1_C208.jpg,"(130, 53, 3)",0424218056386,C208,C,1111
defect,/Users/zhangjiawei/Code/Micro-specialization/NVIDIA_CV_Inspection/data/AOI_DL_data_1111/0424218056386/D1_C1207.jpg,D1_C1207.jpg,"(84, 32, 3)",0424218056386,C1207,C,1111
notdefect,/Users/zhangjiawei/Code/Micro-specialization/NVIDIA_CV_Inspection/data/AOI_DL_data_1111/0424518035421/D0_C830.jpg,D0_C830.jpg,"(81, 205, 3)",0424518035421,C830,C,1111
notdefect,/Users/zhangjiawei/Code/Micro-specialization/NVIDIA_CV_Inspection/data/AOI_DL_data_1111/0424518035885/D1_C830.jpg,D1_C830.jpg,"(81, 205, 3)",0424518035885,C830,C,1111
notdefect,/Users/zhangjiawei/Code/Micro-specialization/NVIDIA_CV_Inspection/data/AOI_DL_data_1111/0424518035207/D0_C208.jpg,D0_C208.jpg,"(130, 53, 3)",0424518035207,C208,C,1111
notdefect,/Users/zhangjiawei/Code/Micro-specialization/NVIDIA_CV_Inspection/data/AOI_DL_data_1111/0424518035206/D1_C208.jpg,D1_C208.jpg,"(130, 53, 3)",0424518035206,C208,C,1111
notdefect,/Users/zhangjiawei/Code/Micro-specialization/NVIDIA_CV_Inspection/data/AOI_DL_data_1111/0424518035726/D0_C1166.jpg,D0_C1166.jpg,"(823, 439, 3)",0424518035726,C1166,C,1111
notdefect,/Users/zhangjiawei/Code/Micro-specialization/NVIDIA_CV_Inspection/data/AOI_DL_data_1111/0424518035721/D1_C830.jpg,D1_C830.jpg,"(82, 204, 3)",0424518035721,C830,C,1111
notdefect,/Users/zhangjiawei/Code/Micro-specialization/NVIDIA_CV_Inspection/data/AOI_DL_data_1111/0424518036338/D0_C830.jpg,D0_C830.jpg,"(82, 205, 3)",0424518036338,C830,C,1111
notdefect,/Users/zhangjiawei/Code/Micro-specialization/NVIDIA_CV_Inspection/data/AOI_DL_data_1111/0424518036556/D0_C830.jpg,D0_C830.jpg,"(81, 205, 3)",0424518036556,C830,C,1111
notdefect,/Users/zhangjiawei/Code/Micro-specialization/NVIDIA_CV_Inspection/data/AOI_DL_data_1111/0424518035917/D1_C208.jpg,D1_C208.jpg,"(131, 53, 3)",0424518035917,C208,C,1111
notdefect,/Users/zhangjiawei/Code/Micro-specialization/NVIDIA_CV_Inspection/data/AOI_DL_data_1111/0424518035919/D1_C208.jpg,D1_C208.jpg,"(130, 53, 3)",0424518035919,C208,C,1111
notdefect,/Users/zhangjiawei/Code/Micro-specialization/NVIDIA_CV_Inspection/data/AOI_DL_data_1111/0424518036571/D1_C830.jpg,D1_C830.jpg,"(82, 204, 3)",0424518036571,C830,C,1111
notdefect,/Users/zhangjiawei/Code/Micro-specialization/NVIDIA_CV_Inspection/data/AOI_DL_data_1111/0424518035738/D0_C1166.jpg,D0_C1166.jpg,"(823, 439, 3)",0424518035738,C1166,C,1111
notdefect,/Users/zhangjiawei/Code/Micro-specialization/NVIDIA_CV_Inspection/data/AOI_DL_data_1111/0424518036789/D1_C830.jpg,D1_C830.jpg,"(82, 204, 3)",0424518036789,C830,C,1111
notdefect,/Users/zhangjiawei/Code/Micro-specialization/NVIDIA_CV_Inspection/data/AOI_DL_data_1111/0424518035245/D0_C1166.jpg,D0_C1166.jpg,"(823, 439, 3)",0424518035245,C1166,C,1111
notdefect,/Users/zhangjiawei/Code/Micro-specialization/NVIDIA_CV_Inspection/data/AOI_DL_data_1111/0424518035211/D0_C209.jpg,D0_C209.jpg,"(130, 53, 3)",0424518035211,C209,C,1111
notdefect,/Users/zhangjiawei/Code/Micro-specialization/NVIDIA_CV_Inspection/data/AOI_DL_data_1111/0424518035275/D0_C31.jpg,D0_C31.jpg,"(34, 83, 3)",0424518035275,C31,C,1111
notdefect,/Users/zhangjiawei/Code/Micro-specialization/NVIDIA_CV_Inspection/data/AOI_DL_data_1111/0424518035210/D1_C209.jpg,D1_C209.jpg,"(131, 53, 3)",0424518035210,C209,C,1111
notdefect,/Users/zhangjiawei/Code/Micro-specialization/NVIDIA_CV_Inspection/data/AOI_DL_data_1111/0424518036002/D1_C533.jpg,D1_C533.jpg,"(407, 309, 3)",0424518036002,C533,C,1111
defect,/Users/zhangjiawei/Code/Micro-specialization/NVIDIA_CV_Inspection/data/AOI_DL_data_1111/0424518041516/D0_C9.jpg,D0_C9.jpg,"(101, 209, 3)",0424518041516,C9,C,1111
defect,/Users/zhangjiawei/Code/Micro-specialization/NVIDIA_CV_Inspection/data/AOI_DL_data_1111/0424518041516/D0_C8.jpg,D0_C8.jpg,"(102, 209, 3)",0424518041516,C8,C,1111
notdefect,/Users/zhangjiawei/Code/Micro-specialization/NVIDIA_CV_Inspection/data/AOI_DL_data_1111/0424518035923/D1_C208.jpg,D1_C208.jpg,"(130, 53, 3)",0424518035923,C208,C,1111
notdefect,/Users/zhangjiawei/Code/Micro-specialization/NVIDIA_CV_Inspection/data/AOI_DL_data_1111/0424518035741/D1_C209.jpg,D1_C209.jpg,"(130, 53, 3)",0424518035741,C209,C,1111
notdefect,/Users/zhangjiawei/Code/Micro-specialization/NVIDIA_CV_Inspection/data/AOI_DL_data_1111/0424518036360/D0_C1214.jpg,D0_C1214.jpg,"(313, 421, 3)",0424518036360,C1214,C,1111
notdefect,/Users/zhangjiawei/Code/Micro-specialization/NVIDIA_CV_Inspection/data/AOI_DL_data_1118/0424518037431/D1_C532.jpg,D1_C532.jpg,"(408, 310, 3)",0424518037431,C532,C,1118
notdefect,/Users/zhangjiawei/Code/Micro-specialization/NVIDIA_CV_Inspection/data/AOI_DL_data_1118/0424518037580/D0_C531.jpg,D0_C531.jpg,"(407, 309, 3)",0424518037580,C531,C,1118
notdefect,/Users/zhangjiawei/Code/Micro-specialization/NVIDIA_CV_Inspection/data/AOI_DL_data_1118/0424518037580/D0_C530.jpg,D0_C530.jpg,"(310, 407, 3)",0424518037580,C530,C,1118
notdefect,/Users/zhangjiawei/Code/Micro-specialization/NVIDIA_CV_Inspection/data/AOI_DL_data_1118/0424518037589/D1_C533.jpg,D1_C533.jpg,"(408, 309, 3)",0424518037589,C533,C,1118
notdefect,/Users/zhangjiawei/Code/Micro-specialization/NVIDIA_CV_Inspection/data/AOI_DL_data_1118/0424518037589/D1_C531.jpg,D1_C531.jpg,"(408, 309, 3)",0424518037589,C531,C,1118
notdefect,/Users/zhangjiawei/Code/Micro-specialization/NVIDIA_CV_Inspection/data/AOI_DL_data_1118/0424518037589/D1_C530.jpg,D1_C530.jpg,"(310, 408, 3)",0424518037589,C530,C,1118
notdefect,/Users/zhangjiawei/Code/Micro-specialization/NVIDIA_CV_Inspection/data/AOI_DL_data_1118/0424518036039/D1_C830.jpg,D1_C830.jpg,"(82, 205, 3)",0424518036039,C830,C,1118
notdefect,/Users/zhangjiawei/Code/Micro-specialization/NVIDIA_CV_Inspection/data/AOI_DL_data_1118/0424518037348/D0_C830.jpg,D0_C830.jpg,"(82, 205, 3)",0424518037348,C830,C,1118
notdefect,/Users/zhangjiawei/Code/Micro-specialization/NVIDIA_CV_Inspection/data/AOI_DL_data_1118/0424518036064/D1_C830.jpg,D1_C830.jpg,"(82, 204, 3)",0424518036064,C830,C,1118
notdefect,/Users/zhangjiawei/Code/Micro-specialization/NVIDIA_CV_Inspection/data/AOI_DL_data_1118/0424518037397/D1_C830.jpg,D1_C830.jpg,"(82, 204, 3)",0424518037397,C830,C,1118
notdefect,/Users/zhangjiawei/Code/Micro-specialization/NVIDIA_CV_Inspection/data/AOI_DL_data_1118/0424518036211/D0_C830.jpg,D0_C830.jpg,"(82, 205, 3)",0424518036211,C830,C,1118
notdefect,/Users/zhangjiawei/Code/Micro-specialization/NVIDIA_CV_Inspection/data/AOI_DL_data_1118/0424518037626/D0_C530.jpg,D0_C530.jpg,"(310, 407, 3)",0424518037626,C530,C,1118
defect,/Users/zhangjiawei/Code/Micro-specialization/NVIDIA_CV_Inspection/data/AOI_DL_data_1118/0424518091477/D0_C529.jpg,D0_C529.jpg,"(82, 204, 3)",0424518091477,C529,C,1118
defect,/Users/zhangjiawei/Code/Micro-specialization/NVIDIA_CV_Inspection/data/AOI_DL_data_1118/0424518090936/D0_C221.jpg,D0_C221.jpg,"(82, 204, 3)",0424518090936,C221,C,1118
defect,/Users/zhangjiawei/Code/Micro-specialization/NVIDIA_CV_Inspection/data/AOI_DL_data_1118/0424518090936/D0_C214.jpg,D0_C214.jpg,"(58, 119, 3)",0424518090936,C214,C,1118
notdefect,/Users/zhangjiawei/Code/Micro-specialization/NVIDIA_CV_Inspection/data/AOI_DL_data_1118/0424518037403/D1_C532.jpg,D1_C532.jpg,"(408, 309, 3)",0424518037403,C532,C,1118
notdefect,/Users/zhangjiawei/Code/Micro-specialization/NVIDIA_CV_Inspection/data/AOI_DL_data_1118/0424518036185/D1_C830.jpg,D1_C830.jpg,"(82, 205, 3)",0424518036185,C830,C,1118
notdefect,/Users/zhangjiawei/Code/Micro-specialization/NVIDIA_CV_Inspection/data/AOI_DL_data_1118/0423918005882/D1_C46.jpg,D1_C46.jpg,"(84, 36, 3)",0423918005882,C46,C,1118
defect,/Users/zhangjiawei/Code/Micro-specialization/NVIDIA_CV_Inspection/data/AOI_DL_data_1118/0423918005882/D1_C107.jpg,D1_C107.jpg,"(56, 22, 3)",0423918005882,C107,C,1118
notdefect,/Users/zhangjiawei/Code/Micro-specialization/NVIDIA_CV_Inspection/data/AOI_DL_data_1118/0424518038130/D1_C531.jpg,D1_C531.jpg,"(408, 309, 3)",0424518038130,C531,C,1118
notdefect,/Users/zhangjiawei/Code/Micro-specialization/NVIDIA_CV_Inspection/data/AOI_DL_data_1118/0424518037742/D0_C144.jpg,D0_C144.jpg,"(83, 34, 3)",0424518037742,C144,C,1118
notdefect,/Users/zhangjiawei/Code/Micro-specialization/NVIDIA_CV_Inspection/data/AOI_DL_data_1118/0424518037548/D1_C529.jpg,D1_C529.jpg,"(82, 204, 3)",0424518037548,C529,C,1118
notdefect,/Users/zhangjiawei/Code/Micro-specialization/NVIDIA_CV_Inspection/data/AOI_DL_data_1118/0424518037546/D1_C830.jpg,D1_C830.jpg,"(82, 205, 3)",0424518037546,C830,C,1118
defect,/Users/zhangjiawei/Code/Micro-specialization/NVIDIA_CV_Inspection/data/AOI_DL_data_1118/0424518090854/D0_C527.jpg,D0_C527.jpg,"(130, 51, 3)",0424518090854,C527,C,1118
notdefect,/Users/zhangjiawei/Code/Micro-specialization/NVIDIA_CV_Inspection/data/AOI_DL_data_1118/0424518037387/D1_C830.jpg,D1_C830.jpg,"(82, 204, 3)",0424518037387,C830,C,1118
notdefect,/Users/zhangjiawei/Code/Micro-specialization/NVIDIA_CV_Inspection/data/AOI_DL_data_1118/0424518037380/D0_C109.jpg,D0_C109.jpg,"(83, 34, 3)",0424518037380,C109,C,1118
notdefect,/Users/zhangjiawei/Code/Micro-specialization/NVIDIA_CV_Inspection/data/AOI_DL_data_1118/0424518037329/D1_C530.jpg,D1_C530.jpg,"(310, 408, 3)",0424518037329,C530,C,1118
notdefect,/Users/zhangjiawei/Code/Micro-specialization/NVIDIA_CV_Inspection/data/AOI_DL_data_1118/0424518037367/D1_C532.jpg,D1_C532.jpg,"(407, 310, 3)",0424518037367,C532,C,1118
notdefect,/Users/zhangjiawei/Code/Micro-specialization/NVIDIA_CV_Inspection/data/AOI_DL_data_1118/0424518037367/D1_C530.jpg,D1_C530.jpg,"(310, 407, 3)",0424518037367,C530,C,1118
notdefect,/Users/zhangjiawei/Code/Micro-specialization/NVIDIA_CV_Inspection/data/AOI_DL_data_1118/0424518036074/D1_C517.jpg,D1_C517.jpg,"(387, 172, 3)",0424518036074,C517,C,1118
defect,/Users/zhangjiawei/Code/Micro-specialization/NVIDIA_CV_Inspection/data/AOI_DL_data_1118/0424618014281/D0_C48.jpg,D0_C48.jpg,"(140, 254, 3)",0424618014281,C48,C,1118
notdefect,/Users/zhangjiawei/Code/Micro-specialization/NVIDIA_CV_Inspection/data/AOI_DL_data_1118/0424518037590/D0_C531.jpg,D0_C531.jpg,"(407, 309, 3)",0424518037590,C531,C,1118
notdefect,/Users/zhangjiawei/Code/Micro-specialization/NVIDIA_CV_Inspection/data/AOI_DL_data_1118/0424518037366/D0_C531.jpg,D0_C531.jpg,"(407, 309, 3)",0424518037366,C531,C,1118
notdefect,/Users/zhangjiawei/Code/Micro-specialization/NVIDIA_CV_Inspection/data/AOI_DL_data_1118/0424518036197/D1_C830.jpg,D1_C830.jpg,"(82, 205, 3)",0424518036197,C830,C,1118
notdefect,/Users/zhangjiawei/Code/Micro-specialization/NVIDIA_CV_Inspection/data/AOI_DL_data_1202/0423418013965/D0_C1090.jpg,D0_C1090.jpg,"(54, 27, 3)",0423418013965,C1090,C,1202
notdefect,/Users/zhangjiawei/Code/Micro-specialization/NVIDIA_CV_Inspection/data/AOI_DL_data_1202/0424718095874/D0_C46.jpg,D0_C46.jpg,"(131, 54, 3)",0424718095874,C46,C,1202
notdefect,/Users/zhangjiawei/Code/Micro-specialization/NVIDIA_CV_Inspection/data/AOI_DL_data_1202/0423418013963/D0_C1090.jpg,D0_C1090.jpg,"(54, 27, 3)",0423418013963,C1090,C,1202
notdefect,/Users/zhangjiawei/Code/Micro-specialization/NVIDIA_CV_Inspection/data/AOI_DL_data_1202/0423418013964/D1_C1090.jpg,D1_C1090.jpg,"(54, 27, 3)",0423418013964,C1090,C,1202
notdefect,/Users/zhangjiawei/Code/Micro-specialization/NVIDIA_CV_Inspection/data/AOI_DL_data_1202/0424518038134/D1_C532.jpg,D1_C532.jpg,"(407, 310, 3)",0424518038134,C532,C,1202
notdefect,/Users/zhangjiawei/Code/Micro-specialization/NVIDIA_CV_Inspection/data/AOI_DL_data_1202/0424518038134/D1_C533.jpg,D1_C533.jpg,"(407, 309, 3)",0424518038134,C533,C,1202
notdefect,/Users/zhangjiawei/Code/Micro-specialization/NVIDIA_CV_Inspection/data/AOI_DL_data_1202/0424518038134/D1_C531.jpg,D1_C531.jpg,"(407, 309, 3)",0424518038134,C531,C,1202
notdefect,/Users/zhangjiawei/Code/Micro-specialization/NVIDIA_CV_Inspection/data/AOI_DL_data_1202/0424518038135/D0_C532.jpg,D0_C532.jpg,"(407, 310, 3)",0424518038135,C532,C,1202
notdefect,/Users/zhangjiawei/Code/Micro-specialization/NVIDIA_CV_Inspection/data/AOI_DL_data_1202/0424718067452/D1_C221.jpg,D1_C221.jpg,"(82, 204, 3)",0424718067452,C221,C,1202
notdefect,/Users/zhangjiawei/Code/Micro-specialization/NVIDIA_CV_Inspection/data/AOI_DL_data_1202/0424718067452/D2_C221.jpg,D2_C221.jpg,"(82, 204, 3)",0424718067452,C221,C,1202
defect,/Users/zhangjiawei/Code/Micro-specialization/NVIDIA_CV_Inspection/data/AOI_DL_data_1202/0424718112376/D1_C221.jpg,D1_C221.jpg,"(82, 204, 3)",0424718112376,C221,C,1202
defect,/Users/zhangjiawei/Code/Micro-specialization/NVIDIA_CV_Inspection/data/AOI_DL_data_1202/0424718112376/D2_C221.jpg,D2_C221.jpg,"(82, 204, 3)",0424718112376,C221,C,1202
defect,/Users/zhangjiawei/Code/Micro-specialization/NVIDIA_CV_Inspection/data/AOI_DL_data_1202/0424018035930/D1_C109.jpg,D1_C109.jpg,"(83, 34, 3)",0424018035930,C109,C,1202
defect,/Users/zhangjiawei/Code/Micro-specialization/NVIDIA_CV_Inspection/data/AOI_DL_data_1202/0424018035930/D1_C107.jpg,D1_C107.jpg,"(83, 32, 3)",0424018035930,C107,C,1202
notdefect,/Users/zhangjiawei/Code/Micro-specialization/NVIDIA_CV_Inspection/data/AOI_DL_data_1202/0423418013946/D1_C1090.jpg,D1_C1090.jpg,"(54, 27, 3)",0423418013946,C1090,C,1202
defect,/Users/zhangjiawei/Code/Micro-specialization/NVIDIA_CV_Inspection/data/AOI_DL_data_1202/0424818015447/D1_C97.jpg,D1_C97.jpg,"(51, 130, 3)",0424818015447,C97,C,1202
defect,/Users/zhangjiawei/Code/Micro-specialization/NVIDIA_CV_Inspection/data/AOI_DL_data_1202/0424818015447/D2_C97.jpg,D2_C97.jpg,"(51, 130, 3)",0424818015447,C97,C,1202
notdefect,/Users/zhangjiawei/Code/Micro-specialization/NVIDIA_CV_Inspection/data/AOI_DL_data_1202/0424718096018/D0_C530.jpg,D0_C530.jpg,"(310, 408, 3)",0424718096018,C530,C,1202
notdefect,/Users/zhangjiawei/Code/Micro-specialization/NVIDIA_CV_Inspection/data/AOI_DL_data_1202/0423418013950/D1_C1090.jpg,D1_C1090.jpg,"(54, 27, 3)",0423418013950,C1090,C,1202
notdefect,/Users/zhangjiawei/Code/Micro-specialization/NVIDIA_CV_Inspection/data/AOI_DL_data_1202/0423418013957/D0_C1090.jpg,D0_C1090.jpg,"(54, 27, 3)",0423418013957,C1090,C,1202
notdefect,/Users/zhangjiawei/Code/Micro-specialization/NVIDIA_CV_Inspection/data/AOI_DL_data_1202/0423418013959/D0_C1090.jpg,D0_C1090.jpg,"(54, 27, 3)",0423418013959,C1090,C,1202
notdefect,/Users/zhangjiawei/Code/Micro-specialization/NVIDIA_CV_Inspection/data/AOI_DL_data_1202/0423418013958/D1_C1090.jpg,D1_C1090.jpg,"(54, 27, 3)",0423418013958,C1090,C,1202
notdefect,/Users/zhangjiawei/Code/Micro-specialization/NVIDIA_CV_Inspection/data/AOI_DL_data_1202/0423418013960/D1_C1090.jpg,D1_C1090.jpg,"(54, 27, 3)",0423418013960,C1090,C,1202
notdefect,/Users/zhangjiawei/Code/Micro-specialization/NVIDIA_CV_Inspection/data/AOI_DL_data_1202/0424718004695/D1_C209.jpg,D1_C209.jpg,"(131, 53, 3)",0424718004695,C209,C,1202
notdefect,/Users/zhangjiawei/Code/Micro-specialization/NVIDIA_CV_Inspection/data/AOI_DL_data_1202/0424718004695/D2_C209.jpg,D2_C209.jpg,"(130, 53, 3)",0424718004695,C209,C,1202
defect,/Users/zhangjiawei/Code/Micro-specialization/NVIDIA_CV_Inspection/data/AOI_DL_data_1202/0424018021344/D0_C164.jpg,D0_C164.jpg,"(33, 84, 3)",0424018021344,C164,C,1202
notdefect,/Users/zhangjiawei/Code/Micro-specialization/NVIDIA_CV_Inspection/data/AOI_DL_data_1202/0424518038136/D1_C531.jpg,D1_C531.jpg,"(407, 309, 3)",0424518038136,C531,C,1202
notdefect,/Users/zhangjiawei/Code/Micro-specialization/NVIDIA_CV_Inspection/data/AOI_DL_data_1202/0424518038136/D1_C530.jpg,D1_C530.jpg,"(310, 408, 3)",0424518038136,C530,C,1202
notdefect,/Users/zhangjiawei/Code/Micro-specialization/NVIDIA_CV_Inspection/data/AOI_DL_data_1202/0424518038136/D1_C206.jpg,D1_C206.jpg,"(53, 131, 3)",0424518038136,C206,C,1202
notdefect,/Users/zhangjiawei/Code/Micro-specialization/NVIDIA_CV_Inspection/data/AOI_DL_data_1202/0424518038131/D0_C532.jpg,D0_C532.jpg,"(408, 309, 3)",0424518038131,C532,C,1202
notdefect,/Users/zhangjiawei/Code/Micro-specialization/NVIDIA_CV_Inspection/data/AOI_DL_data_1202/0424518038131/D0_C533.jpg,D0_C533.jpg,"(408, 309, 3)",0424518038131,C533,C,1202
notdefect,/Users/zhangjiawei/Code/Micro-specialization/NVIDIA_CV_Inspection/data/AOI_DL_data_1202/0424518038131/D0_C531.jpg,D0_C531.jpg,"(407, 309, 3)",0424518038131,C531,C,1202
notdefect,/Users/zhangjiawei/Code/Micro-specialization/NVIDIA_CV_Inspection/data/AOI_DL_data_1202/0424518038131/D0_C530.jpg,D0_C530.jpg,"(310, 408, 3)",0424518038131,C530,C,1202
notdefect,/Users/zhangjiawei/Code/Micro-specialization/NVIDIA_CV_Inspection/data/AOI_DL_data_1202/0424818016324/D1_C1214.jpg,D1_C1214.jpg,"(313, 421, 3)",0424818016324,C1214,C,1202
notdefect,/Users/zhangjiawei/Code/Micro-specialization/NVIDIA_CV_Inspection/data/AOI_DL_data_1202/0424818016324/D2_C1214.jpg,D2_C1214.jpg,"(312, 421, 3)",0424818016324,C1214,C,1202
notdefect,/Users/zhangjiawei/Code/Micro-specialization/NVIDIA_CV_Inspection/data/AOI_DL_data_1202/0424718067432/D1_C209.jpg,D1_C209.jpg,"(130, 53, 3)",0424718067432,C209,C,1202
notdefect,/Users/zhangjiawei/Code/Micro-specialization/NVIDIA_CV_Inspection/data/AOI_DL_data_1202/0424518035205/D0_C208.jpg,D0_C208.jpg,"(130, 53, 3)",0424518035205,C208,C,1202
notdefect,/Users/zhangjiawei/Code/Micro-specialization/NVIDIA_CV_Inspection/data/AOI_DL_data_1202/0424518035205/D0_C209.jpg,D0_C209.jpg,"(131, 53, 3)",0424518035205,C209,C,1202
notdefect,/Users/zhangjiawei/Code/Micro-specialization/NVIDIA_CV_Inspection/data/AOI_DL_data_1202/0424518035256/D1_C531.jpg,D1_C531.jpg,"(407, 309, 3)",0424518035256,C531,C,1202
notdefect,/Users/zhangjiawei/Code/Micro-specialization/NVIDIA_CV_Inspection/data/AOI_DL_data_1202/0424718095929/D2_C32.jpg,D2_C32.jpg,"(131, 53, 3)",0424718095929,C32,C,1202
notdefect,/Users/zhangjiawei/Code/Micro-specialization/NVIDIA_CV_Inspection/data/AOI_DL_data_1202/0423418013945/D0_C1090.jpg,D0_C1090.jpg,"(54, 27, 3)",0423418013945,C1090,C,1202
notdefect,/Users/zhangjiawei/Code/Micro-specialization/NVIDIA_CV_Inspection/data/AOI_DL_data_1202/0424718029334/D2_C208.jpg,D2_C208.jpg,"(130, 53, 3)",0424718029334,C208,C,1202
notdefect,/Users/zhangjiawei/Code/Micro-specialization/NVIDIA_CV_Inspection/data/AOI_DL_data_1202/0423418013944/D1_C1090.jpg,D1_C1090.jpg,"(54, 27, 3)",0423418013944,C1090,C,1202
notdefect,/Users/zhangjiawei/Code/Micro-specialization/NVIDIA_CV_Inspection/data/AOI_DL_data_0923/0423418017308/D1_C1090.jpg,D1_C1090.jpg,"(53, 27, 3)",0423418017308,C1090,C,0923
notdefect,/Users/zhangjiawei/Code/Micro-specialization/NVIDIA_CV_Inspection/data/AOI_DL_data_0923/0423418017592/D1_C1090.jpg,D1_C1090.jpg,"(54, 27, 3)",0423418017592,C1090,C,0923
notdefect,/Users/zhangjiawei/Code/Micro-specialization/NVIDIA_CV_Inspection/data/AOI_DL_data_0923/0423418017559/D0_C1090.jpg,D0_C1090.jpg,"(53, 27, 3)",0423418017559,C1090,C,0923
notdefect,/Users/zhangjiawei/Code/Micro-specialization/NVIDIA_CV_Inspection/data/AOI_DL_data_0923/0423418017306/D1_C1090.jpg,D1_C1090.jpg,"(53, 27, 3)",0423418017306,C1090,C,0923
notdefect,/Users/zhangjiawei/Code/Micro-specialization/NVIDIA_CV_Inspection/data/AOI_DL_data_0923/0423418017301/D0_C1090.jpg,D0_C1090.jpg,"(54, 27, 3)",0423418017301,C1090,C,0923
notdefect,/Users/zhangjiawei/Code/Micro-specialization/NVIDIA_CV_Inspection/data/AOI_DL_data_0923/0423418017193/D0_C1090.jpg,D0_C1090.jpg,"(54, 27, 3)",0423418017193,C1090,C,0923
notdefect,/Users/zhangjiawei/Code/Micro-specialization/NVIDIA_CV_Inspection/data/AOI_DL_data_0923/0423418017167/D1_C1090.jpg,D1_C1090.jpg,"(54, 27, 3)",0423418017167,C1090,C,0923
notdefect,/Users/zhangjiawei/Code/Micro-specialization/NVIDIA_CV_Inspection/data/AOI_DL_data_0923/0423418017160/D0_C1090.jpg,D0_C1090.jpg,"(54, 27, 3)",0423418017160,C1090,C,0923
notdefect,/Users/zhangjiawei/Code/Micro-specialization/NVIDIA_CV_Inspection/data/AOI_DL_data_0923/0423418017194/D1_C1090.jpg,D1_C1090.jpg,"(54, 27, 3)",0423418017194,C1090,C,0923
notdefect,/Users/zhangjiawei/Code/Micro-specialization/NVIDIA_CV_Inspection/data/AOI_DL_data_0923/0423418017535/D0_C1090.jpg,D0_C1090.jpg,"(54, 27, 3)",0423418017535,C1090,C,0923
notdefect,/Users/zhangjiawei/Code/Micro-specialization/NVIDIA_CV_Inspection/data/AOI_DL_data_0923/0423418017151/D1_C1090.jpg,D1_C1090.jpg,"(53, 27, 3)",0423418017151,C1090,C,0923
notdefect,/Users/zhangjiawei/Code/Micro-specialization/NVIDIA_CV_Inspection/data/AOI_DL_data_0923/0423418017551/D0_C1090.jpg,D0_C1090.jpg,"(54, 27, 3)",0423418017551,C1090,C,0923
notdefect,/Users/zhangjiawei/Code/Micro-specialization/NVIDIA_CV_Inspection/data/AOI_DL_data_0923/0423418017307/D0_C1090.jpg,D0_C1090.jpg,"(54, 27, 3)",0423418017307,C1090,C,0923
notdefect,/Users/zhangjiawei/Code/Micro-specialization/NVIDIA_CV_Inspection/data/AOI_DL_data_0923/0423418017309/D0_C1090.jpg,D0_C1090.jpg,"(54, 27, 3)",0423418017309,C1090,C,0923
notdefect,/Users/zhangjiawei/Code/Micro-specialization/NVIDIA_CV_Inspection/data/AOI_DL_data_0923/0423418017534/D1_C1090.jpg,D1_C1090.jpg,"(53, 27, 3)",0423418017534,C1090,C,0923
notdefect,/Users/zhangjiawei/Code/Micro-specialization/NVIDIA_CV_Inspection/data/AOI_DL_data_0923/0423418017150/D0_C1090.jpg,D0_C1090.jpg,"(54, 27, 3)",0423418017150,C1090,C,0923
notdefect,/Users/zhangjiawei/Code/Micro-specialization/NVIDIA_CV_Inspection/data/AOI_DL_data_0923/0423418017168/D0_C1090.jpg,D0_C1090.jpg,"(54, 27, 3)",0423418017168,C1090,C,0923
notdefect,/Users/zhangjiawei/Code/Micro-specialization/NVIDIA_CV_Inspection/data/AOI_DL_data_0923/0423418017533/D0_C524.jpg,D0_C524.jpg,"(282, 208, 3)",0423418017533,C524,C,0923
notdefect,/Users/zhangjiawei/Code/Micro-specialization/NVIDIA_CV_Inspection/data/AOI_DL_data_0923/0423418017533/D0_C1090.jpg,D0_C1090.jpg,"(54, 27, 3)",0423418017533,C1090,C,0923
notdefect,/Users/zhangjiawei/Code/Micro-specialization/NVIDIA_CV_Inspection/data/AOI_DL_data_0923/0423418017195/D0_C1090.jpg,D0_C1090.jpg,"(54, 27, 3)",0423418017195,C1090,C,0923
notdefect,/Users/zhangjiawei/Code/Micro-specialization/NVIDIA_CV_Inspection/data/AOI_DL_data_0923/0423418017354/D0_C48.jpg,D0_C48.jpg,"(94, 175, 3)",0423418017354,C48,C,0923
notdefect,/Users/zhangjiawei/Code/Micro-specialization/NVIDIA_CV_Inspection/data/AOI_DL_data_0923/0423418017192/D1_C1090.jpg,D1_C1090.jpg,"(53, 27, 3)",0423418017192,C1090,C,0923
notdefect,/Users/zhangjiawei/Code/Micro-specialization/NVIDIA_CV_Inspection/data/AOI_DL_data_0923/0423418017470/D1_C1090.jpg,D1_C1090.jpg,"(53, 27, 3)",0423418017470,C1090,C,0923
notdefect,/Users/zhangjiawei/Code/Micro-specialization/NVIDIA_CV_Inspection/data/AOI_DL_data_0923/0423418017470/D1_C205.jpg,D1_C205.jpg,"(39, 84, 3)",0423418017470,C205,C,0923
notdefect,/Users/zhangjiawei/Code/Micro-specialization/NVIDIA_CV_Inspection/data/AOI_DL_data_0923/0423418017446/D1_C1090.jpg,D1_C1090.jpg,"(54, 27, 3)",0423418017446,C1090,C,0923
notdefect,/Users/zhangjiawei/Code/Micro-specialization/NVIDIA_CV_Inspection/data/AOI_DL_data_0923/0423418017244/D1_C1090.jpg,D1_C1090.jpg,"(53, 27, 3)",0423418017244,C1090,C,0923
notdefect,/Users/zhangjiawei/Code/Micro-specialization/NVIDIA_CV_Inspection/data/AOI_DL_data_0923/0423418017412/D0_C533.jpg,D0_C533.jpg,"(272, 207, 3)",0423418017412,C533,C,0923
notdefect,/Users/zhangjiawei/Code/Micro-specialization/NVIDIA_CV_Inspection/data/AOI_DL_data_0923/0423418017412/D0_C1090.jpg,D0_C1090.jpg,"(53, 27, 3)",0423418017412,C1090,C,0923
notdefect,/Users/zhangjiawei/Code/Micro-specialization/NVIDIA_CV_Inspection/data/AOI_DL_data_0923/0423418017415/D1_C1090.jpg,D1_C1090.jpg,"(54, 27, 3)",0423418017415,C1090,C,0923
notdefect,/Users/zhangjiawei/Code/Micro-specialization/NVIDIA_CV_Inspection/data/AOI_DL_data_0923/0423418017243/D0_C1090.jpg,D0_C1090.jpg,"(54, 27, 3)",0423418017243,C1090,C,0923
notdefect,/Users/zhangjiawei/Code/Micro-specialization/NVIDIA_CV_Inspection/data/AOI_DL_data_0923/0423418017275/D0_C1090.jpg,D0_C1090.jpg,"(54, 27, 3)",0423418017275,C1090,C,0923
notdefect,/Users/zhangjiawei/Code/Micro-specialization/NVIDIA_CV_Inspection/data/AOI_DL_data_0923/0423418017281/D0_C1090.jpg,D0_C1090.jpg,"(54, 27, 3)",0423418017281,C1090,C,0923
notdefect,/Users/zhangjiawei/Code/Micro-specialization/NVIDIA_CV_Inspection/data/AOI_DL_data_0923/0423418017286/D1_C1090.jpg,D1_C1090.jpg,"(53, 27, 3)",0423418017286,C1090,C,0923
notdefect,/Users/zhangjiawei/Code/Micro-specialization/NVIDIA_CV_Inspection/data/AOI_DL_data_0923/0423418017273/D0_C1090.jpg,D0_C1090.jpg,"(53, 27, 3)",0423418017273,C1090,C,0923
notdefect,/Users/zhangjiawei/Code/Micro-specialization/NVIDIA_CV_Inspection/data/AOI_DL_data_0923/0423418017287/D0_C1090.jpg,D0_C1090.jpg,"(53, 27, 3)",0423418017287,C1090,C,0923
notdefect,/Users/zhangjiawei/Code/Micro-specialization/NVIDIA_CV_Inspection/data/AOI_DL_data_0923/0423418017280/D1_C1090.jpg,D1_C1090.jpg,"(53, 27, 3)",0423418017280,C1090,C,0923
notdefect,/Users/zhangjiawei/Code/Micro-specialization/NVIDIA_CV_Inspection/data/AOI_DL_data_0923/0423418017274/D1_C1090.jpg,D1_C1090.jpg,"(54, 27, 3)",0423418017274,C1090,C,0923
notdefect,/Users/zhangjiawei/Code/Micro-specialization/NVIDIA_CV_Inspection/data/AOI_DL_data_0923/0423418017289/D0_C1090.jpg,D0_C1090.jpg,"(54, 27, 3)",0423418017289,C1090,C,0923
notdefect,/Users/zhangjiawei/Code/Micro-specialization/NVIDIA_CV_Inspection/data/AOI_DL_data_0923/0423418017414/D0_C1090.jpg,D0_C1090.jpg,"(54, 27, 3)",0423418017414,C1090,C,0923
notdefect,/Users/zhangjiawei/Code/Micro-specialization/NVIDIA_CV_Inspection/data/AOI_DL_data_0923/0423418017242/D1_C1090.jpg,D1_C1090.jpg,"(53, 27, 3)",0423418017242,C1090,C,0923
notdefect,/Users/zhangjiawei/Code/Micro-specialization/NVIDIA_CV_Inspection/data/AOI_DL_data_0923/0423418017603/D0_C524.jpg,D0_C524.jpg,"(281, 209, 3)",0423418017603,C524,C,0923
notdefect,/Users/zhangjiawei/Code/Micro-specialization/NVIDIA_CV_Inspection/data/AOI_DL_data_0923/0423418017603/D0_C1090.jpg,D0_C1090.jpg,"(53, 27, 3)",0423418017603,C1090,C,0923
notdefect,/Users/zhangjiawei/Code/Micro-specialization/NVIDIA_CV_Inspection/data/AOI_DL_data_0923/0423418017267/D0_C1090.jpg,D0_C1090.jpg,"(53, 27, 3)",0423418017267,C1090,C,0923
notdefect,/Users/zhangjiawei/Code/Micro-specialization/NVIDIA_CV_Inspection/data/AOI_DL_data_0923/0423418017293/D0_C1090.jpg,D0_C1090.jpg,"(54, 27, 3)",0423418017293,C1090,C,0923
notdefect,/Users/zhangjiawei/Code/Micro-specialization/NVIDIA_CV_Inspection/data/AOI_DL_data_0923/0423418017258/D1_C1090.jpg,D1_C1090.jpg,"(53, 27, 3)",0423418017258,C1090,C,0923
notdefect,/Users/zhangjiawei/Code/Micro-specialization/NVIDIA_CV_Inspection/data/AOI_DL_data_0923/0423418017294/D1_C1090.jpg,D1_C1090.jpg,"(54, 27, 3)",0423418017294,C1090,C,0923
notdefect,/Users/zhangjiawei/Code/Micro-specialization/NVIDIA_CV_Inspection/data/AOI_DL_data_0923/0423418017260/D1_C1090.jpg,D1_C1090.jpg,"(54, 27, 3)",0423418017260,C1090,C,0923
notdefect,/Users/zhangjiawei/Code/Micro-specialization/NVIDIA_CV_Inspection/data/AOI_DL_data_0923/0423418017604/D1_C1090.jpg,D1_C1090.jpg,"(53, 27, 3)",0423418017604,C1090,C,0923
notdefect,/Users/zhangjiawei/Code/Micro-specialization/NVIDIA_CV_Inspection/data/AOI_DL_data_0923/0423418017436/D1_C1090.jpg,D1_C1090.jpg,"(53, 27, 3)",0423418017436,C1090,C,0923
notdefect,/Users/zhangjiawei/Code/Micro-specialization/NVIDIA_CV_Inspection/data/AOI_DL_data_0923/0423418017256/D1_C1090.jpg,D1_C1090.jpg,"(54, 27, 3)",0423418017256,C1090,C,0923
notdefect,/Users/zhangjiawei/Code/Micro-specialization/NVIDIA_CV_Inspection/data/AOI_DL_data_0923/0423418017251/D0_C1090.jpg,D0_C1090.jpg,"(54, 27, 3)",0423418017251,C1090,C,0923
notdefect,/Users/zhangjiawei/Code/Micro-specialization/NVIDIA_CV_Inspection/data/AOI_DL_data_0923/0423418017438/D1_C1090.jpg,D1_C1090.jpg,"(54, 27, 3)",0423418017438,C1090,C,0923
notdefect,/Users/zhangjiawei/Code/Micro-specialization/NVIDIA_CV_Inspection/data/AOI_DL_data_0923/0423418017666/D1_C1090.jpg,D1_C1090.jpg,"(54, 27, 3)",0423418017666,C1090,C,0923
notdefect,/Users/zhangjiawei/Code/Micro-specialization/NVIDIA_CV_Inspection/data/AOI_DL_data_0923/0423418017250/D1_C1090.jpg,D1_C1090.jpg,"(53, 27, 3)",0423418017250,C1090,C,0923
notdefect,/Users/zhangjiawei/Code/Micro-specialization/NVIDIA_CV_Inspection/data/AOI_DL_data_0923/0423418017257/D0_C1090.jpg,D0_C1090.jpg,"(54, 27, 3)",0423418017257,C1090,C,0923
notdefect,/Users/zhangjiawei/Code/Micro-specialization/NVIDIA_CV_Inspection/data/AOI_DL_data_0923/0423418017268/D1_C1090.jpg,D1_C1090.jpg,"(54, 27, 3)",0423418017268,C1090,C,0923
notdefect,/Users/zhangjiawei/Code/Micro-specialization/NVIDIA_CV_Inspection/data/AOI_DL_data_0923/0423418017261/D0_C1090.jpg,D0_C1090.jpg,"(54, 27, 3)",0423418017261,C1090,C,0923
notdefect,/Users/zhangjiawei/Code/Micro-specialization/NVIDIA_CV_Inspection/data/AOI_DL_data_0923/0423418017437/D0_C1090.jpg,D0_C1090.jpg,"(54, 27, 3)",0423418017437,C1090,C,0923
notdefect,/Users/zhangjiawei/Code/Micro-specialization/NVIDIA_CV_Inspection/data/AOI_DL_data_0923/0423418017295/D0_C1090.jpg,D0_C1090.jpg,"(54, 27, 3)",0423418017295,C1090,C,0923
notdefect,/Users/zhangjiawei/Code/Micro-specialization/NVIDIA_CV_Inspection/data/AOI_DL_data_0923/0423418017292/D1_C1090.jpg,D1_C1090.jpg,"(54, 27, 3)",0423418017292,C1090,C,0923
notdefect,/Users/zhangjiawei/Code/Micro-specialization/NVIDIA_CV_Inspection/data/AOI_DL_data_0923/0423418017266/D1_C1090.jpg,D1_C1090.jpg,"(54, 27, 3)",0423418017266,C1090,C,0923
notdefect,/Users/zhangjiawei/Code/Micro-specialization/NVIDIA_CV_Inspection/data/AOI_DL_data_0923/0423418017203/D0_C1090.jpg,D0_C1090.jpg,"(54, 27, 3)",0423418017203,C1090,C,0923
notdefect,/Users/zhangjiawei/Code/Micro-specialization/NVIDIA_CV_Inspection/data/AOI_DL_data_0923/0423418017452/D1_C1090.jpg,D1_C1090.jpg,"(54, 27, 3)",0423418017452,C1090,C,0923
notdefect,/Users/zhangjiawei/Code/Micro-specialization/NVIDIA_CV_Inspection/data/AOI_DL_data_0923/0423418017520/D1_C524.jpg,D1_C524.jpg,"(282, 208, 3)",0423418017520,C524,C,0923
notdefect,/Users/zhangjiawei/Code/Micro-specialization/NVIDIA_CV_Inspection/data/AOI_DL_data_0923/0423418017527/D0_C1090.jpg,D0_C1090.jpg,"(53, 27, 3)",0423418017527,C1090,C,0923
notdefect,/Users/zhangjiawei/Code/Micro-specialization/NVIDIA_CV_Inspection/data/AOI_DL_data_0923/0423418017188/D1_C1090.jpg,D1_C1090.jpg,"(54, 27, 3)",0423418017188,C1090,C,0923
notdefect,/Users/zhangjiawei/Code/Micro-specialization/NVIDIA_CV_Inspection/data/AOI_DL_data_0923/0423418017518/D1_C1090.jpg,D1_C1090.jpg,"(54, 27, 3)",0423418017518,C1090,C,0923
notdefect,/Users/zhangjiawei/Code/Micro-specialization/NVIDIA_CV_Inspection/data/AOI_DL_data_0923/0423418017181/D0_C1090.jpg,D0_C1090.jpg,"(54, 27, 3)",0423418017181,C1090,C,0923
notdefect,/Users/zhangjiawei/Code/Micro-specialization/NVIDIA_CV_Inspection/data/AOI_DL_data_0923/0423418017175/D0_C1090.jpg,D0_C1090.jpg,"(54, 27, 3)",0423418017175,C1090,C,0923
notdefect,/Users/zhangjiawei/Code/Micro-specialization/NVIDIA_CV_Inspection/data/AOI_DL_data_0923/0423418017340/D0_C1090.jpg,D0_C1090.jpg,"(54, 27, 3)",0423418017340,C1090,C,0923
notdefect,/Users/zhangjiawei/Code/Micro-specialization/NVIDIA_CV_Inspection/data/AOI_DL_data_0923/0423418017172/D1_C1090.jpg,D1_C1090.jpg,"(53, 27, 3)",0423418017172,C1090,C,0923
notdefect,/Users/zhangjiawei/Code/Micro-specialization/NVIDIA_CV_Inspection/data/AOI_DL_data_0923/0423418017516/D1_C1090.jpg,D1_C1090.jpg,"(54, 27, 3)",0423418017516,C1090,C,0923
notdefect,/Users/zhangjiawei/Code/Micro-specialization/NVIDIA_CV_Inspection/data/AOI_DL_data_0923/0423418017186/D1_C1090.jpg,D1_C1090.jpg,"(54, 27, 3)",0423418017186,C1090,C,0923
notdefect,/Users/zhangjiawei/Code/Micro-specialization/NVIDIA_CV_Inspection/data/AOI_DL_data_0923/0423418017589/D0_C1090.jpg,D0_C1090.jpg,"(54, 27, 3)",0423418017589,C1090,C,0923
notdefect,/Users/zhangjiawei/Code/Micro-specialization/NVIDIA_CV_Inspection/data/AOI_DL_data_0923/0423418017542/D1_C1090.jpg,D1_C1090.jpg,"(53, 27, 3)",0423418017542,C1090,C,0923
notdefect,/Users/zhangjiawei/Code/Micro-specialization/NVIDIA_CV_Inspection/data/AOI_DL_data_0923/0423418017545/D0_C1090.jpg,D0_C1090.jpg,"(54, 27, 3)",0423418017545,C1090,C,0923
notdefect,/Users/zhangjiawei/Code/Micro-specialization/NVIDIA_CV_Inspection/data/AOI_DL_data_0923/0423418017128/D0_C1090.jpg,D0_C1090.jpg,"(54, 27, 3)",0423418017128,C1090,C,0923
notdefect,/Users/zhangjiawei/Code/Micro-specialization/NVIDIA_CV_Inspection/data/AOI_DL_data_0923/0423418017325/D0_C1090.jpg,D0_C1090.jpg,"(54, 27, 3)",0423418017325,C1090,C,0923
notdefect,/Users/zhangjiawei/Code/Micro-specialization/NVIDIA_CV_Inspection/data/AOI_DL_data_0923/0423418017322/D1_C1090.jpg,D1_C1090.jpg,"(54, 27, 3)",0423418017322,C1090,C,0923
notdefect,/Users/zhangjiawei/Code/Micro-specialization/NVIDIA_CV_Inspection/data/AOI_DL_data_0923/0423418017187/D0_C48.jpg,D0_C48.jpg,"(94, 175, 3)",0423418017187,C48,C,0923
notdefect,/Users/zhangjiawei/Code/Micro-specialization/NVIDIA_CV_Inspection/data/AOI_DL_data_0923/0423418017173/D0_C1090.jpg,D0_C1090.jpg,"(53, 27, 3)",0423418017173,C1090,C,0923
notdefect,/Users/zhangjiawei/Code/Micro-specialization/NVIDIA_CV_Inspection/data/AOI_DL_data_0923/0423418017517/D0_C1090.jpg,D0_C1090.jpg,"(54, 27, 3)",0423418017517,C1090,C,0923
notdefect,/Users/zhangjiawei/Code/Micro-specialization/NVIDIA_CV_Inspection/data/AOI_DL_data_0923/0423418017528/D1_C1090.jpg,D1_C1090.jpg,"(53, 27, 3)",0423418017528,C1090,C,0923
notdefect,/Users/zhangjiawei/Code/Micro-specialization/NVIDIA_CV_Inspection/data/AOI_DL_data_0923/0423418017346/D0_C1090.jpg,D0_C1090.jpg,"(54, 27, 3)",0423418017346,C1090,C,0923
notdefect,/Users/zhangjiawei/Code/Micro-specialization/NVIDIA_CV_Inspection/data/AOI_DL_data_0923/0423418017174/D1_C1090.jpg,D1_C1090.jpg,"(53, 27, 3)",0423418017174,C1090,C,0923
notdefect,/Users/zhangjiawei/Code/Micro-specialization/NVIDIA_CV_Inspection/data/AOI_DL_data_0923/0423418017180/D1_C1090.jpg,D1_C1090.jpg,"(54, 27, 3)",0423418017180,C1090,C,0923
notdefect,/Users/zhangjiawei/Code/Micro-specialization/NVIDIA_CV_Inspection/data/AOI_DL_data_0923/0423418017519/D0_C1090.jpg,D0_C1090.jpg,"(54, 27, 3)",0423418017519,C1090,C,0923
notdefect,/Users/zhangjiawei/Code/Micro-specialization/NVIDIA_CV_Inspection/data/AOI_DL_data_0923/0423418017189/D0_C1090.jpg,D0_C1090.jpg,"(54, 27, 3)",0423418017189,C1090,C,0923
notdefect,/Users/zhangjiawei/Code/Micro-specialization/NVIDIA_CV_Inspection/data/AOI_DL_data_0923/0423418017575/D0_C1090.jpg,D0_C1090.jpg,"(54, 27, 3)",0423418017575,C1090,C,0923
notdefect,/Users/zhangjiawei/Code/Micro-specialization/NVIDIA_CV_Inspection/data/AOI_DL_data_0923/0423418017323/D0_C1090.jpg,D0_C1090.jpg,"(54, 27, 3)",0423418017323,C1090,C,0923
notdefect,/Users/zhangjiawei/Code/Micro-specialization/NVIDIA_CV_Inspection/data/AOI_DL_data_0923/0423418017129/D1_C1090.jpg,D1_C1090.jpg,"(54, 27, 3)",0423418017129,C1090,C,0923
notdefect,/Users/zhangjiawei/Code/Micro-specialization/NVIDIA_CV_Inspection/data/AOI_DL_data_0923/0423418017324/D1_C1090.jpg,D1_C1090.jpg,"(54, 27, 3)",0423418017324,C1090,C,0923
notdefect,/Users/zhangjiawei/Code/Micro-specialization/NVIDIA_CV_Inspection/data/AOI_DL_data_0923/0423418017572/D1_C1090.jpg,D1_C1090.jpg,"(54, 27, 3)",0423418017572,C1090,C,0923
notdefect,/Users/zhangjiawei/Code/Micro-specialization/NVIDIA_CV_Inspection/data/AOI_DL_data_0923/0423418017586/D1_C524.jpg,D1_C524.jpg,"(281, 209, 3)",0423418017586,C524,C,0923
notdefect,/Users/zhangjiawei/Code/Micro-specialization/NVIDIA_CV_Inspection/data/AOI_DL_data_0923/0423418017586/D1_C1090.jpg,D1_C1090.jpg,"(54, 27, 3)",0423418017586,C1090,C,0923
notdefect,/Users/zhangjiawei/Code/Micro-specialization/NVIDIA_CV_Inspection/data/AOI_DL_data_0923/0423418017544/D1_C1090.jpg,D1_C1090.jpg,"(54, 27, 3)",0423418017544,C1090,C,0923
notdefect,/Users/zhangjiawei/Code/Micro-specialization/NVIDIA_CV_Inspection/data/AOI_DL_data_0923/0423418017312/D1_C1090.jpg,D1_C1090.jpg,"(54, 27, 3)",0423418017312,C1090,C,0923
notdefect,/Users/zhangjiawei/Code/Micro-specialization/NVIDIA_CV_Inspection/data/AOI_DL_data_0923/0423418017312/D1_C48.jpg,D1_C48.jpg,"(94, 175, 3)",0423418017312,C48,C,0923
notdefect,/Users/zhangjiawei/Code/Micro-specialization/NVIDIA_CV_Inspection/data/AOI_DL_data_0923/0423418017543/D0_C1090.jpg,D0_C1090.jpg,"(54, 27, 3)",0423418017543,C1090,C,0923
notdefect,/Users/zhangjiawei/Code/Micro-specialization/NVIDIA_CV_Inspection/data/AOI_DL_data_0923/0423418017538/D1_C1090.jpg,D1_C1090.jpg,"(54, 27, 3)",0423418017538,C1090,C,0923
notdefect,/Users/zhangjiawei/Code/Micro-specialization/NVIDIA_CV_Inspection/data/AOI_DL_data_0923/0423418017190/D1_C1090.jpg,D1_C1090.jpg,"(54, 27, 3)",0423418017190,C1090,C,0923
notdefect,/Users/zhangjiawei/Code/Micro-specialization/NVIDIA_CV_Inspection/data/AOI_DL_data_0923/0423418017164/D0_C1090.jpg,D0_C1090.jpg,"(54, 27, 3)",0423418017164,C1090,C,0923
notdefect,/Users/zhangjiawei/Code/Micro-specialization/NVIDIA_CV_Inspection/data/AOI_DL_data_0923/0423418017356/D0_C1090.jpg,D0_C1090.jpg,"(54, 27, 3)",0423418017356,C1090,C,0923
notdefect,/Users/zhangjiawei/Code/Micro-specialization/NVIDIA_CV_Inspection/data/AOI_DL_data_0923/0423418017199/D0_C1090.jpg,D0_C1090.jpg,"(54, 27, 3)",0423418017199,C1090,C,0923
notdefect,/Users/zhangjiawei/Code/Micro-specialization/NVIDIA_CV_Inspection/data/AOI_DL_data_0923/0423418017536/D1_C1090.jpg,D1_C1090.jpg,"(54, 27, 3)",0423418017536,C1090,C,0923
notdefect,/Users/zhangjiawei/Code/Micro-specialization/NVIDIA_CV_Inspection/data/AOI_DL_data_0923/0423418017152/D0_C1090.jpg,D0_C1090.jpg,"(54, 27, 3)",0423418017152,C1090,C,0923
notdefect,/Users/zhangjiawei/Code/Micro-specialization/NVIDIA_CV_Inspection/data/AOI_DL_data_0923/0423418017360/D0_C1090.jpg,D0_C1090.jpg,"(54, 27, 3)",0423418017360,C1090,C,0923
notdefect,/Users/zhangjiawei/Code/Micro-specialization/NVIDIA_CV_Inspection/data/AOI_DL_data_0923/0423418017358/D0_C1090.jpg,D0_C1090.jpg,"(54, 27, 3)",0423418017358,C1090,C,0923
notdefect,/Users/zhangjiawei/Code/Micro-specialization/NVIDIA_CV_Inspection/data/AOI_DL_data_0923/0423418017155/D1_C1090.jpg,D1_C1090.jpg,"(54, 27, 3)",0423418017155,C1090,C,0923
notdefect,/Users/zhangjiawei/Code/Micro-specialization/NVIDIA_CV_Inspection/data/AOI_DL_data_0923/0423418017531/D0_C1090.jpg,D0_C1090.jpg,"(54, 27, 3)",0423418017531,C1090,C,0923
notdefect,/Users/zhangjiawei/Code/Micro-specialization/NVIDIA_CV_Inspection/data/AOI_DL_data_0923/0423418017333/D1_C1090.jpg,D1_C1090.jpg,"(54, 27, 3)",0423418017333,C1090,C,0923
notdefect,/Users/zhangjiawei/Code/Micro-specialization/NVIDIA_CV_Inspection/data/AOI_DL_data_0923/0423418017591/D0_C1090.jpg,D0_C1090.jpg,"(54, 27, 3)",0423418017591,C1090,C,0923
notdefect,/Users/zhangjiawei/Code/Micro-specialization/NVIDIA_CV_Inspection/data/AOI_DL_data_0923/0423418017302/D1_C1090.jpg,D1_C1090.jpg,"(54, 27, 3)",0423418017302,C1090,C,0923
notdefect,/Users/zhangjiawei/Code/Micro-specialization/NVIDIA_CV_Inspection/data/AOI_DL_data_0923/0423418017554/D1_C1090.jpg,D1_C1090.jpg,"(54, 27, 3)",0423418017554,C1090,C,0923
notdefect,/Users/zhangjiawei/Code/Micro-specialization/NVIDIA_CV_Inspection/data/AOI_DL_data_0923/0423418017553/D0_C1090.jpg,D0_C1090.jpg,"(54, 27, 3)",0423418017553,C1090,C,0923
notdefect,/Users/zhangjiawei/Code/Micro-specialization/NVIDIA_CV_Inspection/data/AOI_DL_data_0923/0423418017305/D0_C1090.jpg,D0_C1090.jpg,"(54, 27, 3)",0423418017305,C1090,C,0923
notdefect,/Users/zhangjiawei/Code/Micro-specialization/NVIDIA_CV_Inspection/data/AOI_DL_data_0923/0423418017598/D1_C1090.jpg,D1_C1090.jpg,"(53, 27, 3)",0423418017598,C1090,C,0923
notdefect,/Users/zhangjiawei/Code/Micro-specialization/NVIDIA_CV_Inspection/data/AOI_DL_data_0923/0423418017359/D1_C1090.jpg,D1_C1090.jpg,"(54, 27, 3)",0423418017359,C1090,C,0923
notdefect,/Users/zhangjiawei/Code/Micro-specialization/NVIDIA_CV_Inspection/data/AOI_DL_data_0923/0423418017154/D0_C1090.jpg,D0_C1090.jpg,"(54, 27, 3)",0423418017154,C1090,C,0923
notdefect,/Users/zhangjiawei/Code/Micro-specialization/NVIDIA_CV_Inspection/data/AOI_DL_data_0923/0423418017198/D1_C1090.jpg,D1_C1090.jpg,"(54, 27, 3)",0423418017198,C1090,C,0923
notdefect,/Users/zhangjiawei/Code/Micro-specialization/NVIDIA_CV_Inspection/data/AOI_DL_data_0923/0423418017537/D0_C1090.jpg,D0_C1090.jpg,"(54, 27, 3)",0423418017537,C1090,C,0923
notdefect,/Users/zhangjiawei/Code/Micro-specialization/NVIDIA_CV_Inspection/data/AOI_DL_data_0923/0423418017361/D1_C1090.jpg,D1_C1090.jpg,"(54, 27, 3)",0423418017361,C1090,C,0923
notdefect,/Users/zhangjiawei/Code/Micro-specialization/NVIDIA_CV_Inspection/data/AOI_DL_data_0923/0423418017153/D1_C1090.jpg,D1_C1090.jpg,"(53, 27, 3)",0423418017153,C1090,C,0923
notdefect,/Users/zhangjiawei/Code/Micro-specialization/NVIDIA_CV_Inspection/data/AOI_DL_data_0923/0423418017165/D1_C1090.jpg,D1_C1090.jpg,"(54, 27, 3)",0423418017165,C1090,C,0923
notdefect,/Users/zhangjiawei/Code/Micro-specialization/NVIDIA_CV_Inspection/data/AOI_DL_data_0923/0423418017191/D0_C1090.jpg,D0_C1090.jpg,"(54, 27, 3)",0423418017191,C1090,C,0923
notdefect,/Users/zhangjiawei/Code/Micro-specialization/NVIDIA_CV_Inspection/data/AOI_DL_data_0923/0423418017196/D1_C1090.jpg,D1_C1090.jpg,"(53, 27, 3)",0423418017196,C1090,C,0923
notdefect,/Users/zhangjiawei/Code/Micro-specialization/NVIDIA_CV_Inspection/data/AOI_DL_data_0923/0423418017552/D1_C1090.jpg,D1_C1090.jpg,"(54, 27, 3)",0423418017552,C1090,C,0923
notdefect,/Users/zhangjiawei/Code/Micro-specialization/NVIDIA_CV_Inspection/data/AOI_DL_data_0923/0423418017304/D1_C1090.jpg,D1_C1090.jpg,"(54, 27, 3)",0423418017304,C1090,C,0923
notdefect,/Users/zhangjiawei/Code/Micro-specialization/NVIDIA_CV_Inspection/data/AOI_DL_data_0923/0423418017131/D1_C1090.jpg,D1_C1090.jpg,"(54, 27, 3)",0423418017131,C1090,C,0923
notdefect,/Users/zhangjiawei/Code/Micro-specialization/NVIDIA_CV_Inspection/data/AOI_DL_data_0923/0423418017597/D0_C1090.jpg,D0_C1090.jpg,"(54, 27, 3)",0423418017597,C1090,C,0923
notdefect,/Users/zhangjiawei/Code/Micro-specialization/NVIDIA_CV_Inspection/data/AOI_DL_data_0923/0423418017590/D1_C1090.jpg,D1_C1090.jpg,"(54, 27, 3)",0423418017590,C1090,C,0923
notdefect,/Users/zhangjiawei/Code/Micro-specialization/NVIDIA_CV_Inspection/data/AOI_DL_data_0923/0423418017332/D0_C1090.jpg,D0_C1090.jpg,"(54, 27, 3)",0423418017332,C1090,C,0923
notdefect,/Users/zhangjiawei/Code/Micro-specialization/NVIDIA_CV_Inspection/data/AOI_DL_data_0923/0423418017416/D0_C1090.jpg,D0_C1090.jpg,"(54, 27, 3)",0423418017416,C1090,C,0923
notdefect,/Users/zhangjiawei/Code/Micro-specialization/NVIDIA_CV_Inspection/data/AOI_DL_data_0923/0423418017278/D1_C1090.jpg,D1_C1090.jpg,"(53, 27, 3)",0423418017278,C1090,C,0923
notdefect,/Users/zhangjiawei/Code/Micro-specialization/NVIDIA_CV_Inspection/data/AOI_DL_data_0923/0423418017247/D0_C1090.jpg,D0_C1090.jpg,"(54, 27, 3)",0423418017247,C1090,C,0923
notdefect,/Users/zhangjiawei/Code/Micro-specialization/NVIDIA_CV_Inspection/data/AOI_DL_data_0923/0423418017418/D0_C1090.jpg,D0_C1090.jpg,"(54, 27, 3)",0423418017418,C1090,C,0923
notdefect,/Users/zhangjiawei/Code/Micro-specialization/NVIDIA_CV_Inspection/data/AOI_DL_data_0923/0423418017249/D0_C1090.jpg,D0_C1090.jpg,"(54, 27, 3)",0423418017249,C1090,C,0923
notdefect,/Users/zhangjiawei/Code/Micro-specialization/NVIDIA_CV_Inspection/data/AOI_DL_data_0923/0423418017420/D0_C1090.jpg,D0_C1090.jpg,"(54, 27, 3)",0423418017420,C1090,C,0923
notdefect,/Users/zhangjiawei/Code/Micro-specialization/NVIDIA_CV_Inspection/data/AOI_DL_data_0923/0423418017445/D0_C1090.jpg,D0_C1090.jpg,"(54, 27, 3)",0423418017445,C1090,C,0923
notdefect,/Users/zhangjiawei/Code/Micro-specialization/NVIDIA_CV_Inspection/data/AOI_DL_data_0923/0423418017248/D1_C1090.jpg,D1_C1090.jpg,"(53, 27, 3)",0423418017248,C1090,C,0923
notdefect,/Users/zhangjiawei/Code/Micro-specialization/NVIDIA_CV_Inspection/data/AOI_DL_data_0923/0423418017283/D0_C1090.jpg,D0_C1090.jpg,"(54, 27, 3)",0423418017283,C1090,C,0923
notdefect,/Users/zhangjiawei/Code/Micro-specialization/NVIDIA_CV_Inspection/data/AOI_DL_data_0923/0423418017277/D0_C1090.jpg,D0_C1090.jpg,"(54, 27, 3)",0423418017277,C1090,C,0923
notdefect,/Users/zhangjiawei/Code/Micro-specialization/NVIDIA_CV_Inspection/data/AOI_DL_data_0923/0423418017419/D1_C1090.jpg,D1_C1090.jpg,"(54, 27, 3)",0423418017419,C1090,C,0923
notdefect,/Users/zhangjiawei/Code/Micro-specialization/NVIDIA_CV_Inspection/data/AOI_DL_data_0923/0423418017284/D1_C1090.jpg,D1_C1090.jpg,"(53, 27, 3)",0423418017284,C1090,C,0923
notdefect,/Users/zhangjiawei/Code/Micro-specialization/NVIDIA_CV_Inspection/data/AOI_DL_data_0923/0423418017279/D0_C1090.jpg,D0_C1090.jpg,"(54, 27, 3)",0423418017279,C1090,C,0923
notdefect,/Users/zhangjiawei/Code/Micro-specialization/NVIDIA_CV_Inspection/data/AOI_DL_data_0923/0423418017417/D1_C1090.jpg,D1_C1090.jpg,"(53, 27, 3)",0423418017417,C1090,C,0923
notdefect,/Users/zhangjiawei/Code/Micro-specialization/NVIDIA_CV_Inspection/data/AOI_DL_data_0923/0423418017241/D0_C1090.jpg,D0_C1090.jpg,"(54, 27, 3)",0423418017241,C1090,C,0923
notdefect,/Users/zhangjiawei/Code/Micro-specialization/NVIDIA_CV_Inspection/data/AOI_DL_data_0923/0423418017444/D1_C162.jpg,D1_C162.jpg,"(22, 57, 3)",0423418017444,C162,C,0923
notdefect,/Users/zhangjiawei/Code/Micro-specialization/NVIDIA_CV_Inspection/data/AOI_DL_data_0923/0423418017665/D0_C1090.jpg,D0_C1090.jpg,"(54, 27, 3)",0423418017665,C1090,C,0923
notdefect,/Users/zhangjiawei/Code/Micro-specialization/NVIDIA_CV_Inspection/data/AOI_DL_data_0923/0423418017201/D0_C524.jpg,D0_C524.jpg,"(282, 208, 3)",0423418017201,C524,C,0923
notdefect,/Users/zhangjiawei/Code/Micro-specialization/NVIDIA_CV_Inspection/data/AOI_DL_data_0923/0423418017201/D0_C1090.jpg,D0_C1090.jpg,"(54, 27, 3)",0423418017201,C1090,C,0923
notdefect,/Users/zhangjiawei/Code/Micro-specialization/NVIDIA_CV_Inspection/data/AOI_DL_data_0923/0423418017297/D0_C1090.jpg,D0_C1090.jpg,"(54, 27, 3)",0423418017297,C1090,C,0923
notdefect,/Users/zhangjiawei/Code/Micro-specialization/NVIDIA_CV_Inspection/data/AOI_DL_data_0923/0423418017263/D0_C1090.jpg,D0_C1090.jpg,"(54, 27, 3)",0423418017263,C1090,C,0923
notdefect,/Users/zhangjiawei/Code/Micro-specialization/NVIDIA_CV_Inspection/data/AOI_DL_data_0923/0423418017435/D0_C1090.jpg,D0_C1090.jpg,"(54, 27, 3)",0423418017435,C1090,C,0923
notdefect,/Users/zhangjiawei/Code/Micro-specialization/NVIDIA_CV_Inspection/data/AOI_DL_data_0923/0423418017264/D1_C1090.jpg,D1_C1090.jpg,"(54, 27, 3)",0423418017264,C1090,C,0923
notdefect,/Users/zhangjiawei/Code/Micro-specialization/NVIDIA_CV_Inspection/data/AOI_DL_data_0923/0423418017290/D1_C1090.jpg,D1_C1090.jpg,"(54, 27, 3)",0423418017290,C1090,C,0923
notdefect,/Users/zhangjiawei/Code/Micro-specialization/NVIDIA_CV_Inspection/data/AOI_DL_data_0923/0423418017299/D0_C1090.jpg,D0_C1090.jpg,"(53, 27, 3)",0423418017299,C1090,C,0923
notdefect,/Users/zhangjiawei/Code/Micro-specialization/NVIDIA_CV_Inspection/data/AOI_DL_data_0923/0423418017255/D0_C1090.jpg,D0_C1090.jpg,"(54, 27, 3)",0423418017255,C1090,C,0923
notdefect,/Users/zhangjiawei/Code/Micro-specialization/NVIDIA_CV_Inspection/data/AOI_DL_data_0923/0423418017451/D0_C1090.jpg,D0_C1090.jpg,"(54, 27, 3)",0423418017451,C1090,C,0923
notdefect,/Users/zhangjiawei/Code/Micro-specialization/NVIDIA_CV_Inspection/data/AOI_DL_data_0923/0423418017469/D0_C1090.jpg,D0_C1090.jpg,"(53, 27, 3)",0423418017469,C1090,C,0923
notdefect,/Users/zhangjiawei/Code/Micro-specialization/NVIDIA_CV_Inspection/data/AOI_DL_data_0923/0423418017200/D1_C1090.jpg,D1_C1090.jpg,"(53, 27, 3)",0423418017200,C1090,C,0923
notdefect,/Users/zhangjiawei/Code/Micro-specialization/NVIDIA_CV_Inspection/data/AOI_DL_data_0923/0423418017254/D1_C1090.jpg,D1_C1090.jpg,"(54, 27, 3)",0423418017254,C1090,C,0923
notdefect,/Users/zhangjiawei/Code/Micro-specialization/NVIDIA_CV_Inspection/data/AOI_DL_data_0923/0423418017253/D0_C1090.jpg,D0_C1090.jpg,"(54, 27, 3)",0423418017253,C1090,C,0923
notdefect,/Users/zhangjiawei/Code/Micro-specialization/NVIDIA_CV_Inspection/data/AOI_DL_data_0923/0423418017298/D1_C524.jpg,D1_C524.jpg,"(282, 209, 3)",0423418017298,C524,C,0923
notdefect,/Users/zhangjiawei/Code/Micro-specialization/NVIDIA_CV_Inspection/data/AOI_DL_data_0923/0423418017298/D1_C1090.jpg,D1_C1090.jpg,"(54, 27, 3)",0423418017298,C1090,C,0923
notdefect,/Users/zhangjiawei/Code/Micro-specialization/NVIDIA_CV_Inspection/data/AOI_DL_data_0923/0423418017291/D0_C1090.jpg,D0_C1090.jpg,"(54, 27, 3)",0423418017291,C1090,C,0923
notdefect,/Users/zhangjiawei/Code/Micro-specialization/NVIDIA_CV_Inspection/data/AOI_DL_data_0923/0423418017433/D0_C1090.jpg,D0_C1090.jpg,"(54, 27, 3)",0423418017433,C1090,C,0923
notdefect,/Users/zhangjiawei/Code/Micro-specialization/NVIDIA_CV_Inspection/data/AOI_DL_data_0923/0423418017601/D0_C1090.jpg,D0_C1090.jpg,"(53, 27, 3)",0423418017601,C1090,C,0923
notdefect,/Users/zhangjiawei/Code/Micro-specialization/NVIDIA_CV_Inspection/data/AOI_DL_data_0923/0423418017265/D0_C1090.jpg,D0_C1090.jpg,"(54, 27, 3)",0423418017265,C1090,C,0923
notdefect,/Users/zhangjiawei/Code/Micro-specialization/NVIDIA_CV_Inspection/data/AOI_DL_data_0923/0423418017296/D1_C1090.jpg,D1_C1090.jpg,"(54, 27, 3)",0423418017296,C1090,C,0923
notdefect,/Users/zhangjiawei/Code/Micro-specialization/NVIDIA_CV_Inspection/data/AOI_DL_data_0923/0423418017546/D1_C1090.jpg,D1_C1090.jpg,"(54, 27, 3)",0423418017546,C1090,C,0923
notdefect,/Users/zhangjiawei/Code/Micro-specialization/NVIDIA_CV_Inspection/data/AOI_DL_data_0923/0423418017122/D0_C1090.jpg,D0_C1090.jpg,"(54, 27, 3)",0423418017122,C1090,C,0923
notdefect,/Users/zhangjiawei/Code/Micro-specialization/NVIDIA_CV_Inspection/data/AOI_DL_data_0923/0423418017310/D1_C1090.jpg,D1_C1090.jpg,"(54, 27, 3)",0423418017310,C1090,C,0923
notdefect,/Users/zhangjiawei/Code/Micro-specialization/NVIDIA_CV_Inspection/data/AOI_DL_data_0923/0423418017328/D1_C1090.jpg,D1_C1090.jpg,"(54, 27, 3)",0423418017328,C1090,C,0923
notdefect,/Users/zhangjiawei/Code/Micro-specialization/NVIDIA_CV_Inspection/data/AOI_DL_data_0923/0423418017541/D0_C1090.jpg,D0_C1090.jpg,"(54, 27, 3)",0423418017541,C1090,C,0923
notdefect,/Users/zhangjiawei/Code/Micro-specialization/NVIDIA_CV_Inspection/data/AOI_DL_data_0923/0423418017321/D0_C1090.jpg,D0_C1090.jpg,"(54, 27, 3)",0423418017321,C1090,C,0923
notdefect,/Users/zhangjiawei/Code/Micro-specialization/NVIDIA_CV_Inspection/data/AOI_DL_data_0923/0423418017321/D0_C48.jpg,D0_C48.jpg,"(94, 175, 3)",0423418017321,C48,C,0923
notdefect,/Users/zhangjiawei/Code/Micro-specialization/NVIDIA_CV_Inspection/data/AOI_DL_data_0923/0423418017319/D0_C1090.jpg,D0_C1090.jpg,"(54, 27, 3)",0423418017319,C1090,C,0923
notdefect,/Users/zhangjiawei/Code/Micro-specialization/NVIDIA_CV_Inspection/data/AOI_DL_data_0923/0423418017171/D0_C1090.jpg,D0_C1090.jpg,"(54, 27, 3)",0423418017171,C1090,C,0923
notdefect,/Users/zhangjiawei/Code/Micro-specialization/NVIDIA_CV_Inspection/data/AOI_DL_data_0923/0423418017515/D0_C1090.jpg,D0_C1090.jpg,"(54, 27, 3)",0423418017515,C1090,C,0923
notdefect,/Users/zhangjiawei/Code/Micro-specialization/NVIDIA_CV_Inspection/data/AOI_DL_data_0923/0423418017185/D0_C1090.jpg,D0_C1090.jpg,"(54, 27, 3)",0423418017185,C1090,C,0923
notdefect,/Users/zhangjiawei/Code/Micro-specialization/NVIDIA_CV_Inspection/data/AOI_DL_data_0923/0423418017182/D1_C1090.jpg,D1_C1090.jpg,"(54, 27, 3)",0423418017182,C1090,C,0923
notdefect,/Users/zhangjiawei/Code/Micro-specialization/NVIDIA_CV_Inspection/data/AOI_DL_data_0923/0423418017149/D1_C1090.jpg,D1_C1090.jpg,"(54, 27, 3)",0423418017149,C1090,C,0923
notdefect,/Users/zhangjiawei/Code/Micro-specialization/NVIDIA_CV_Inspection/data/AOI_DL_data_0923/0423418017327/D0_C1090.jpg,D0_C1090.jpg,"(54, 27, 3)",0423418017327,C1090,C,0923
notdefect,/Users/zhangjiawei/Code/Micro-specialization/NVIDIA_CV_Inspection/data/AOI_DL_data_0923/0423418017571/D0_C1090.jpg,D0_C1090.jpg,"(54, 27, 3)",0423418017571,C1090,C,0923
notdefect,/Users/zhangjiawei/Code/Micro-specialization/NVIDIA_CV_Inspection/data/AOI_DL_data_0923/0423418017585/D0_C1090.jpg,D0_C1090.jpg,"(54, 27, 3)",0423418017585,C1090,C,0923
notdefect,/Users/zhangjiawei/Code/Micro-specialization/NVIDIA_CV_Inspection/data/AOI_DL_data_0923/0423418017576/D1_C1090.jpg,D1_C1090.jpg,"(53, 27, 3)",0423418017576,C1090,C,0923
notdefect,/Users/zhangjiawei/Code/Micro-specialization/NVIDIA_CV_Inspection/data/AOI_DL_data_0923/0423418017311/D0_C1090.jpg,D0_C1090.jpg,"(54, 27, 3)",0423418017311,C1090,C,0923
notdefect,/Users/zhangjiawei/Code/Micro-specialization/NVIDIA_CV_Inspection/data/AOI_DL_data_0923/0423418017123/D1_C1090.jpg,D1_C1090.jpg,"(53, 27, 3)",0423418017123,C1090,C,0923
notdefect,/Users/zhangjiawei/Code/Micro-specialization/NVIDIA_CV_Inspection/data/AOI_DL_data_0923/0423418017148/D0_C524.jpg,D0_C524.jpg,"(281, 209, 3)",0423418017148,C524,C,0923
notdefect,/Users/zhangjiawei/Code/Micro-specialization/NVIDIA_CV_Inspection/data/AOI_DL_data_0923/0423418017148/D0_C1090.jpg,D0_C1090.jpg,"(54, 27, 3)",0423418017148,C1090,C,0923
notdefect,/Users/zhangjiawei/Code/Micro-specialization/NVIDIA_CV_Inspection/data/AOI_DL_data_0923/0423418017184/D1_C1090.jpg,D1_C1090.jpg,"(54, 27, 3)",0423418017184,C1090,C,0923
notdefect,/Users/zhangjiawei/Code/Micro-specialization/NVIDIA_CV_Inspection/data/AOI_DL_data_0923/0423418017179/D0_C1090.jpg,D0_C1090.jpg,"(54, 27, 3)",0423418017179,C1090,C,0923
notdefect,/Users/zhangjiawei/Code/Micro-specialization/NVIDIA_CV_Inspection/data/AOI_DL_data_1007/0423718048133/D0_C46.jpg,D0_C46.jpg,"(131, 53, 3)",0423718048133,C46,C,1007
notdefect,/Users/zhangjiawei/Code/Micro-specialization/NVIDIA_CV_Inspection/data/AOI_DL_data_1007/0423718047370/D0_C1087.jpg,D0_C1087.jpg,"(131, 53, 3)",0423718047370,C1087,C,1007
notdefect,/Users/zhangjiawei/Code/Micro-specialization/NVIDIA_CV_Inspection/data/AOI_DL_data_1007/0423618042748/D0_C208.jpg,D0_C208.jpg,"(130, 53, 3)",0423618042748,C208,C,1007
notdefect,/Users/zhangjiawei/Code/Micro-specialization/NVIDIA_CV_Inspection/data/AOI_DL_data_1007/0423718010137/D1_C815.jpg,D1_C815.jpg,"(81, 205, 3)",0423718010137,C815,C,1007
notdefect,/Users/zhangjiawei/Code/Micro-specialization/NVIDIA_CV_Inspection/data/AOI_DL_data_1007/0423718048675/D0_C1088.jpg,D0_C1088.jpg,"(131, 53, 3)",0423718048675,C1088,C,1007
notdefect,/Users/zhangjiawei/Code/Micro-specialization/NVIDIA_CV_Inspection/data/AOI_DL_data_1007/0423718050028/D1_C511.jpg,D1_C511.jpg,"(312, 421, 3)",0423718050028,C511,C,1007
notdefect,/Users/zhangjiawei/Code/Micro-specialization/NVIDIA_CV_Inspection/data/AOI_DL_data_1007/0423618064552/D0_C815.jpg,D0_C815.jpg,"(81, 205, 3)",0423618064552,C815,C,1007
notdefect,/Users/zhangjiawei/Code/Micro-specialization/NVIDIA_CV_Inspection/data/AOI_DL_data_1007/0423718049731/D1_C527.jpg,D1_C527.jpg,"(130, 51, 3)",0423718049731,C527,C,1007
notdefect,/Users/zhangjiawei/Code/Micro-specialization/NVIDIA_CV_Inspection/data/AOI_DL_data_1007/0423718049731/D1_C3.jpg,D1_C3.jpg,"(101, 209, 3)",0423718049731,C3,C,1007
notdefect,/Users/zhangjiawei/Code/Micro-specialization/NVIDIA_CV_Inspection/data/AOI_DL_data_1007/0423718049731/D1_C830.jpg,D1_C830.jpg,"(82, 204, 3)",0423718049731,C830,C,1007
notdefect,/Users/zhangjiawei/Code/Micro-specialization/NVIDIA_CV_Inspection/data/AOI_DL_data_1007/0423718049736/D0_C525.jpg,D0_C525.jpg,"(51, 130, 3)",0423718049736,C525,C,1007
notdefect,/Users/zhangjiawei/Code/Micro-specialization/NVIDIA_CV_Inspection/data/AOI_DL_data_1007/0423718049983/D0_C530.jpg,D0_C530.jpg,"(310, 408, 3)",0423718049983,C530,C,1007
notdefect,/Users/zhangjiawei/Code/Micro-specialization/NVIDIA_CV_Inspection/data/AOI_DL_data_1007/0423718049979/D0_C830.jpg,D0_C830.jpg,"(82, 205, 3)",0423718049979,C830,C,1007
notdefect,/Users/zhangjiawei/Code/Micro-specialization/NVIDIA_CV_Inspection/data/AOI_DL_data_1007/0423718049946/D1_C815.jpg,D1_C815.jpg,"(82, 204, 3)",0423718049946,C815,C,1007
notdefect,/Users/zhangjiawei/Code/Micro-specialization/NVIDIA_CV_Inspection/data/AOI_DL_data_1007/0423718043425/D0_C815.jpg,D0_C815.jpg,"(81, 205, 3)",0423718043425,C815,C,1007
defect,/Users/zhangjiawei/Code/Micro-specialization/NVIDIA_CV_Inspection/data/AOI_DL_data_1007/0424018020930/D1_C108.jpg,D1_C108.jpg,"(60, 132, 3)",0424018020930,C108,C,1007
defect,/Users/zhangjiawei/Code/Micro-specialization/NVIDIA_CV_Inspection/data/AOI_DL_data_1007/0424018020930/D1_C1087.jpg,D1_C1087.jpg,"(131, 53, 3)",0424018020930,C1087,C,1007
notdefect,/Users/zhangjiawei/Code/Micro-specialization/NVIDIA_CV_Inspection/data/AOI_DL_data_1007/0423718043422/D1_C46.jpg,D1_C46.jpg,"(131, 54, 3)",0423718043422,C46,C,1007
notdefect,/Users/zhangjiawei/Code/Micro-specialization/NVIDIA_CV_Inspection/data/AOI_DL_data_1007/0423718049770/D0_C16.jpg,D0_C16.jpg,"(209, 101, 3)",0423718049770,C16,C,1007
notdefect,/Users/zhangjiawei/Code/Micro-specialization/NVIDIA_CV_Inspection/data/AOI_DL_data_1007/0423718049859/D1_C15.jpg,D1_C15.jpg,"(209, 101, 3)",0423718049859,C15,C,1007
notdefect,/Users/zhangjiawei/Code/Micro-specialization/NVIDIA_CV_Inspection/data/AOI_DL_data_1007/0423718049859/D1_C830.jpg,D1_C830.jpg,"(82, 204, 3)",0423718049859,C830,C,1007
notdefect,/Users/zhangjiawei/Code/Micro-specialization/NVIDIA_CV_Inspection/data/AOI_DL_data_1007/0423718047738/D0_C46.jpg,D0_C46.jpg,"(131, 54, 3)",0423718047738,C46,C,1007
notdefect,/Users/zhangjiawei/Code/Micro-specialization/NVIDIA_CV_Inspection/data/AOI_DL_data_1007/0423718015988/D0_C17.jpg,D0_C17.jpg,"(50, 125, 3)",0423718015988,C17,C,1007
defect,/Users/zhangjiawei/Code/Micro-specialization/NVIDIA_CV_Inspection/data/AOI_DL_data_1007/0424018019795/D0_C211.jpg,D0_C211.jpg,"(57, 119, 3)",0424018019795,C211,C,1007
notdefect,/Users/zhangjiawei/Code/Micro-specialization/NVIDIA_CV_Inspection/data/AOI_DL_data_1007/0423718016192/D0_C815.jpg,D0_C815.jpg,"(81, 205, 3)",0423718016192,C815,C,1007
notdefect,/Users/zhangjiawei/Code/Micro-specialization/NVIDIA_CV_Inspection/data/AOI_DL_data_1007/0423718048740/D1_C527.jpg,D1_C527.jpg,"(130, 51, 3)",0423718048740,C527,C,1007
notdefect,/Users/zhangjiawei/Code/Micro-specialization/NVIDIA_CV_Inspection/data/AOI_DL_data_1007/0423718048740/D1_C525.jpg,D1_C525.jpg,"(51, 130, 3)",0423718048740,C525,C,1007
notdefect,/Users/zhangjiawei/Code/Micro-specialization/NVIDIA_CV_Inspection/data/AOI_DL_data_1007/0423718048740/D1_C206.jpg,D1_C206.jpg,"(54, 131, 3)",0423718048740,C206,C,1007
notdefect,/Users/zhangjiawei/Code/Micro-specialization/NVIDIA_CV_Inspection/data/AOI_DL_data_1007/0423718047739/D1_C50.jpg,D1_C50.jpg,"(129, 51, 3)",0423718047739,C50,C,1007
notdefect,/Users/zhangjiawei/Code/Micro-specialization/NVIDIA_CV_Inspection/data/AOI_DL_data_1007/0423718047739/D1_C527.jpg,D1_C527.jpg,"(129, 51, 3)",0423718047739,C527,C,1007
notdefect,/Users/zhangjiawei/Code/Micro-specialization/NVIDIA_CV_Inspection/data/AOI_DL_data_1007/0423718049870/D0_C531.jpg,D0_C531.jpg,"(407, 309, 3)",0423718049870,C531,C,1007
notdefect,/Users/zhangjiawei/Code/Micro-specialization/NVIDIA_CV_Inspection/data/AOI_DL_data_1007/0423718049870/D0_C9.jpg,D0_C9.jpg,"(101, 209, 3)",0423718049870,C9,C,1007
notdefect,/Users/zhangjiawei/Code/Micro-specialization/NVIDIA_CV_Inspection/data/AOI_DL_data_1007/0423718049870/D0_C830.jpg,D0_C830.jpg,"(81, 205, 3)",0423718049870,C830,C,1007
defect,/Users/zhangjiawei/Code/Micro-specialization/NVIDIA_CV_Inspection/data/AOI_DL_data_1007/0423918033804/D1_C514.jpg,D1_C514.jpg,"(51, 130, 3)",0423918033804,C514,C,1007
notdefect,/Users/zhangjiawei/Code/Micro-specialization/NVIDIA_CV_Inspection/data/AOI_DL_data_1007/0423718044398/D1_C1088.jpg,D1_C1088.jpg,"(131, 53, 3)",0423718044398,C1088,C,1007
notdefect,/Users/zhangjiawei/Code/Micro-specialization/NVIDIA_CV_Inspection/data/AOI_DL_data_1007/0423718049760/D0_C525.jpg,D0_C525.jpg,"(51, 129, 3)",0423718049760,C525,C,1007
notdefect,/Users/zhangjiawei/Code/Micro-specialization/NVIDIA_CV_Inspection/data/AOI_DL_data_1007/0423718049760/D0_C830.jpg,D0_C830.jpg,"(82, 204, 3)",0423718049760,C830,C,1007
notdefect,/Users/zhangjiawei/Code/Micro-specialization/NVIDIA_CV_Inspection/data/AOI_DL_data_1007/0423718045192/D1_C1087.jpg,D1_C1087.jpg,"(131, 53, 3)",0423718045192,C1087,C,1007
notdefect,/Users/zhangjiawei/Code/Micro-specialization/NVIDIA_CV_Inspection/data/AOI_DL_data_1007/0423718016652/D1_C46.jpg,D1_C46.jpg,"(131, 53, 3)",0423718016652,C46,C,1007
notdefect,/Users/zhangjiawei/Code/Micro-specialization/NVIDIA_CV_Inspection/data/AOI_DL_data_1007/0423718049902/D0_C46.jpg,D0_C46.jpg,"(131, 54, 3)",0423718049902,C46,C,1007
notdefect,/Users/zhangjiawei/Code/Micro-specialization/NVIDIA_CV_Inspection/data/AOI_DL_data_1007/0423618066034/D1_C46.jpg,D1_C46.jpg,"(131, 54, 3)",0423618066034,C46,C,1007
notdefect,/Users/zhangjiawei/Code/Micro-specialization/NVIDIA_CV_Inspection/data/AOI_DL_data_1007/0423718049743/D1_C50.jpg,D1_C50.jpg,"(129, 50, 3)",0423718049743,C50,C,1007
notdefect,/Users/zhangjiawei/Code/Micro-specialization/NVIDIA_CV_Inspection/data/AOI_DL_data_1007/0423718043417/D0_C46.jpg,D0_C46.jpg,"(130, 54, 3)",0423718043417,C46,C,1007
notdefect,/Users/zhangjiawei/Code/Micro-specialization/NVIDIA_CV_Inspection/data/AOI_DL_data_1007/0423718043421/D0_C527.jpg,D0_C527.jpg,"(130, 51, 3)",0423718043421,C527,C,1007
notdefect,/Users/zhangjiawei/Code/Micro-specialization/NVIDIA_CV_Inspection/data/AOI_DL_data_1007/0423718045172/D0_C46.jpg,D0_C46.jpg,"(131, 53, 3)",0423718045172,C46,C,1007
notdefect,/Users/zhangjiawei/Code/Micro-specialization/NVIDIA_CV_Inspection/data/AOI_DL_data_1007/0423718043427/D1_C531.jpg,D1_C531.jpg,"(407, 309, 3)",0423718043427,C531,C,1007
notdefect,/Users/zhangjiawei/Code/Micro-specialization/NVIDIA_CV_Inspection/data/AOI_DL_data_1007/0423718049831/D1_C1088.jpg,D1_C1088.jpg,"(131, 53, 3)",0423718049831,C1088,C,1007
notdefect,/Users/zhangjiawei/Code/Micro-specialization/NVIDIA_CV_Inspection/data/AOI_DL_data_1007/0423718049865/D1_C830.jpg,D1_C830.jpg,"(82, 204, 3)",0423718049865,C830,C,1007
notdefect,/Users/zhangjiawei/Code/Micro-specialization/NVIDIA_CV_Inspection/data/AOI_DL_data_1007/0423718049891/D1_C527.jpg,D1_C527.jpg,"(129, 51, 3)",0423718049891,C527,C,1007
notdefect,/Users/zhangjiawei/Code/Micro-specialization/NVIDIA_CV_Inspection/data/AOI_DL_data_1007/0423718048320/D0_C46.jpg,D0_C46.jpg,"(131, 53, 3)",0423718048320,C46,C,1007
notdefect,/Users/zhangjiawei/Code/Micro-specialization/NVIDIA_CV_Inspection/data/AOI_DL_data_1007/0423718008653/D0_C46.jpg,D0_C46.jpg,"(131, 53, 3)",0423718008653,C46,C,1007
